date,temperature_mean_c,temperature_max_c,temperature_min_c,relative_humidity_pct,precipitation_mm,wind_speed_10m_m_s,surface_pressure_hpa,shortwave_radiation_mean_w_m2,available_weather_hours,wind_direction_10m_deg,surface_pressure_kpa,shortwave_radiation_kwh_m2_day,weather_data_status,pm25_ug_m3,month,day_of_week,day_of_year,wet_season,month_sin,month_cos,day_of_week_sin,day_of_week_cos,day_of_year_sin,day_of_year_cos,wind_direction_sin,wind_direction_cos,pm25_lag_1,pm25_lag_2,pm25_lag_3,pm25_lag_7,pm25_lag_14,pm25_rolling_mean_3,pm25_rolling_std_3,pm25_rolling_mean_7,pm25_rolling_std_7,pm25_rolling_mean_14,pm25_rolling_std_14,pm25_previous_day_change,pm25_3day_vs_14day,target_pm25_ug_m3
2022-01-01,25.15416666666667,30.6,22.9,93.54166666666669,19.3,0.9783333333333334,999.7708333333334,175.125,24,280.9651898574549,99.97708333333334,4.203,Complete,3.840192,1,5,1,1,0.49999999999999994,0.8660254037844387,-0.9749279121818236,-0.2225209339563146,0.017201575418260506,0.9998520419557735,-0.9817429285824724,0.19021257103122943,,,,,,,,,,,,,,3.840192
2022-01-02,24.791666666666668,28.9,22.3,93.625,9.4,0.9575,997.025,311.5833333333333,24,208.91970746299705,99.7025,7.478,Complete,4.0177817,1,6,2,1,0.49999999999999994,0.8660254037844387,-0.7818314824680299,0.6234898018587334,0.03439806061360801,0.9994082116062598,-0.4835834795415535,-0.8752982453509683,3.840192,,,,,,,,,,,,,4.0177817
2022-01-03,25.258333333333336,28.3,23.3,92.41666666666669,9.6,1.4108333333333334,995.3083333333334,320.125,24,181.86662871502296,99.53083333333332,7.683,Complete,7.7806277,1,0,3,1,0.49999999999999994,0.8660254037844387,0.0,1.0,0.051584366869408364,0.9986686402879997,-0.03257305421483659,-0.9994693572787098,4.0177817,3.840192,,,,,,,,,,0.17758969999999952,,7.7806277
2022-01-04,25.95833333333333,30.5,22.7,82.54166666666667,0.0,1.3458333333333332,996.775,317.9583333333333,24,182.74643320333172,99.6775,7.631,Complete,8.237435,1,1,4,1,0.49999999999999994,0.8660254037844387,0.7818314824680298,0.6234898018587336,0.06875540848113941,0.9976335468520451,-0.04791594777344967,-0.9988513713005414,7.7806277,4.0177817,3.840192,,,5.212867133333333,2.22551797817559,,,,,3.7628460000000006,,8.237435
2022-01-05,25.55,30.8,21.8,84.33333333333333,0.3,1.2970833333333334,999.2666666666668,278.8333333333333,24,10.03620382070094,99.92666666666668,6.692,Complete,10.707261,1,2,5,1,0.49999999999999994,0.8660254037844387,0.9749279121818236,-0.22252093395631434,0.08590610426133272,0.9963032375991965,0.17427041921822298,0.9846978323249751,8.237435,7.7806277,4.0177817,,,6.678614800000001,2.3156409084473855,,,,,0.45680729999999947,,10.707261
2022-01-06,24.15416666666667,26.3,22.6,97.0,17.5,1.4370833333333335,1000.6458333333334,84.20833333333333,24,20.646533281221004,100.06458333333332,2.021,Complete,5.1601744,1,3,6,1,0.49999999999999994,0.8660254037844387,0.43388373911755823,-0.900968867902419,0.10303137904317879,0.9946781061893646,0.3526017614308996,0.9357734757065018,10.707261,8.237435,7.7806277,,,8.908441233333333,1.5744785301954325,,,,,2.469826000000001,,5.1601744
2022-01-07,24.25,26.6,23.0,95.66666666666669,15.4,2.1666666666666665,1000.9125,47.458333333333336,24,17.56254065842939,100.09125,1.139,Complete,6.243326,1,4,7,1,0.49999999999999994,0.8660254037844387,-0.433883739117558,-0.9009688679024191,0.1201261651823505,0.9927586335250793,0.3017466407456224,0.9533881501249805,5.1601744,10.707261,8.237435,,,8.0349568,2.7790808737928674,,,,,-5.547086600000001,,6.243326
2022-01-08,23.65833333333333,27.1,22.5,94.83333333333331,10.8,2.7120833333333336,1001.1,39.29166666666666,24,6.092939494020343,100.11,0.943,Complete,6.7394695,1,5,8,1,0.49999999999999994,0.8660254037844387,-0.9749279121818236,-0.2225209339563146,0.13718540405660057,0.9905453876091833,0.10614153918342394,0.9943510314068034,6.243326,5.1601744,10.707261,3.840192,,7.3702538,2.9402409997795296,6.569542542857143,2.497428014207627,,,1.0831515999999999,,6.7394695
2022-01-09,23.02083333333333,23.7,22.3,96.33333333333331,54.1,4.442083333333334,998.1541666666668,26.75,24,18.75815365147046,99.81541666666666,0.642,Complete,8.119336,1,6,9,1,0.49999999999999994,0.8660254037844387,-0.7818314824680299,0.6234898018587334,0.1542040475626894,0.988039023376751,0.3215742178415571,0.9468843764787709,6.7394695,6.243326,5.1601744,4.0177817,,6.047656633333333,0.807624992809043,6.983725042857143,2.1909499803631527,,,0.4961435000000005,,8.119336
2022-01-10,24.9,27.1,23.7,91.75,67.6,4.611666666666667,994.9166666666666,85.91666666666667,24,358.1674940366259,99.49166666666666,2.062,Complete,6.284239,1,0,10,1,0.49999999999999994,0.8660254037844387,0.0,1.0,0.17117705961019986,0.985240282501282,-0.0319778101339136,0.9994885790538276,8.119336,6.7394695,6.243326,7.7806277,,7.034043833333334,0.972077110325661,7.569661371428571,1.774406640903082,,,1.3798665000000003,,6.284239
2022-01-11,25.316666666666663,27.7,22.9,92.79166666666669,13.4,2.837916666666666,997.75,218.20833333333331,24,10.4607151689104,99.775,5.237,Complete,7.385644,1,1,11,1,0.49999999999999994,0.8660254037844387,0.7818314824680298,0.6234898018587336,0.18809941761179758,0.9821499931752291,0.18156131432724604,0.9833796261565332,6.284239,8.119336,6.7394695,8.237435,,7.0476815,0.9555842336289635,7.355891557142857,1.8338954309686277,,,-1.8350970000000002,,7.385644
2022-01-12,26.35,31.6,22.9,85.08333333333333,0.0,2.0475,998.9916666666668,280.25,24,4.539229360464852,99.89916666666667,6.726,Complete,6.3540354,1,2,12,1,0.49999999999999994,0.8660254037844387,0.9749279121818236,-0.22252093395631434,0.20496611396949532,0.9787690698649216,0.07914164814313303,0.9968633805738821,7.385644,6.284239,8.119336,10.707261,,7.263073000000001,0.9236682236512218,7.234207128571429,1.793467376131122,,,1.1014049999999997,,6.3540354
2022-01-13,26.17083333333333,31.3,22.9,85.29166666666667,0.7,1.7054166666666666,998.5041666666666,233.125,24,336.9965598658281,99.85041666666666,5.595,Complete,5.794746,1,3,13,1,0.49999999999999994,0.8660254037844387,0.43388373911755823,-0.900968867902419,0.22177215755648186,0.975098513039961,-0.3907863964317599,0.9204813916445457,6.3540354,7.385644,6.284239,5.1601744,,6.674639466666666,0.6167361422672233,6.612317757142857,0.9402593366850586,,,-1.0316086000000002,,5.794746
2022-01-14,25.725,33.3,21.9,87.29166666666667,5.2,1.3666666666666665,998.1208333333334,307.4166666666667,24,279.8664594229548,99.81208333333332,7.378,Complete,6.866806,1,4,14,1,0.49999999999999994,0.8660254037844387,-0.433883739117558,-0.9009688679024191,0.23851257519407648,0.9711394088771653,-0.9852098035358504,0.17135239425479606,5.794746,6.3540354,7.385644,6.243326,,6.511475133333334,0.8070499140852795,6.702970842857143,0.7965240209892647,,,-0.5592893999999999,,6.866806
2022-01-15,25.2875,30.4,22.3,89.91666666666667,6.2,1.3691666666666666,998.9291666666668,303.4166666666667,24,245.7357933894113,99.89291666666666,7.282,Complete,9.282445,1,5,15,1,0.49999999999999994,0.8660254037844387,-0.9749279121818236,-0.2225209339563146,0.2551824131233728,0.9668929289391521,-0.9116601769359802,-0.41094491332666144,6.866806,5.794746,6.3540354,6.7394695,3.840192,6.338529133333334,0.5361981854962371,6.792039414285715,0.7710100734657549,6.680790978571429,1.779431333524898,1.0720600000000005,-0.3422618452380952,9.282445
2022-01-16,23.9125,27.4,22.3,94.54166666666669,10.3,1.02875,999.9291666666668,139.125,24,243.20228436178223,99.99291666666667,3.339,Complete,7.714995,1,6,16,1,0.49999999999999994,0.8660254037844387,-0.7818314824680299,0.6234898018587334,0.2717767384711357,0.9623603298276545,-0.8926037940654086,-0.450841953260827,9.282445,6.866806,5.794746,8.119336,4.0177817,7.3146656666666665,1.7864615275511344,7.1553216285714285,1.2139658023237037,7.069523335714286,1.7039977332232392,2.4156389999999988,0.24514233095238058,7.714995
2022-01-17,23.10833333333333,24.4,22.4,98.0,29.7,1.1541666666666666,999.7625,30.625,24,215.79201972578184,99.97625,0.735,Complete,9.3758955,1,0,17,1,0.49999999999999994,0.8660254037844387,0.0,1.0,0.2882906407095177,0.9575429528116719,-0.5848447026738808,-0.8111452852321217,7.714995,9.282445,6.866806,6.284239,7.7806277,7.954748666666667,1.2255363356874944,7.097558628571428,1.1692470825600407,7.33361,1.4642937258803457,-1.5674499999999991,0.621138666666667,9.3758955
2022-01-18,25.004166666666663,27.4,23.3,96.54166666666669,27.5,0.92,998.4166666666666,246.375,24,66.35531191434595,99.84166666666668,5.913,Complete,8.757695,1,1,18,1,0.49999999999999994,0.8660254037844387,0.7818314824680298,0.6234898018587336,0.3047192331091634,0.9524422234305676,0.9160501969472331,0.401063631700676,9.3758955,7.714995,9.282445,7.385644,8.237435,8.791111833333334,0.9331151205639515,7.539223842857142,1.3763893218231085,7.4475577,1.560654636958626,1.6609005000000003,1.3435541333333338,8.757695
2022-01-19,25.5,28.5,23.1,93.95833333333331,7.8,1.2270833333333333,998.4541666666668,312.0416666666667,24,46.46640482788784,99.84541666666668,7.489,Complete,6.9900208,1,2,19,1,0.49999999999999994,0.8660254037844387,0.9749279121818236,-0.22252093395631434,0.321057654185271,0.9470596510722283,0.7249706321387487,0.6887797779670533,8.757695,9.3758955,7.714995,6.3540354,10.707261,8.616195166666666,0.8394428329851173,7.735231128571429,1.4467687324780882,7.484719128571428,1.586883196640834,-0.6182005000000004,1.1314760380952373,6.9900208
2022-01-20,26.433333333333334,31.5,22.6,86.0,2.0,1.2716666666666667,998.5458333333332,342.4166666666667,24,22.87796691647658,99.85458333333332,8.218,Complete,3.4508646,1,3,20,1,0.49999999999999994,0.8660254037844387,0.43388373911755823,-0.900968867902419,0.3373010691361842,0.9413968285264122,0.3887696796661499,0.9213349750076132,6.9900208,8.757695,9.3758955,5.794746,5.1601744,8.3745371,1.2382273633199716,7.826086185714286,1.3631270969712792,7.2192019714285705,1.289291305330576,-1.7676742,1.155335128571429,3.4508646
2022-01-21,26.166666666666668,29.5,23.4,89.25,2.0,1.3841666666666663,1000.0541666666668,257.3333333333333,24,33.07452812093512,100.00541666666666,6.176,Complete,6.839592,1,4,21,1,0.49999999999999994,0.8660254037844387,-0.433883739117558,-0.9009688679024191,0.3534446712740877,0.9354554315134164,0.5457294839952814,0.8379614133707135,3.4508646,6.9900208,8.757695,6.866806,6.243326,6.3995268,2.702244362861741,7.4912459857142855,2.056699951874129,7.097108414285715,1.5532004972679494,-3.5391562,-0.6975816142857143,6.839592
2022-01-22,26.566666666666663,30.9,23.4,87.04166666666667,2.8,1.6266666666666667,1001.025,338.375,24,47.34236360442266,100.1025,8.121,Complete,9.327085,1,5,22,1,0.49999999999999994,0.8660254037844387,-0.9749279121818236,-0.2225209339563146,0.3694836834473831,0.9292372181882051,0.7354158148864973,0.6776161001738589,6.839592,3.4508646,6.9900208,9.282445,6.7394695,5.760159133333333,2.00132159765236,7.487358271428571,2.0581022801485576,7.139698842857142,1.5360686149907479,3.3887273999999996,-1.3795397095238098,9.327085
2022-01-23,26.204166666666666,30.2,23.1,85.20833333333333,1.2,1.4183333333333332,1000.5708333333332,277.2916666666667,24,56.44932663716126,100.05708333333334,6.655,Complete,7.1741724,1,6,23,1,0.49999999999999994,0.8660254037844387,-0.7818314824680299,0.6234898018587334,0.38541335945432564,0.9227440286201427,0.8333973535344897,0.552674272172777,9.327085,6.839592,3.4508646,7.714995,8.119336,6.539180533333333,2.9496062168233013,7.493735414285714,2.064650227455241,7.324528521428571,1.6365957821019268,2.4874930000000006,-0.7853479880952383,7.1741724
2022-01-24,25.604166666666668,29.7,22.1,85.5,0.6000000000000001,1.4195833333333334,1000.6958333333332,232.875,24,46.35462930274759,100.06958333333333,5.589,Complete,4.461782,1,0,24,1,0.49999999999999994,0.8660254037844387,0.0,1.0,0.4012289854475009,0.9159777842484877,0.7236255467627378,0.6901927760215466,7.1741724,9.327085,6.839592,9.3758955,6.284239,7.7802831333333335,1.349975193127139,7.416475042857144,2.065109518131416,7.257016835714285,1.6207043399817969,-2.1529126000000005,0.523266297619049,4.461782
2022-01-25,25.98333333333333,31.2,21.6,83.70833333333333,0.3,1.7333333333333334,1001.3375,332.25,24,22.63622107313013,100.13375,7.974,Complete,5.0770836,1,1,25,1,0.49999999999999994,0.8660254037844387,0.7818314824680298,0.6234898018587336,0.4169258813287287,0.908940487313808,0.3848788780808763,0.922967089991407,4.461782,7.1741724,9.327085,8.757695,7.385644,6.9876797999999996,2.4380069601712235,6.71445882857143,2.122465509144963,7.126841335714285,1.7710638929358904,-2.7123903999999994,-0.13916153571428502,5.0770836
2022-01-26,26.775,31.6,23.6,84.5,2.6,1.83125,1001.7541666666666,336.5416666666667,24,51.057667944580416,100.17541666666666,8.077,Complete,4.3239617,1,2,26,1,0.49999999999999994,0.8660254037844387,0.9749279121818236,-0.22252093395631434,0.4324994021339788,0.901634220265486,0.7777789758580199,0.6285378785031572,5.0770836,4.461782,7.1741724,6.9900208,6.3540354,5.571012666666667,1.422054802979379,6.1886572,1.9832662934204686,6.961944164285714,1.8507904328700535,0.6153015999999996,-1.3909314976190466,4.3239617
2022-01-27,26.933333333333334,31.2,23.2,82.20833333333333,0.5,1.4854166666666666,1001.9708333333332,318.5833333333333,24,46.92839225974605,100.19708333333332,7.646,Complete,4.8072977,1,3,27,1,0.49999999999999994,0.8660254037844387,0.43388373911755823,-0.900968867902419,0.44794493940789115,0.8940611451454876,0.7305007753607675,0.682911866346835,4.3239617,5.0770836,4.461782,3.4508646,5.794746,4.620942433333333,0.40099523902296186,5.807791614285715,2.058298920279861,6.816938899999999,1.9772855322004288,-0.7531219,-2.1959964666666663,4.8072977
2022-01-28,26.59583333333333,31.4,22.9,82.91666666666667,0.2,1.885,1002.5583333333334,323.125,24,28.71320566201001,100.25583333333334,7.755,Complete,4.5444465,1,4,28,1,0.49999999999999994,0.8660254037844387,-0.433883739117558,-0.9009688679024191,0.4632579225674917,0.88622350294858,0.48042565133560405,0.8770354574011022,4.8072977,4.3239617,5.0770836,6.839592,6.866806,4.736114333333334,0.38157365322102754,6.001567771428571,1.8530427859633583,6.746406878571428,2.033369459964469,0.48333600000000043,-2.0102925452380944,4.5444465
2022-01-29,25.9,31.9,23.0,86.91666666666667,5.1,1.6879166666666665,1003.575,275.2916666666667,24,10.59193283934072,100.3575,6.607,Complete,6.6972065,1,5,29,1,0.49999999999999994,0.8660254037844387,-0.9749279121818236,-0.2225209339563146,0.4784338202547012,0.8781236129591848,0.1838129529525346,0.9829612394834647,4.5444465,4.8072977,4.3239617,9.327085,9.282445,4.5585686333333335,0.2419772679642721,5.673689842857144,1.882861104778748,6.580524057142857,2.1158482878475584,-0.26285120000000006,-2.0219554238095236,6.6972065
2022-01-30,25.84166666666667,30.3,23.4,85.875,7.2,2.1333333333333333,1003.7833333333332,279.2083333333333,24,28.69607136628724,100.37833333333332,6.701,Complete,8.201123,1,6,30,1,0.49999999999999994,0.8660254037844387,-0.7818314824680299,0.6234898018587334,0.49346814167723735,0.8697638720650646,0.4801633525128483,0.8771790894131153,6.6972065,4.5444465,4.8072977,7.1741724,7.714995,5.349650233333333,1.1743949962469373,5.2979929142857145,1.1534909721926618,6.3958641642857135,1.9696627952332288,2.15276,-1.0462139309523808,8.201123
2022-01-31,25.104166666666668,30.4,22.5,85.5,2.1,1.1575,1003.1958333333332,154.45833333333334,24,13.085887440837707,100.31958333333333,3.707,Complete,7.539228,1,0,31,1,0.49999999999999994,0.8660254037844387,0.0,1.0,0.5083564379375122,0.8611467540480452,0.2264113999363903,0.9740317643582492,8.201123,6.6972065,4.5444465,4.461782,9.3758955,6.480925333333334,1.8379074823570702,5.444700142857143,1.4572063622526947,6.430587592857143,1.9987766089313683,1.5039165000000008,0.05033774047619133,7.539228
2022-02-01,23.445833333333336,26.3,21.0,92.45833333333331,5.3,1.0829166666666663,1002.2083333333334,125.33333333333331,24,334.7347821461761,100.22083333333332,3.008,Complete,13.254848,2,1,32,1,0.8660254037844386,0.5000000000000001,0.7818314824680298,0.6234898018587336,0.5230943033491326,0.8522748088519838,-0.42680894963553684,0.9043418161906536,7.539228,8.201123,6.6972065,5.0770836,8.757695,7.479185833333335,0.7537539426607295,5.884335285714286,1.5710223714767708,6.299397057142857,1.8449451651756057,-0.6618950000000012,1.1797887761904784,13.254848
2022-02-02,24.320833333333336,28.9,21.2,86.75,3.5,1.295,1001.1375,224.625,24,350.6362732080162,100.11375,5.391,Complete,12.073578,2,2,33,1,0.8660254037844386,0.5000000000000001,0.9749279121818236,-0.22252093395631434,0.5376773767406141,0.8431506618282,-0.1627013436314767,0.9866753634202651,13.254848,7.539228,8.201123,4.3239617,6.9900208,9.665066333333334,3.1264077722696895,7.0525873428571435,3.133894809293813,6.620622271428571,2.559148967905286,5.715620000000001,3.0444440619047626,12.073578
2022-02-03,25.258333333333336,31.5,21.0,82.08333333333333,3.4,1.7095833333333337,1000.4666666666668,314.9166666666667,24,348.0249844644187,100.04666666666668,7.558,Complete,11.920384,2,3,34,1,0.8660254037844386,0.5000000000000001,0.43388373911755823,-0.900968867902419,0.5521013427459208,0.8337770129585915,-0.20748513888089049,0.9782381699481868,12.073578,13.254848,7.539228,4.8072977,3.4508646,10.955884666666668,3.0172846711295427,8.159675385714285,3.3693031374482016,6.9837335000000005,2.9468697724292396,-1.1812700000000014,3.9721511666666673,11.920384
2022-02-04,24.425,30.1,22.4,92.58333333333331,13.6,0.8416666666666667,999.6666666666666,140.45833333333334,24,319.66376576559674,99.96666666666668,3.371,Complete,7.909783,2,4,35,1,0.8660254037844386,0.5000000000000001,-0.433883739117558,-0.9009688679024191,0.5663619330814524,0.8241566360566663,-0.6472719666960234,0.7622591430277907,11.920384,12.073578,13.254848,4.5444465,6.839592,12.416269999999999,0.7302581029827494,9.175830571428573,3.2606163884512007,7.588699171428572,3.033887147736481,-0.15319399999999916,4.827570828571427,7.909783
2022-02-05,24.33333333333333,28.0,22.6,93.45833333333331,6.4,1.6258333333333337,999.9125,101.70833333333331,24,350.3812774520567,99.99125,2.441,Complete,4.702038,2,5,36,1,0.8660254037844386,0.5000000000000001,-0.9749279121818236,-0.2225209339563146,0.580454927809098,0.8142923779467267,-0.16709093183621626,0.9859414893887491,7.909783,11.920384,12.073578,6.6972065,9.327085,10.634581666666667,2.3609877023843873,9.65659292857143,2.655966438151981,7.665141385714286,3.0270352521205086,-4.010601,2.969440280952382,4.702038
2022-02-06,23.954166666666666,27.1,22.5,94.95833333333331,2.4,1.1416666666666668,1000.9708333333332,54.04166666666666,24,1.6257319615945631,100.09708333333332,1.297,Complete,5.4327707,2,6,37,1,0.8660254037844386,0.5000000000000001,-0.7818314824680299,0.6234898018587334,0.5943761565849831,0.804187157621448,0.02837056824519582,0.9995974744152992,4.702038,7.909783,11.920384,8.201123,7.1741724,8.177401666666666,3.6166067738959864,9.371568857142858,3.096931862911554,7.334780885714286,3.0835574321585923,-3.207745,0.8426207809523802,5.4327707
2022-02-07,23.15,24.1,22.6,97.875,34.0,1.6583333333333332,999.525,25.45833333333333,24,353.64089878092267,99.9525,0.611,Complete,6.153531,2,0,38,1,0.8660254037844386,0.5000000000000001,0.0,1.0,0.6081214998935418,0.7938439653781019,-0.11075953405455385,0.993847234546647,5.4327707,4.702038,7.909783,7.539228,4.461782,6.014863899999999,1.68122912369818,8.976089957142857,3.43014295807268,7.210395050000001,3.1253736470968256,0.7307326999999999,-1.1955311500000017,6.153531
2022-02-08,22.98333333333333,24.1,22.5,99.08333333333331,50.2,0.5720833333333334,999.3,21.45833333333333,24,336.9198301444358,99.93,0.515,Complete,4.590877,2,1,39,1,0.8660254037844386,0.5000000000000001,0.7818314824680298,0.6234898018587336,0.6216868902665479,0.7832658619336791,-0.3920187416850318,0.9199572306187306,6.153531,5.4327707,4.702038,13.254848,5.0770836,5.429446566666666,0.7257522095447523,8.778133242857143,3.564249407529374,7.3312342642857145,3.042533660052709,0.7207603000000002,-1.9017876976190484,4.590877
2022-02-09,24.03333333333333,27.9,22.1,95.54166666666669,7.5,0.9670833333333334,999.6708333333332,117.95833333333331,24,321.95363728651387,99.96708333333332,2.831,Complete,5.5127673,2,2,40,1,0.8660254037844386,0.5000000000000001,0.9749279121818236,-0.22252093395631434,0.6350683134867438,0.7724559775191742,-0.6162989178140682,0.7875123134918008,4.590877,6.153531,5.4327707,12.073578,4.3239617,5.3923929,0.7821091074643339,7.540423099999999,3.240161983524029,7.29650522142857,3.0728666292114006,-1.5626540000000002,-1.9041123214285705,5.5127673
2022-02-10,24.975,29.5,22.8,92.79166666666669,19.1,1.0116666666666667,1000.4791666666666,240.0,24,311.616719996008,100.04791666666668,5.76,Complete,4.4640737,2,3,41,1,0.8660254037844386,0.5000000000000001,0.43388373911755823,-0.900968867902419,0.6482618097757122,0.7614175109532997,-0.7476043123896606,0.6641444060566819,5.5127673,4.590877,6.153531,11.920384,4.8072977,5.419058433333333,0.7855303270389948,6.603164428571428,2.595014966320023,7.381419907142857,2.99996641139696,0.9218903000000003,-1.9623614738095236,4.4640737
2022-02-11,24.875,28.6,22.2,93.25,16.2,0.8112499999999999,1001.4958333333334,311.7083333333333,24,343.8853684508825,100.14958333333334,7.481,Complete,3.3362112,2,4,42,1,0.8660254037844386,0.5000000000000001,-0.433883739117558,-0.9009688679024191,0.6612634749656386,0.7501537286959042,-0.2775599971875133,0.9607083053462522,4.4640737,5.5127673,4.590877,7.909783,4.5444465,4.855906,0.5723808564243064,5.537977242857143,1.2086586947629976,7.356903907142858,3.0239272653425915,-1.0486936,-2.5009979071428576,3.3362112
2022-02-12,25.325,29.7,21.8,86.08333333333333,1.4,1.7308333333333332,1002.8833333333332,317.2916666666667,24,17.661130945454886,100.28833333333333,7.615,Complete,2.6982398,2,5,43,1,0.8660254037844386,0.5000000000000001,-0.9749279121818236,-0.2225209339563146,0.6740694616546161,0.7386679638813748,0.30338671215426954,0.9528675159161543,3.3362112,4.4640737,5.5127673,4.702038,6.6972065,4.437684066666667,1.0885179941886307,4.884609842857143,0.9128000406022307,7.2706013857142855,3.1258912428110954,-1.1278625,-2.8329173190476187,2.6982398
2022-02-13,25.308333333333334,30.1,22.2,87.875,6.7,1.4045833333333333,1004.175,292.5833333333333,24,49.68499489417737,100.4175,7.022,Complete,4.4954762,2,6,44,1,0.8660254037844386,0.5000000000000001,-0.7818314824680299,0.6234898018587334,0.6866759803451553,0.726963615332308,0.7624989167376399,0.6469894913937363,2.6982398,3.3362112,4.4640737,5.4327707,8.201123,3.4995082333333336,0.8941710023362144,4.598352957142858,1.2364265673644343,6.984960907142858,3.356520529197935,-0.6379714000000001,-3.485452673809524,4.4954762
2022-02-14,24.175,27.0,22.7,96.66666666666669,70.5,1.21,1004.7166666666668,165.70833333333334,24,55.41373868985296,100.47166666666666,3.977,Complete,6.9548492,2,0,45,1,0.8660254037844386,0.5000000000000001,0.0,1.0,0.6990793005655562,0.7150441465537444,0.823272505493316,0.5676463526692989,4.4954762,2.6982398,3.3362112,6.153531,7.539228,3.509975733333333,0.9111313045630139,4.464453742857144,1.1804894182335761,6.7202718500000005,3.3990794062674863,1.7972363999999996,-3.2102961166666675,6.9548492
2022-02-15,24.683333333333334,28.0,21.7,90.79166666666669,13.3,1.242916666666667,1002.4708333333332,294.25,24,62.43327690670422,100.24708333333334,7.062,Complete,3.7451286,2,1,46,1,0.8660254037844386,0.5000000000000001,0.7818314824680298,0.6234898018587336,0.7112757519738152,0.7029130847082615,0.8864725081889243,0.4627812574264839,6.9548492,4.4954762,2.6982398,4.590877,13.254848,4.7161884,2.1368706798643085,4.578927771428572,1.3915632114764331,6.678530507142858,3.3918292674411346,2.4593730000000003,-1.9623421071428577,3.7451286
2022-02-16,24.879166666666663,29.4,20.6,84.20833333333333,0.7000000000000001,1.3866666666666667,1000.1833333333334,268.4166666666667,24,201.55232291329725,100.01833333333336,6.442,Complete,3.408175,2,2,47,1,0.8660254037844386,0.5000000000000001,0.9749279121818236,-0.22252093395631434,0.7232617254437388,0.6905740195722294,-0.36735073772440496,-0.9300824885424601,3.7451286,6.9548492,4.4954762,5.5127673,12.073578,5.065151333333334,1.678980017948362,4.458106571428572,1.4266267303697593,5.999264835714286,2.8883831540759375,-3.2097206,-0.9341135023809528,3.408175
2022-02-17,25.5,31.0,21.5,83.04166666666667,0.6,1.06,1000.9166666666666,320.125,24,21.483117180760217,100.09166666666668,7.683,Complete,2.351129,2,3,48,1,0.8660254037844386,0.5000000000000001,0.43388373911755823,-0.900968867902419,0.7350336741329412,0.6780306024735382,0.36622705324866545,0.9305255211270668,3.408175,3.7451286,6.9548492,4.4640737,11.920384,4.7027176,1.957666210038676,4.157450528571429,1.388576706942465,5.380307478571429,2.368199500451686,-0.3369536000000002,-0.6775898785714292,2.351129
2022-02-18,25.6125,30.7,21.7,86.375,3.6,1.024166666666667,1001.8375,328.4166666666667,24,342.9476570777844,100.18375,7.882,Complete,2.1106386,2,4,49,1,0.8660254037844386,0.5000000000000001,-0.433883739117558,-0.9009688679024191,0.746588114532413,0.6652865452111116,-0.2932452208625545,0.9560372589189564,2.351129,3.408175,3.7451286,3.3362112,7.909783,3.1681442,0.7273374800679342,3.855601285714286,1.5329633918116876,4.696789264285714,1.587725916583198,-1.0570460000000002,-1.5286450642857141,2.1106386
2022-02-19,25.85,30.5,22.3,83.45833333333333,0.9,1.2620833333333332,1002.0666666666666,332.5,24,20.807537549563232,100.20666666666666,7.98,Complete,3.6309729,2,5,50,1,0.8660254037844386,0.5000000000000001,-0.9749279121818236,-0.2225209339563146,0.7579216274973472,0.6523456189565257,0.3552299403804388,0.9347789521899335,2.1106386,2.351129,3.408175,2.6982398,4.702038,2.6233142,0.6902635472452379,3.6805194857142856,1.6663539950226158,4.282564664285714,1.43403826962354,-0.24049039999999966,-1.6592504642857144,3.6309729
2022-02-20,25.5125,30.5,21.5,83.45833333333333,0.7000000000000001,1.31375,1001.6791666666668,330.7916666666667,24,30.089739923366626,100.16791666666668,7.939,Complete,3.4453685,2,6,51,1,0.8660254037844386,0.5000000000000001,-0.7818314824680299,0.6234898018587334,0.7690308592589181,0.6392116531380588,0.5013558046214281,0.8652412132881792,3.6309729,2.1106386,2.351129,4.4954762,5.4327707,2.6975801666666666,0.8172364432052094,3.8137670714285714,1.6110923245769821,4.206060014285714,1.4385015534600416,1.5203343,-1.5084798476190473,3.4453685
2022-02-21,25.829166666666666,30.9,22.3,82.375,1.1,1.18875,1001.9166666666666,311.3333333333333,24,62.14074742265864,100.19166666666666,7.472,Complete,8.625335,2,0,52,1,0.8660254037844386,0.5000000000000001,0.0,1.0,0.7799125224167177,0.6258885343075018,0.8840981873436708,0.46730118246761954,3.4453685,3.6309729,2.1106386,6.9548492,6.153531,3.062326666666666,0.8293942853080777,3.6637516857142853,1.5857263703458389,4.064102714285714,1.405823973391926,-0.18560440000000034,-1.0017760476190483,8.625335
2022-02-22,25.491666666666664,31.2,22.1,87.0,5.8,1.16625,1002.125,314.0416666666667,24,238.59494688083487,100.2125,7.537,Complete,10.149925,2,1,53,1,0.8660254037844386,0.5000000000000001,0.7818314824680298,0.6234898018587336,0.7905633969115482,0.612380204990065,-0.8535048442580474,-0.5210849075036105,8.625335,3.4453685,3.6309729,3.7451286,4.590877,5.233892133333333,2.9385414386601787,3.9023925142857143,2.1784745714334584,4.240660142857143,1.7908989495835252,5.1799665,0.9932319904761897,10.149925
2022-02-23,25.47083333333333,30.5,22.3,88.54166666666667,4.3,1.4725,1001.4791666666666,308.0,24,238.25582970765612,100.14791666666666,7.392,Complete,2.5693438,2,2,54,1,0.8660254037844386,0.5000000000000001,0.9749279121818236,-0.22252093395631434,0.8009803309782905,0.5986906625177214,-0.8504057615939533,-0.5261273996360657,10.149925,8.625335,3.4453685,3.408175,5.5127673,7.406876166666666,3.5144346503839117,4.8173634285714275,3.2047162264827285,4.637735,2.390438465306797,1.52459,2.7691411666666657,2.5693438
2022-02-24,25.52083333333333,31.0,22.4,88.70833333333333,8.799999999999999,1.3533333333333333,999.4291666666668,287.5833333333333,24,249.9517581001384,99.94291666666666,6.902,Complete,5.7751102,2,3,55,1,0.8660254037844386,0.5000000000000001,0.43388373911755823,-0.900968867902419,0.8111602420785621,0.5848239578463322,-0.9394043136148084,-0.3428112243814237,2.5693438,10.149925,8.625335,2.351129,4.4640737,7.114867933333333,4.009667804452361,4.6975304,3.2809677711958907,4.427490464285714,2.436552903283089,-7.580581199999999,2.687377469047619,5.7751102
2022-02-25,25.575,31.2,22.4,88.125,5.7,1.05625,998.4666666666668,321.875,24,239.9594400312131,99.84666666666666,7.725,Complete,15.23086,2,4,56,1,0.8660254037844386,0.5000000000000001,-0.433883739117558,-0.9009688679024191,0.8211001178128892,0.5707841943569036,-0.8656712343186577,-0.5006129383797543,5.7751102,2.5693438,10.149925,2.1106386,3.3362112,6.1647929999999995,3.8052847916956556,5.1866705714285715,3.124347106145183,4.521135928571428,2.463116204099651,3.2057664000000003,1.6436570714285716,15.23086
2022-02-26,25.425,31.3,21.3,86.375,4.1,1.0208333333333333,999.925,234.58333333333331,24,289.5397112779688,99.9925,5.63,Complete,9.653519,2,5,57,1,0.8660254037844386,0.5000000000000001,-0.9749279121818236,-0.2225209339563146,0.8307970168121247,0.5565755266413303,-0.9424099056514135,0.33446011680033544,15.23086,5.7751102,2.5693438,3.6309729,2.6982398,7.858438,6.582832913146531,7.060987914285714,4.571680564695669,5.3707537,3.742258437012154,9.4557498,2.4876842999999997,9.653519
2022-02-27,26.3125,33.2,21.9,83.25,3.9,1.375,1002.0583333333334,314.2083333333333,24,327.12002395261163,100.20583333333336,7.541,Complete,6.2120442,2,6,58,1,0.8660254037844386,0.5000000000000001,-0.7818314824680299,0.6234898018587334,0.8402480696078469,0.5422021592729844,-0.5428809831585165,0.8398096439818029,9.653519,15.23086,5.7751102,3.4453685,4.4954762,10.219829733333333,4.75324436096719,7.921351642857142,4.381328058320841,5.8675593571428575,3.8210228467264873,-5.5773410000000005,4.352270376190475,6.2120442
2022-02-28,23.59166666666667,25.5,22.8,97.95833333333331,17.2,0.8533333333333334,1004.8958333333334,50.54166666666666,24,264.6272137382879,100.48958333333334,1.213,Complete,6.904841,2,0,59,1,0.8660254037844386,0.5000000000000001,0.0,1.0,0.8494504794814806,0.527668345562516,-0.9956065508670535,-0.0936354413168917,6.2120442,9.653519,15.23086,8.625335,6.9548492,10.365474399999998,4.551364628029077,8.316591028571429,4.020157977051477,5.990171357142857,3.8010968914745003,-3.441474799999999,4.3753030428571416,6.904841
2022-03-01,24.54583333333333,29.7,21.6,90.20833333333331,9.1,1.1183333333333334,1003.9416666666666,184.625,24,315.81115120763565,100.39416666666666,4.431,Complete,8.024813,3,1,60,1,1.0,6.123233995736766e-17,0.7818314824680298,0.6234898018587336,0.8584015232918917,0.512978386299228,-0.697025560717417,0.717046280031192,6.904841,6.2120442,9.653519,10.149925,3.7451286,7.590134733333333,1.8202081819034384,8.070806171428572,4.050614457379204,5.986599342857143,3.8001439962996804,0.6927968,1.60353539047619,8.024813
2022-03-02,24.7125,29.7,22.4,90.83333333333331,6.0,1.5295833333333333,1003.5791666666668,178.91666666666666,24,3.951425933290954,100.35791666666668,4.294,Complete,3.6704576,3,2,61,1,1.0,6.123233995736766e-17,0.9749279121818236,-0.22252093395631434,0.8670985522812081,0.4981366284784055,0.06891073652548849,0.9976228297265027,8.024813,6.904841,6.2120442,2.5693438,3.408175,7.047232733333334,0.9147345160507661,7.7672187428571435,3.9471316141169326,6.292291085714285,3.778034559661199,1.1199719999999997,0.7549416476190487,3.6704576
2022-03-03,24.3125,28.3,22.0,93.29166666666669,5.7,1.0154166666666666,1003.6166666666668,110.45833333333331,24,327.7805133305143,100.36166666666666,2.651,Complete,4.5669565,3,3,62,1,1.0,6.123233995736766e-17,0.43388373911755823,-0.900968867902419,0.8755389928586302,0.4831474640149687,-0.5331640410778776,0.846011882482455,3.6704576,8.024813,6.904841,5.7751102,2.351129,6.2000372,2.2611200841061376,7.9245207142857135,3.7209189824446787,6.311025557142857,3.7632540976679296,-4.354355399999999,-0.11098835714285737,4.5669565
2022-03-04,25.6375,31.8,21.9,86.25,15.0,1.184583333333333,1002.7708333333334,206.91666666666663,24,312.66441633569315,100.27708333333334,4.966,Complete,6.363251,3,4,63,1,1.0,6.123233995736766e-17,-0.433883739117558,-0.9009688679024191,0.8837203473619977,0.4680153284438345,-0.7353356258810275,0.6777031188582192,4.5669565,3.6704576,8.024813,15.23086,2.1106386,5.420742366666666,2.2993076059907986,7.751927328571428,3.862559190486852,6.469298950000001,3.628067379615469,0.8964988999999997,-1.048556583333335,6.363251
2022-03-05,26.17083333333333,34.5,22.8,87.75,9.0,1.0670833333333334,1002.1208333333334,236.70833333333331,24,319.7504239907064,100.21208333333334,5.681,Complete,3.7732093,3,5,64,1,1.0,6.123233995736766e-17,-0.9749279121818236,-0.2225209339563146,0.8916401947968874,0.45274469960737107,-0.6461183316791803,0.7632372511009357,6.363251,4.5669565,3.6704576,9.653519,3.6309729,4.866888366666666,1.3712233287296947,6.485126042857142,2.0114949067566608,6.773056978571428,3.4063166301799095,1.7962945000000001,-1.9061686119047616,3.7732093
2022-03-06,25.47083333333333,31.5,22.8,91.20833333333331,33.9,0.935,1001.725,227.83333333333331,24,327.0466081659443,100.1725,5.468,Complete,4.6588016,3,6,65,1,1.0,6.123233995736766e-17,-0.7818314824680299,0.6234898018587334,0.8992961915530253,0.4373400963303323,-0.543956624935458,0.8391133357233845,3.7732093,6.363251,4.5669565,6.2120442,3.4453685,4.901138933333333,1.326965495405289,5.645081800000001,1.6659696245261237,6.7832167214285715,3.396421844077995,-2.5900417,-1.8820777880952386,4.6588016
2022-03-07,25.504166666666663,31.2,22.5,89.5,7.6,0.9566666666666668,1002.3041666666668,242.20833333333331,24,314.11717796301053,100.23041666666668,5.813,Complete,7.6774855,3,0,66,1,1.0,6.123233995736766e-17,0.0,1.0,0.9066860720977985,0.4218060770826634,-0.7179176224744769,0.6961280682033978,4.6588016,3.7732093,6.363251,6.904841,8.625335,4.931753966666666,1.3164179609024118,5.42319,1.6812385916643848,6.869890514285714,3.3192978111433944,0.8855923000000003,-1.938136547619048,7.6774855
2022-03-08,25.491666666666664,29.6,22.4,91.95833333333331,60.5,1.1316666666666666,1003.1958333333332,305.375,24,351.66996346265,100.31958333333333,7.329,Complete,10.325799,3,1,67,1,1.0,6.123233995736766e-17,0.7818314824680298,0.6234898018587336,0.9138076496466615,0.40614723863057883,-0.14487492665021134,0.9894499763141621,7.6774855,4.6588016,3.7732093,8.024813,10.149925,5.3698321333333325,2.0469529735611567,5.533567785714285,1.81478441966141,6.802186978571429,3.290277578000986,3.0186839,-1.4323548452380965,10.325799
2022-03-09,25.3375,31.9,21.2,86.45833333333333,25.0,1.075,1003.225,269.0416666666667,24,8.639479542162535,100.3225,6.457,Complete,20.23964,3,2,68,1,1.0,6.123233995736766e-17,0.9749279121818236,-0.22252093395631434,0.9206588168102428,0.3903682146763026,0.1502166084958568,0.9886531093017421,10.325799,7.6774855,4.6588016,3.6704576,2.5693438,7.554028699999999,2.835515132917014,5.862280071428572,2.4414295629504696,6.814749407142857,3.3043482708595597,2.6483134999999995,0.7392792928571419,20.23964
2022-03-10,24.691666666666663,29.5,21.8,93.45833333333331,24.1,0.8054166666666666,1001.3166666666666,305.8333333333333,24,263.6072743784233,100.13166666666666,7.34,Complete,9.918864,3,3,69,1,1.0,6.123233995736766e-17,0.43388373911755823,-0.900968867902419,0.9272375462179537,0.374473674486883,-0.9937820634534851,-0.11134276069028141,20.23964,10.325799,7.6774855,4.5669565,5.7751102,12.7476415,6.622002887463298,8.229306128571428,5.751060426103617,8.076913421428571,4.656217795860448,9.913841000000001,4.670728078571429,9.918864
2022-03-11,25.141666666666666,31.9,22.0,89.08333333333333,8.4,1.0233333333333332,1001.025,260.875,24,252.3908866848137,100.1025,6.261,Complete,5.855327,3,4,70,1,1.0,6.123233995736766e-17,-0.433883739117558,-0.9009688679024191,0.9335418911179212,0.35846832151248087,-0.9531425615803607,-0.3025214989121075,9.918864,20.23964,10.325799,6.363251,15.23086,13.494767666666666,5.844773401790725,8.993864342857142,5.53471065648358,8.372895835714285,4.630274453753993,-10.320776000000002,5.121871830952381,5.855327
2022-03-12,25.179166666666664,31.6,21.9,90.125,12.2,1.1079166666666669,1003.3,288.3333333333333,24,303.80913590455486,100.33,6.92,Complete,9.996527,3,5,71,1,1.0,6.123233995736766e-17,-0.9749279121818236,-0.2225209339563146,0.9395699859530622,0.342356891994542,-0.8308957564767866,0.5564281102432448,5.855327,9.918864,20.23964,3.7732093,9.653519,12.004610333333332,7.415515386387674,8.92130377142857,5.578105519845214,7.703214907142858,4.222108518453505,-4.063536999999999,4.301395426190474,9.996527
2022-03-13,25.34583333333333,32.5,22.1,90.5,23.2,1.0091666666666663,1004.6875,281.7916666666667,24,319.3590730158545,100.46875,6.763,Complete,5.6587553,3,6,72,1,1.0,6.123233995736766e-17,-0.7818314824680299,0.6234898018587334,0.945320046913132,0.3261441535642696,-0.651316406757361,0.7588062587305668,9.996527,5.855327,9.918864,4.6588016,6.2120442,8.590239333333331,2.3688218566739767,9.810349157142857,5.095945832434724,7.727715478571428,4.235271264124961,4.1412,0.8625238547619034,5.6587553
2022-03-14,25.09583333333333,30.0,22.6,92.125,24.8,1.06875,1004.2625,246.04166666666663,24,280.5022923644887,100.42625,5.905,Complete,9.927703,3,0,73,1,1.0,6.123233995736766e-17,0.0,1.0,0.9507903724625832,0.3098349038318025,-0.9832476156597214,0.18227486469470414,5.6587553,9.996527,5.855327,7.6774855,6.904841,7.170203099999998,2.4496408306308193,9.953199685714285,4.93906922690944,7.688194842857143,4.253046557977006,-4.3377717,-0.517991742857145,9.927703
2022-03-15,25.775,31.5,22.1,86.08333333333333,0.7999999999999999,1.5783333333333334,1004.5791666666668,297.7916666666667,24,3.201869172078017,100.45791666666668,7.147,Complete,2.9767406,3,1,74,1,1.0,6.123233995736766e-17,0.7818314824680298,0.6234898018587336,0.9559793438440766,0.2934339689665273,0.05585407730322817,0.9984389425741591,9.927703,5.6587553,9.996527,10.325799,8.024813,8.527661766666666,2.4847841800859434,10.27465932857143,4.838471691923032,7.904113557142857,4.286816340492251,4.268947699999999,0.6235482095238094,2.9767406
2022-03-16,25.766666666666666,31.5,22.5,88.0,6.1,1.5508333333333333,1005.1208333333334,284.7916666666667,24,7.435857322691644,100.51208333333334,6.835,Complete,5.778631,3,2,75,1,1.0,6.123233995736766e-17,0.9749279121818236,-0.22252093395631434,0.9608854255574977,0.27694620226893646,0.1294161872342217,0.9915903642541898,2.9767406,9.927703,5.6587553,20.23964,3.6704576,6.187732966666665,3.505543124884865,9.224793842857142,5.56785909809483,7.543536957142857,4.483667330546921,-6.9509624,-1.3558039904761916,5.778631
2022-03-17,25.42083333333333,31.3,22.5,90.08333333333331,7.0,1.3691666666666666,1004.225,232.83333333333331,24,359.44880698149626,100.4225,5.588,Complete,6.793968,3,3,76,1,1.0,6.123233995736766e-17,0.43388373911755823,-0.900968867902419,0.9655071658143364,0.2603764827344581,-0.009619984601907985,0.9999537268775286,5.778631,2.9767406,9.927703,9.918864,4.5669565,6.227691533333332,3.4971718707409383,7.158935414285715,2.7892990386801286,7.6941207714285715,4.37773420532606,2.8018904,-1.4664292380952393,6.793968
2022-03-18,24.98333333333333,31.2,21.4,86.25,2.6,1.5454166666666669,1002.3833333333332,213.45833333333331,24,329.35443205650057,100.23833333333332,5.123,Complete,11.433229,3,4,77,1,1.0,6.123233995736766e-17,-0.433883739117558,-0.9009688679024191,0.969843196967294,0.24372971360968387,-0.5097258119877884,0.8603369087708546,6.793968,5.778631,2.9767406,5.855327,6.363251,5.183113199999998,1.9770653361523864,6.712521699999999,2.510050920739202,7.853193021428571,4.295042768154518,1.0153369999999997,-2.6700798214285726,11.433229
2022-03-19,23.48333333333333,29.0,20.9,95.08333333333331,8.0,1.0195833333333333,1002.225,137.41666666666666,24,298.1502417570013,100.2225,3.298,Complete,10.521767,3,5,78,1,1.0,6.123233995736766e-17,-0.9749279121818236,-0.2225209339563146,0.9738922359149924,0.22701082094141847,-0.8817135041047005,0.47178522304053805,11.433229,6.793968,5.778631,9.996527,3.7732093,8.001942666666666,3.0146345934262664,7.509364842857143,3.0251092389795997,8.215334307142857,4.372789841497756,4.639261000000001,-0.21339164047619086,10.521767
2022-03-20,23.508333333333336,26.5,22.0,92.75,3.6,1.3,1003.8583333333332,51.16666666666666,24,352.4059342980912,100.38583333333332,1.228,Complete,13.14774,3,6,79,1,1.0,6.123233995736766e-17,-0.7818314824680299,0.6234898018587334,0.9776530844816641,0.2102247521189836,-0.13215372634064287,0.9912292331314096,10.521767,11.433229,6.793968,5.6587553,4.6588016,9.582987999999999,2.457979895088853,7.5843991285714285,3.1026036270301875,8.697374142857143,4.214543195571164,-0.9114620000000002,0.8856138571428556,13.14774
2022-03-21,23.97083333333333,31.4,22.0,88.125,0.0,1.2729166666666667,1004.1041666666666,87.25,24,340.19323215334214,100.41041666666666,2.094,Complete,12.888932,3,0,80,1,1.0,6.123233995736766e-17,0.0,1.0,0.981124629771712,0.19337647441020586,-0.33884905585438757,0.9408407502582943,13.14774,10.521767,11.433229,9.927703,7.6774855,11.700912,1.3332944875566661,8.654254085714285,3.5820716931848176,9.303726885714285,4.199443768213883,2.625973,2.3971851142857155,12.888932
2022-03-22,24.166666666666668,28.8,21.6,91.16666666666669,0.7,1.1995833333333332,1003.5166666666668,72.54166666666667,24,356.5045653551017,100.35166666666667,1.741,Complete,8.649081,3,1,81,1,1.0,6.123233995736766e-17,0.7818314824680298,0.6234898018587336,0.984305844499033,0.17647097349152166,-0.06096900748324886,0.9981396596301079,12.888932,13.14774,10.521767,2.9767406,10.325799,12.186146333333333,1.4471918736423044,9.077286800000001,3.9167493718143334,9.675973064285714,4.274507233260132,-0.25880800000000015,2.5101732690476197,8.649081
2022-03-23,25.204166666666666,32.8,21.9,88.5,14.9,1.3358333333333334,1003.2708333333334,215.0,24,302.65942159536536,100.32708333333332,5.16,Complete,6.849298,3,2,82,1,1.0,6.123233995736766e-17,0.9749279121818236,-0.22252093395631434,0.9871957872910085,0.15951325197263655,-0.8418931835237512,0.539644204579502,8.649081,12.888932,13.14774,5.778631,20.23964,11.561917666666666,2.525907456781488,9.887621142857142,2.898728396152672,9.556207492857142,4.278387345440074,-4.239851,2.0057101738095238,6.849298
2022-03-24,24.64583333333333,31.4,22.1,93.16666666666669,23.7,1.169166666666667,1003.0958333333332,229.20833333333331,24,285.3066065315712,100.30958333333334,5.501,Complete,8.176805,3,3,83,1,1.0,6.123233995736766e-17,0.43388373911755823,-0.900968867902419,0.9897936029670716,0.14250832791617088,-0.9645269859716317,0.26398426720636187,6.849298,8.649081,12.888932,6.793968,9.918864,9.462437,3.1008798268460835,10.04057357142857,2.664570143458225,8.599754492857143,3.017183782424118,-1.7997830000000006,0.862682507142857,8.176805
2022-03-25,23.98333333333333,30.3,21.7,93.29166666666669,16.1,1.215,1001.8583333333332,134.79166666666666,24,252.99187804960565,100.18583333333332,3.235,Complete,6.9015226,3,4,84,1,1.0,6.123233995736766e-17,-0.433883739117558,-0.9009688679024191,0.992098522791769,0.12546123335273648,-0.9562633012694505,-0.29250726255129506,8.176805,6.849298,8.649081,11.433229,5.855327,7.891727999999998,0.9331432814519971,10.238121714285715,2.424170406779868,8.475321707142857,2.9944338212426636,1.3275069999999998,-0.5835937071428594,6.9015226
2022-03-26,24.525,28.3,22.9,89.45833333333333,3.5,0.8854166666666666,1002.3708333333334,133.95833333333334,24,136.0802178702364,100.23708333333336,3.215,Complete,6.279123,3,5,85,1,1.0,6.123233995736766e-17,-0.9749279121818236,-0.2225209339563146,0.9941098647022418,0.10837701279187609,0.6936505667945702,-0.7203116625361355,6.9015226,8.176805,6.849298,10.521767,9.996527,7.309208533333332,0.7518141884406382,9.590735085714286,2.6467105075217705,8.550049964285714,2.9365145720969923,-1.2752824,-1.2408414309523819,6.279123
2022-03-27,24.7625,28.3,22.1,82.41666666666667,0.3,1.0345833333333332,1003.3041666666668,168.33333333333334,24,55.92655179242134,100.33041666666666,4.04,Complete,4.3799276,3,6,86,1,1.0,6.123233995736766e-17,-0.7818314824680299,0.6234898018587334,0.9958270335100595,0.09126072172931188,0.8283200548907895,0.5602551978033934,6.279123,6.9015226,8.176805,13.14774,5.6587553,7.119150199999997,0.967378195171011,8.984643085714286,2.8739920162652752,8.284521107142856,2.9636031505896887,-0.6223995999999996,-1.1653709071428588,4.3799276
2022-03-28,24.77083333333333,31.1,20.4,82.5,0.6,1.0541666666666667,1002.7708333333334,265.7083333333333,24,23.268540919608505,100.27708333333334,6.377,Complete,6.073137,3,0,87,1,1.0,6.123233995736766e-17,0.0,1.0,0.9972495210773451,0.07411742515094437,0.3950411566324039,0.9186634228957483,4.3799276,6.279123,6.9015226,12.888932,9.927703,5.853524399999999,1.313568027263044,7.732098457142858,2.659853790406499,8.193176271428571,3.0686085210414293,-1.8991954,-2.339651871428573,6.073137
2022-03-29,24.666666666666668,29.5,21.3,85.16666666666667,0.0,1.059583333333333,1002.9833333333332,205.5,24,15.086366095535288,100.29833333333332,4.932,Complete,4.3762255,3,1,88,1,1.0,6.123233995736766e-17,0.7818314824680298,0.6234898018587336,0.998376906467142,0.056952196034039754,0.2602747607593894,0.965534592291567,6.073137,4.3799276,6.279123,8.649081,2.9767406,5.577395866666666,1.042139743654496,6.758413457142857,1.4125459692232356,7.91785012857143,3.0739273059745487,1.6932093999999998,-2.340454261904764,4.3762255
2022-03-30,24.320833333333336,26.6,22.1,96.0,19.4,0.895,1002.4375,201.83333333333331,24,49.63333797316096,100.24375,4.844,Complete,6.8375597,3,2,89,1,1.0,6.123233995736766e-17,0.9749279121818236,-0.22252093395631434,0.9992088560679753,0.03977011384605572,0.7619152919619718,0.6476766846772418,4.3762255,6.073137,4.3799276,6.849298,5.778631,4.943096699999999,0.9786453576777313,6.14800552857143,1.38225223950598,8.017813335714285,2.919773736081137,-1.6969114999999997,-3.074716635714286,6.8375597
2022-03-31,23.925,29.3,22.4,96.0,11.0,1.5075,1002.5625,128.25,24,356.78269744190106,100.25625,3.078,Complete,5.9778385,3,3,90,1,1.0,6.123233995736766e-17,0.43388373911755823,-0.900968867902419,0.9997451236925734,0.022576263041545485,-0.05612301818274304,0.9984238613084422,6.8375597,4.3762255,6.073137,8.176805,6.793968,5.762307399999998,1.2597629900896181,6.146328628571429,1.3812664275109188,8.0934511,2.870606861884187,2.4613341999999996,-2.331143700000001,5.9778385
2022-04-01,22.53333333333333,23.5,21.9,98.58333333333331,3.6,1.0008333333333332,1004.2833333333332,26.625,24,11.851355482796135,100.42833333333331,0.639,Complete,5.7358065,4,4,91,1,0.8660254037844387,-0.4999999999999998,-0.433883739117558,-0.9009688679024191,0.9999855506507186,0.005375731557583884,0.20537335021270575,0.9786837012142429,5.9778385,6.8375597,4.3762255,6.9015226,11.433229,5.730541233333333,1.2491631056823678,5.832190557142857,1.053735988096867,8.035156135714285,2.9070811812576873,-0.8597212000000001,-2.304614902380952,5.7358065
2022-04-02,24.42083333333333,30.3,21.7,87.0,4.8,1.9491666666666667,1005.1333333333332,240.83333333333331,24,26.75905388012461,100.51333333333334,5.78,Complete,7.3084116,4,5,92,1,0.8660254037844387,-0.4999999999999998,-0.9749279121818236,-0.2225209339563146,0.9999300657962057,-0.011826390691832589,0.4502395439662348,0.8929078076985758,5.7358065,5.9778385,6.8375597,6.279123,10.521767,6.183734899999998,0.5790164281583771,5.665659685714286,0.9428545616267167,7.6281973857142855,2.791278540037169,-0.24203200000000002,-1.4444624857142871,7.3084116
2022-04-03,24.579166666666666,31.1,21.6,88.375,6.4,1.3220833333333333,1005.1416666666668,272.7083333333333,24,24.58042427139057,100.51416666666668,6.545,Complete,5.580027,4,6,93,1,0.8660254037844387,-0.4999999999999998,-0.7818314824680299,0.6234898018587334,0.9995786855478958,-0.029025013321975237,0.41597011752632906,0.9093782828532535,7.3084116,5.7358065,5.9778385,4.3799276,13.14774,6.340685533333333,0.8467674871743771,5.812700914285714,1.1183914863095614,7.3986719999999995,2.664265488955946,1.5726051000000005,-1.0579864666666667,5.580027
2022-04-04,24.54583333333333,30.1,21.3,87.66666666666667,2.3,1.1808333333333334,1004.8666666666668,246.16666666666663,24,3.817276968526618,100.48666666666666,5.908,Complete,2.2971528,4,0,94,1,0.8660254037844387,-0.4999999999999998,0.0,1.0,0.9989315138848577,-0.046215046983708354,0.06657477442275166,0.9977814386981548,5.580027,7.3084116,5.7358065,6.073137,12.888932,6.208081699999998,0.9560916429822905,5.984143685714287,0.9398888686995811,6.858121071428571,2.120286450557505,-1.7283846,-0.6500393714285728,2.2971528
2022-04-05,24.40833333333333,29.6,21.0,88.75,3.2,1.3404166666666668,1003.8708333333334,260.0833333333333,24,352.88521560876654,100.38708333333334,6.242,Complete,6.781459,4,1,95,1,0.8660254037844387,-0.4999999999999998,0.7818314824680298,0.6234898018587336,0.9979887423155984,-0.06339140486951038,-0.12385753028930233,0.9923000111814141,2.2971528,5.580027,7.3084116,4.3762255,8.649081,5.061863799999999,2.5454957309962336,5.444717371428572,1.6757815716145608,6.101565414285715,1.6375749158497552,-3.2828742,-1.0397016142857156,6.781459
2022-04-06,23.85,29.8,21.0,87.83333333333333,1.4,1.8770833333333328,1004.4791666666666,179.45833333333334,24,349.5214151617812,100.44791666666666,4.307,Complete,10.098383,4,2,96,1,0.8660254037844387,-0.4999999999999998,0.9749279121818236,-0.22252093395631434,0.9967506498213929,-0.08054900421874167,-0.1818680064194564,0.9833229521581466,6.781459,2.2971528,5.580027,6.8375597,6.849298,4.886212933333332,2.3212677555956405,5.788322157142857,1.6667441723044145,5.968163842857143,1.4828441171267934,4.4843062,-1.081950909523811,10.098383
2022-04-07,23.975,29.8,20.9,91.75,3.0,1.49875,1005.2166666666668,167.33333333333334,24,355.6630594891576,100.52166666666668,4.016,Complete,9.230185,4,3,97,1,0.8660254037844387,-0.4999999999999998,0.43388373911755823,-0.900968867902419,0.9952176027737294,-0.09768276782171598,-0.07562162990089474,0.9971365849727569,10.098383,6.781459,2.2971528,5.9778385,8.176805,6.392331599999999,3.915145368747,6.254154057142856,2.3318428459714955,6.200241342857143,1.8420937114541591,3.316924,0.19209025714285577,9.230185
2022-04-08,25.229166666666668,30.3,22.3,86.83333333333333,0.0,1.5004166666666665,1006.1625,232.20833333333331,24,5.193446249992175,100.61625,5.573,Complete,8.888918,4,4,98,1,0.8660254037844387,-0.4999999999999998,-0.433883739117558,-0.9009688679024191,0.9933900548258936,-0.11478762552212701,0.09051866585020166,0.9958947590647816,9.230185,10.098383,6.781459,5.7358065,6.9015226,8.703342333333334,1.7200780802072115,6.718774985714286,2.578573506957825,6.275482771428572,1.947533291940586,-0.8681979999999996,2.4278595619047616,8.888918
2022-04-09,25.34583333333333,31.0,21.9,85.16666666666667,0.6,1.5179166666666666,1005.525,260.9166666666667,24,354.5780132462947,100.5525,6.262,Complete,5.621267,4,5,99,1,0.8660254037844387,-0.4999999999999998,-0.9749279121818236,-0.2225209339563146,0.9912685467787256,-0.13185851571739118,-0.09449034456682656,0.9955257780608407,8.888918,9.230185,10.098383,7.3084116,6.279123,9.405828666666666,0.6235698996795168,7.169219485714286,2.6525848999982573,6.417439585714285,2.0655323491329436,-0.3412670000000002,2.9883890809523814,5.621267
2022-04-10,25.129166666666663,31.2,21.1,81.91666666666667,0.0,1.38125,1005.5375,270.125,24,8.571682998164297,100.55375,6.483,Complete,1.0956852,4,6,100,1,0.8660254037844387,-0.4999999999999998,-0.7818314824680299,0.6234898018587334,0.9888537064205885,-0.1488903868564548,0.1490466571612914,0.9888301643806404,5.621267,8.888918,9.230185,5.580027,4.3799276,7.913456666666665,1.9924145884585187,6.928198828571429,2.713773070325866,6.370449871428571,2.0763754913118846,-3.2676510000000007,1.5430067952380941,1.0956852
2022-04-11,25.65,31.7,21.7,80.33333333333333,0.0,1.285,1005.1458333333334,259.2916666666667,24,8.545599721927013,100.51458333333332,6.223,Complete,2.684068,4,0,101,1,0.8660254037844387,-0.4999999999999998,0.0,1.0,0.986146248341595,-0.16587819893463143,0.1485964876277411,0.988897913773054,1.0956852,5.621267,8.888918,2.2971528,6.073137,5.201956733333332,3.9135003760761307,6.287578571428571,3.500363633834838,6.135861128571428,2.4672917959391527,-4.525581799999999,-0.9339043952380965,2.684068
2022-04-12,25.620833333333334,32.0,21.8,81.0,0.0,1.16875,1004.5041666666666,254.33333333333331,24,2.579373956121225,100.45041666666664,6.104,Complete,2.7165363,4,1,102,1,0.8660254037844387,-0.4999999999999998,0.7818314824680298,0.6234898018587336,0.9831469737221499,-0.1828169249850199,0.045003363407307075,0.9989868353897512,2.684068,1.0956852,5.621267,6.781459,4.3762255,3.133673399999999,2.29604691130314,6.342852171428571,3.42918060717032,5.893784771428571,2.6345106462919707,1.5883828,-2.760111371428572,2.7165363
2022-04-13,25.070833333333336,31.2,21.5,85.41666666666667,1.5,1.44125,1005.2583333333332,263.875,24,2.6390625958867715,100.52583333333334,6.333,Complete,3.651678,4,2,103,1,0.8660254037844387,-0.4999999999999998,0.9749279121818236,-0.22252093395631434,0.9798567700958665,-0.1997015525660636,0.04604404661089861,0.9989394104607613,2.7165363,2.684068,1.0956852,10.098383,6.8375597,2.165429833333332,0.9265682560045629,5.7621489285714285,3.6777020650357577,5.775235542857144,2.7431532855330873,0.032468300000000117,-3.6098057095238114,3.651678
2022-04-14,24.9875,30.7,21.4,80.375,0.0,1.4195833333333334,1006.6708333333332,266.3333333333333,24,10.5973333001634,100.66708333333332,6.392,Complete,1.5147136,4,3,104,1,0.8660254037844387,-0.4999999999999998,0.43388373911755823,-0.900968867902419,0.9762766110869321,-0.21652708524481437,0.1839056019559798,0.9829439096760347,3.651678,2.7165363,2.684068,9.230185,5.9778385,3.017427433333332,0.5495169548011914,4.841191071428573,3.185042461012218,5.5476725642857145,2.780143114980437,0.9351417,-2.5302451309523826,1.5147136
2022-04-15,25.4625,30.9,21.2,82.79166666666667,1.6,1.4766666666666666,1005.7666666666668,219.91666666666663,24,42.35331937205399,100.57666666666668,5.278,Complete,5.0884523,4,4,105,1,0.8660254037844387,-0.4999999999999998,-0.433883739117558,-0.9009688679024191,0.9724075561219968,-0.23328854407545518,0.6737005216510117,0.7390044703025516,1.5147136,3.651678,2.7165363,8.888918,5.7358065,2.6276426333333323,1.071251966017769,3.7389808714285713,2.713088223737579,5.228877928571428,2.9760122985655126,-2.1369644,-2.601235295238096,5.0884523
2022-04-16,25.3875,30.7,22.4,86.91666666666667,5.0,1.64375,1004.9875,229.375,24,8.48467493990452,100.49875,5.505,Complete,6.484576,4,5,106,1,0.8660254037844387,-0.4999999999999998,-0.9749279121818236,-0.2225209339563146,0.9682507501166718,-0.2499809690726521,0.14754487104607317,0.9890553629741854,5.0884523,1.5147136,3.651678,5.621267,7.3084116,3.418281299999999,1.7982651608279576,3.1960572,1.7029848392362394,5.182638342857143,2.9725571613366846,3.5737387,-1.7643570428571445,6.484576
2022-04-17,25.4,31.0,22.3,88.16666666666667,0.7999999999999999,1.5583333333333331,1006.0666666666666,226.66666666666663,24,0.3504419235901622,100.60666666666664,5.44,Complete,5.409781,4,6,107,1,0.8660254037844387,-0.4999999999999998,-0.7818314824680299,0.6234898018587334,0.9638074231367307,-0.26659942067929354,0.006116327268279447,0.9999812950954369,6.484576,5.0884523,1.5147136,1.0956852,5.580027,4.362580633333333,2.563210940614434,3.3193870571428574,1.9247158112436646,5.123792942857143,2.935156918793908,1.3961236999999995,-0.7612123095238106,5.409781
2022-04-18,25.4875,30.7,22.3,88.04166666666667,1.6,1.346666666666667,1007.5208333333334,235.95833333333331,24,15.595800965877483,100.75208333333332,5.663,Complete,6.985026,4,0,108,1,0.8660254037844387,-0.4999999999999998,0.0,1.0,0.9590788900341131,-0.28313898122818354,0.26884923262619886,0.9631822725301291,5.409781,6.484576,5.0884523,2.684068,2.2971528,5.660936433333332,0.7311632069484023,3.9356864571428574,1.7791996308311833,5.111632514285715,2.9334735144911988,-1.074795,0.5493039190476177,6.985026
2022-04-19,24.725,28.7,22.6,92.75,6.4,1.315416666666667,1007.0958333333332,232.04166666666663,24,10.938377944545795,100.70958333333331,5.569,Complete,9.485809,4,1,109,1,0.8660254037844387,-0.4999999999999998,0.7818314824680298,0.6234898018587336,0.9540665500578387,-0.2995947563972602,0.1897531375713342,0.9818318322308736,6.985026,5.409781,6.484576,2.7165363,6.781459,6.293127666666666,0.8048841846864322,4.550109028571429,2.0034397574132434,5.4464806,2.8539722777206915,1.5752450000000007,0.8466470666666659,9.485809
2022-04-20,23.2875,26.6,21.7,97.54166666666669,11.3,1.2266666666666668,1006.5875,98.16666666666669,24,293.7085390979762,100.65875,2.356,Complete,7.2146873,4,2,110,1,0.8660254037844387,-0.4999999999999998,0.9749279121818236,-0.22252093395631434,0.9487718864399473,-0.31596187665790293,-0.9156026787330854,0.40208423830933543,9.485809,6.985026,5.409781,3.651678,10.098383,7.293538666666666,2.055452775744639,5.517147985714287,2.534285567113534,5.639648457142857,3.0369349934292016,2.5007829999999993,1.6538902095238086,7.2146873
2022-04-21,23.916666666666668,31.1,20.5,90.08333333333331,9.1,1.1129166666666668,1005.9583333333334,248.58333333333331,24,297.082709123163,100.59583333333332,5.966,Complete,3.1267574,4,3,111,1,0.8660254037844387,-0.4999999999999998,0.43388373911755823,-0.900968867902419,0.9431964659565866,-0.33223549871590435,-0.8903502396583093,0.45527623564204545,7.2146873,9.485809,6.985026,1.5147136,9.230185,7.895174099999998,1.38230807601017,6.026149314285713,2.4536946632446694,5.433670192857143,2.799795583251362,-2.2711217,2.4615039071428555,3.1267574
2022-04-22,24.27916666666667,30.7,20.9,87.45833333333333,4.0,1.1083333333333334,1005.9375,228.41666666666663,24,287.4741233387171,100.59375,5.482,Complete,1.789445,4,4,112,1,0.8660254037844387,-0.4999999999999998,-0.433883739117558,-0.9009688679024191,0.9373419384643772,-0.3484108069446808,-0.9538526621216337,0.3002750388618283,3.1267574,7.2146873,9.485809,5.0884523,8.888918,6.609084566666666,3.2224913212964985,6.256441285714287,1.9918954761053511,4.997711078571428,2.63340370661694,-4.0879299,1.6113734880952375,1.789445
2022-04-23,24.42083333333333,30.4,21.3,86.625,14.1,1.0929166666666668,1005.2875,201.20833333333331,24,262.6217074410197,100.52875,4.829,Complete,4.150195,4,5,113,1,0.8660254037844387,-0.4999999999999998,-0.9749279121818236,-0.2225209339563146,0.9312100364121947,-0.3644830148102912,-0.9917198875232867,-0.1284198765409764,1.789445,3.1267574,7.2146873,6.484576,5.621267,4.043629899999998,2.8264473972408406,5.78515452857143,2.6089897348718933,4.4906058642857145,2.506973293326311,-1.3373123999999998,-0.4469759642857163,4.150195
2022-04-24,23.604166666666668,27.7,21.5,93.25,16.3,0.8470833333333333,1004.7,217.16666666666663,24,4.324051404691554,100.47,5.212,Complete,6.3072534,4,6,114,1,0.8660254037844387,-0.4999999999999998,-0.7818314824680299,0.6234898018587334,0.9248025743285089,-0.38044736628785164,0.07539731479559669,0.9971535713828706,4.150195,1.789445,3.1267574,5.409781,1.0956852,3.0221324666666654,1.1838475083942468,5.451671528571429,2.6535005340854196,4.385529292857143,2.4866846319716585,2.3607500000000003,-1.3633968261904776,6.3072534
2022-04-25,22.225,26.2,20.5,97.83333333333331,17.7,0.93625,1002.1458333333334,91.66666666666669,24,323.0451491060585,100.21458333333334,2.2,Complete,8.417558,4,0,115,1,0.8660254037844387,-0.4999999999999998,0.0,1.0,0.9181214482844365,-0.39629913726891813,-0.6011855111450081,0.7991094926161968,6.3072534,4.150195,1.789445,6.985026,2.684068,4.082297799999998,2.2596693800429146,5.579881871428571,2.6727511040303917,4.757784164285715,2.3422002099263417,2.1570583999999995,-0.6754863642857165,8.417558
2022-04-26,22.35833333333333,26.8,20.9,90.95833333333331,22.7,1.4791666666666667,1002.6208333333334,131.875,24,191.81329171949668,100.26208333333334,3.165,Complete,8.685341,4,1,116,1,0.8660254037844387,-0.4999999999999998,0.7818314824680298,0.6234898018587336,0.9111686353326631,-0.41203363695942635,-0.2047231281722115,-0.9788199225554127,8.417558,6.3072534,4.150195,9.485809,2.7165363,6.291668799999999,2.1337241863137155,5.7845293,2.8474082538053547,5.167319164285715,2.4504678466230754,2.1103046,1.1243496357142844,8.685341
2022-04-27,22.3875,26.7,19.9,89.75,6.4,1.4291666666666665,1006.0916666666668,238.41666666666663,24,60.78178266393212,100.60916666666668,5.722,Complete,8.690151,4,2,117,1,0.8660254037844387,-0.4999999999999998,0.9749279121818236,-0.22252093395631434,0.9039461929224011,-0.42764620926777464,0.8727669169529308,0.4881371822269595,8.685341,8.417558,6.3072534,7.2146873,3.651678,7.803384133333331,1.3025867772208732,5.670176728571428,2.685457878714902,5.593662357142857,2.5097913859167225,0.26778299999999966,2.2097217761904746,8.690151
2022-04-28,23.491666666666664,25.7,21.8,84.41666666666667,3.4,2.455416666666667,1007.0875,51.5,24,101.29679317636436,100.70875,1.236,Complete,11.176923,4,3,118,1,0.8660254037844387,-0.4999999999999998,0.43388373911755823,-0.900968867902419,0.8964562582905575,-0.44313223418263453,0.9806256240440545,-0.1958912592950707,8.690151,8.685341,8.417558,3.1267574,1.5147136,8.59768333333333,0.15601165279023163,5.880957257142856,2.8778996040623572,5.953553285714285,2.5704133812420547,0.004810000000000869,2.6441300476190452,11.176923
2022-04-29,23.308333333333334,25.4,22.1,95.875,48.1,1.95,1004.2291666666666,49.79166666666666,24,67.09004041750146,100.42291666666668,1.195,Complete,6.401983,4,4,119,1,0.8660254037844387,-0.4999999999999998,-0.433883739117558,-0.9009688679024191,0.8887010478292915,-0.45848712914008766,0.9211177512027325,0.3892840716227945,11.176923,8.690151,8.685341,1.789445,5.0884523,9.517471666666665,1.4371290233661482,7.030980914285714,3.1858434832575284,6.6437111,2.584021440314375,2.486772,2.8737605666666655,6.401983
2022-04-30,24.675,29.7,21.7,89.33333333333333,0.1,1.5200000000000002,1002.2833333333332,174.58333333333334,24,2.021487575417495,100.22833333333332,4.19,Complete,6.5067806,4,5,120,1,0.8660254037844387,-0.4999999999999998,-0.9749279121818236,-0.2225209339563146,0.8806828564301475,-0.47370635037968,0.03527429472127464,0.9993776684176592,6.401983,11.176923,8.690151,4.150195,6.484576,8.756352333333332,2.388158278527899,7.689914914285715,2.264956722170191,6.737534721428572,2.5467857688931606,-4.77494,2.01881761190476,6.5067806
2022-05-01,25.104166666666668,30.7,22.5,89.5,2.8,1.04375,1002.2375,120.08333333333331,24,298.5141288518345,100.22375,2.882,Complete,10.938052,5,6,121,0,0.49999999999999994,-0.8660254037844387,-0.7818314824680299,0.6234898018587334,0.8724040568049612,-0.48878539428899265,-0.8786994209862552,0.4773754576414878,6.5067806,6.401983,11.176923,6.3072534,5.409781,8.028562199999998,2.7270638843771025,8.02657,1.7728041312523333,6.7391207642857145,2.54662302662595,0.10479759999999949,1.2894414357142834,10.938052
2022-05-02,25.2875,31.6,22.7,91.125,7.2,1.143333333333333,1003.6041666666666,182.33333333333331,24,251.9920785910637,100.36041666666668,4.376,Complete,9.100659,5,0,122,0,0.49999999999999994,-0.8660254037844387,0.0,1.0,0.8638670987837349,-0.503719798736334,-0.9510137841641162,-0.30914847942347673,10.938052,6.5067806,6.401983,8.417558,6.985026,7.948938533333333,2.5891784646287834,8.688112657142856,1.8847729298009654,7.133997264285715,2.7454809012189476,4.431271400000001,0.8149412690476181,9.100659
2022-05-03,24.9,29.3,22.7,92.45833333333331,8.5,1.2641666666666669,1004.1208333333334,205.75,24,230.9929334536327,100.41208333333334,4.938,Complete,6.3643384,5,1,123,0,0.49999999999999994,-0.8660254037844387,0.7818314824680298,0.6234898018587336,0.8550745085896932,-0.518505144391157,-0.7770683386301214,-0.62941623517242,9.100659,10.938052,6.5067806,8.685341,9.485809,8.848497199999999,2.226371652520964,8.785698514285714,1.886113625393323,7.285113907142857,2.794438274572109,-1.8373930000000005,1.563383292857142,6.3643384
2022-05-04,24.08333333333333,26.4,22.2,97.0,14.8,0.6595833333333333,1004.1625,219.5,24,11.11234239015192,100.41625,5.268,Complete,4.375927,5,2,124,0,0.49999999999999994,-0.8660254037844387,0.9749279121818236,-0.22252093395631434,0.8460288880917339,-0.533137056031809,0.19273334755586313,0.9812511690387486,6.3643384,9.100659,10.938052,8.690151,7.2146873,8.801016466666665,2.301532806531999,8.454126714285715,2.0987250816412124,7.062151721428571,2.7291067466554795,-2.7363206,1.7388647452380939,4.375927
2022-05-05,24.09166666666667,28.4,21.6,93.79166666666669,5.4,0.8291666666666666,1004.6458333333334,229.66666666666663,24,260.43154244384573,100.46458333333334,5.512,Complete,6.0174303,5,3,125,0,0.49999999999999994,-0.8660254037844387,0.43388373911755823,-0.900968867902419,0.8367329140344921,-0.5476112038402312,-0.9860876970990441,-0.16622591142750212,4.375927,6.3643384,9.100659,11.176923,3.1267574,6.6136414666666665,2.372211443409518,7.837809000000001,2.5930983585091156,6.859383128571429,2.820818647814034,-1.9884114000000004,-0.24574166190476276,6.0174303
2022-05-06,23.995833333333334,29.7,21.6,90.91666666666669,5.0,1.4695833333333332,1004.4166666666666,224.375,24,249.86650734036328,100.44166666666666,5.385,Complete,8.211217,5,4,126,0,0.49999999999999994,-0.8660254037844387,-0.433883739117558,-0.9009688679024191,0.8271893372462497,-0.5619233046832195,-0.9388932029145883,-0.34420859013218374,6.0174303,4.375927,6.3643384,6.401983,1.789445,5.585898566666665,1.0621250875333672,7.1007386142857145,2.1873172919261403,7.0658597642857135,2.6256246918330426,1.6415033,-1.4799611976190485,8.211217
2022-05-07,23.079166666666666,28.1,21.0,91.16666666666669,3.4,1.3816666666666666,1005.25,180.70833333333331,24,216.92470234320947,100.525,4.337,Complete,6.2998567,5,5,127,0,0.49999999999999994,-0.8660254037844387,-0.9749279121818236,-0.2225209339563146,0.8174009818249189,-0.5760691233798758,-0.6007649433344634,-0.79942572066474,8.211217,6.0174303,4.375927,6.5067806,4.150195,6.201524766666665,1.9242610076385114,7.359200614285713,2.1978560087764865,7.524557764285714,2.150964037007564,2.1937866999999995,-1.3230329976190491,6.2998567
2022-05-08,22.15833333333333,24.7,20.4,92.95833333333331,7.3,1.3675,1007.1083333333332,227.58333333333331,24,162.44851668355275,100.71083333333333,5.462,Complete,8.907378,5,6,128,0,0.49999999999999994,-0.8660254037844387,-0.7818314824680299,0.6234898018587334,0.8073707443023492,-0.5900444739548627,0.301562643585728,-0.9534463655568609,6.2998567,8.211217,6.0174303,10.938052,6.3072534,6.842834666666666,1.193437818023351,7.329640057142858,2.212573881030062,7.678105028571429,1.9597860108693228,-1.9113602999999992,-0.8352703619047634,8.907378
2022-05-09,22.275,26.5,19.9,81.20833333333333,1.4,1.1366666666666667,1008.4833333333332,136.0,24,93.36449555949604,100.84833333333331,3.264,Complete,7.3142805,5,0,129,0,0.49999999999999994,-0.8660254037844387,0.0,1.0,0.7971015927871943,-0.6038452208771035,0.998276386608382,-0.05868778356789531,8.907378,6.2998567,8.211217,9.100659,8.417558,7.806150566666665,1.3501299730205503,7.039543771428571,1.744153488858278,7.863828214285713,1.9430125328379597,2.6075212999999993,-0.057677647619048145,7.3142805
2022-05-10,23.495833333333334,27.6,21.1,68.0,0.2,1.403333333333333,1007.8041666666668,212.83333333333331,24,82.6947143588331,100.78041666666668,5.108,Complete,7.2498097,5,1,130,0,0.49999999999999994,-0.8660254037844387,0.7818314824680298,0.6234898018587336,0.7865965660866021,-0.6174672802835514,0.9918827164252104,0.1271561121493796,7.3142805,8.907378,6.2998567,6.3643384,8.685341,7.507171733333332,1.3144189223421403,6.7843468428571425,1.5068639804955881,7.785022678571429,1.941199307648802,-1.5930974999999998,-0.2778509452380966,7.2498097
2022-05-11,22.625,26.2,19.5,83.0,1.3,1.007083333333333,1006.9041666666668,168.16666666666666,24,57.17096173476347,100.69041666666666,4.036,Complete,6.780567,5,2,131,0,0.49999999999999994,-0.8660254037844387,0.9749279121818236,-0.22252093395631434,0.7758587728069828,-0.6309066211876704,0.8402919506075975,0.542134151058646,7.2498097,7.3142805,8.907378,4.375927,8.690151,7.823822733333333,0.9389398984780506,6.910842742857143,1.5028902390938097,7.682484728571429,1.9278524359440234,-0.0644707999999996,0.14133800476190395,6.780567
2022-05-12,22.10833333333333,26.5,18.9,85.08333333333333,3.5,1.5529166666666667,1006.8041666666668,194.79166666666663,24,159.03660299734307,100.68041666666667,4.675,Complete,10.932758,5,3,132,0,0.49999999999999994,-0.8660254037844387,0.43388373911755823,-0.900968867902419,0.7648913904341226,-0.6441592666722685,0.3577714653051671,-0.9338091767665349,6.780567,7.2498097,7.3142805,6.0174303,11.176923,7.114885733333332,0.2913174945079244,7.254362742857142,1.0260934360941265,7.546085871428572,1.9186051502107422,-0.46924270000000057,-0.4312001380952397,10.932758
2022-05-13,21.04583333333333,24.3,19.4,79.5,2.2,1.8304166666666664,1008.0791666666668,75.20833333333333,24,175.76819959525787,100.80791666666669,1.805,Complete,11.864401,5,4,133,0,0.49999999999999994,-0.8660254037844387,-0.433883739117558,-0.9009688679024191,0.753697664392914,-0.6572212950663319,0.07379171706135329,-0.9972736748220807,10.932758,6.780567,7.2498097,8.211217,6.401983,8.321044899999999,2.2739461658996105,7.9565524142857145,1.574076654980336,7.528645514285714,1.8838566399568837,4.152191,0.792399385714285,11.864401
2022-05-14,20.95,25.7,17.1,72.79166666666667,0.2,1.2945833333333334,1007.4083333333332,171.66666666666666,24,181.07932731873396,100.74083333333331,4.12,Complete,10.499491,5,5,134,0,0.49999999999999994,-0.8660254037844387,-0.9749279121818236,-0.2225209339563146,0.742280907086982,-0.6700888411055113,-0.01883670129687287,-0.9998225736020628,11.864401,10.932758,6.780567,6.2998567,6.5067806,9.859242,2.7065974001651982,8.478435842857142,2.16664849560538,7.918818228571429,2.175634773365572,0.9316430000000011,1.9404237714285708,10.499491
2022-05-15,20.8625,25.7,17.3,79.5,0.7000000000000001,1.2108333333333332,1006.8625,126.79166666666669,24,39.91054942228492,100.68625,3.043,Complete,11.558981,5,6,135,0,0.49999999999999994,-0.8660254037844387,-0.7818314824680299,0.6234898018587334,0.7306444969184916,-0.6827580970759147,0.6415908727949794,0.7670470337249057,10.499491,11.864401,10.932758,8.907378,10.938052,11.098883333333333,0.6974546915795612,9.0783836,2.040632659596476,8.204011828571428,2.237123030693401,-1.36491,2.8948715047619054,11.558981
2022-05-16,21.629166666666663,25.9,18.6,82.70833333333333,2.1,1.3325,1008.1791666666668,161.91666666666666,24,45.10351706574434,100.81791666666666,3.886,Complete,10.158374,5,0,136,0,0.49999999999999994,-0.8660254037844387,0.0,1.0,0.7187918772884232,-0.6952253139408722,0.7083831658767576,0.7058280883490129,11.558981,10.499491,11.864401,7.3142805,9.100659,11.307624333333331,0.7163308993986931,9.45718402857143,2.2399695720152404,8.2483639,2.300746633041203,1.0594899999999985,3.059260433333332,10.158374
2022-05-17,21.891666666666666,26.7,19.8,88.20833333333333,4.5,1.262916666666667,1009.2875,142.95833333333334,24,59.80365136980468,100.92875,3.431,Complete,6.8402033,5,1,137,0,0.49999999999999994,-0.8660254037844387,0.7818314824680298,0.6234898018587336,0.7067265555776158,-0.7074868024503348,0.8643068568677311,0.5029648667366571,10.158374,11.558981,10.499491,7.2498097,6.3643384,10.738948666666666,0.7303629047989354,9.8634831,2.0350618908068836,8.323914971428572,2.347772693196641,-1.400606999999999,2.415033695238094,6.8402033
2022-05-18,22.620833333333334,26.8,19.7,86.83333333333333,2.3,1.455,1009.3958333333334,157.83333333333334,24,32.12656341049572,100.93958333333332,3.788,Complete,8.388615,5,2,138,0,0.49999999999999994,-0.8660254037844387,0.9749279121818236,-0.22252093395631434,0.6944521021088763,-0.719538934232584,0.5317912641897286,0.8468754638856237,6.8402033,10.158374,11.558981,6.780567,4.375927,9.519186099999999,2.4234555131328763,9.8049679,2.126570999805796,8.357905321428571,2.3205065961501963,-3.3181707000000005,1.1612807785714274,8.388615
2022-05-19,23.391666666666666,25.2,22.1,97.04166666666669,16.5,1.6362500000000002,1008.9958333333334,184.20833333333331,24,59.20675240150104,100.89958333333334,4.421,Complete,10.140596,5,3,139,0,0.49999999999999994,-0.8660254037844387,0.43388373911755823,-0.900968867902419,0.6819721490904629,-0.7313781428679254,0.8590202360561374,0.5119416314835685,8.388615,6.8402033,10.158374,10.932758,6.0174303,8.462397433333331,1.66031535684823,10.034689042857142,1.808474376022443,8.644525892857143,2.019071264422213,1.5484117,-0.18212845952381151,10.140596
2022-05-20,23.516666666666666,25.5,22.5,98.25,71.1,1.669166666666667,1008.2791666666668,157.25,24,52.93588860129656,100.82791666666668,3.774,Complete,7.127092,5,4,140,0,0.49999999999999994,-0.8660254037844387,-0.433883739117558,-0.9009688679024191,0.6692903895412567,-0.7430009249440493,0.7979616062914847,0.6027082834047609,10.140596,8.388615,6.8402033,11.864401,8.211217,8.456471433333332,1.651242370220637,9.921523042857142,1.7672256995676485,8.93903772857143,1.9038161561376077,1.7519810000000007,-0.48256629523809735,7.127092
2022-05-21,23.5625,26.3,22.0,97.125,30.9,1.1670833333333337,1007.4333333333334,202.125,24,50.39342854626785,100.74333333333334,4.851,Complete,6.2349343,5,5,141,0,0.49999999999999994,-0.8660254037844387,-0.9749279121818236,-0.2225209339563146,0.6564105761979381,-0.7544038410927472,0.7704401293169637,0.6375123584198664,7.127092,10.140596,8.388615,10.499491,6.2998567,8.552100999999999,1.5133893562632859,9.244764614285714,1.8058505079190486,8.86160022857143,1.9570028067563692,-3.013504,-0.30949922857143086,6.2349343
2022-05-22,23.6,26.1,22.1,96.75,11.2,0.8854166666666666,1006.4791666666666,170.16666666666666,24,39.47269183472405,100.64791666666666,4.084,Complete,4.9311204,5,6,142,0,0.49999999999999994,-0.8660254037844387,-0.7818314824680299,0.6234898018587334,0.6433365204044917,-0.765583517007675,0.6357103783444095,0.7719276616789994,6.2349343,7.127092,10.140596,11.558981,8.907378,7.834207433333333,2.0465965664378905,8.635542228571428,2.018797214213893,8.856962914285713,1.963605842126779,-0.8921577000000003,-1.0227554809523802,4.9311204
2022-05-23,24.7125,29.5,21.8,90.125,0.1,1.705833333333333,1006.7708333333334,210.04166666666663,24,14.849627945415298,100.67708333333334,5.041,Complete,3.5683384,5,0,143,0,0.49999999999999994,-0.8660254037844387,0.0,1.0,0.6300720909843687,-0.7765366444428655,0.25628309643491914,0.9666017662314351,4.9311204,6.2349343,7.127092,10.158374,7.3142805,6.097715566666666,1.1043978235150755,7.688705000000001,1.9728995085300869,8.572944514285714,2.225811696137513,-1.3038138999999997,-2.4752289476190485,3.5683384
2022-05-24,23.9375,28.2,22.1,95.08333333333331,6.0,1.4158333333333333,1007.8625,192.08333333333331,24,7.587489031696487,100.78625,4.61,Complete,6.433304,5,1,144,0,0.49999999999999994,-0.8660254037844387,0.7818314824680298,0.6234898018587336,0.6166212130956382,-0.7872599821916922,0.1320399476697945,0.9912443958072893,3.5683384,4.9311204,6.2349343,6.8402033,7.2498097,4.911464366666665,1.3334066121063715,6.747271342857142,2.161329431074559,8.305377221428571,2.5849363309820874,-1.3627820000000002,-3.393912854761907,6.433304
2022-05-25,23.8125,27.3,21.7,94.125,4.8,1.205,1006.7833333333332,194.125,24,16.891055295792857,100.67833333333331,4.659,Complete,9.324125,5,2,145,0,0.49999999999999994,-0.8660254037844387,0.9749279121818236,-0.22252093395631434,0.6029878670694714,-0.7977503570459932,0.2905528175447844,0.9568589552367618,6.433304,3.5683384,4.9311204,8.388615,6.780567,4.977587599999999,1.4330479310904811,6.6891428714285714,2.16388370633153,8.247055385714287,2.619563397280087,2.8649655999999997,-3.269467785714288,9.324125
2022-05-26,23.566666666666663,26.6,21.6,95.83333333333331,4.1,1.4083333333333332,1005.0708333333332,113.66666666666669,24,17.232263200527314,100.50708333333333,2.728,Complete,7.069829,5,3,146,0,0.49999999999999994,-0.8660254037844387,0.43388373911755823,-0.900968867902419,0.5891760872322963,-0.8080046647350754,0.2962459194974296,0.9551116977511701,9.324125,6.433304,3.5683384,10.140596,10.932758,6.441922466666665,2.877902978673994,6.822787157142857,2.3102761704874744,8.4287381,2.598147732934786,2.8908210000000008,-1.986815633333335,7.069829
2022-05-27,24.0,28.7,21.7,91.29166666666669,6.6,1.1,1004.8208333333332,201.41666666666663,24,353.4751149870977,100.48208333333334,4.834,Complete,5.2328277,5,4,147,0,0.49999999999999994,-0.8660254037844387,-0.433883739117558,-0.9009688679024191,0.5751899607119775,-0.8180198708443175,-0.11363473658022497,0.9935225949329702,7.069829,9.324125,6.433304,7.127092,11.864401,7.6090860000000005,1.5189832446564382,6.384106157142857,1.8133919837139367,8.1528146,2.515574207894913,-2.254296,-0.5437285999999988,5.2328277
2022-05-28,23.804166666666664,27.6,22.0,92.75,32.9,1.6679166666666667,1005.3583333333332,152.5,24,23.79936918761685,100.53583333333331,3.66,Complete,7.052492,5,5,148,0,0.49999999999999994,-0.8660254037844387,-0.9749279121818236,-0.2225209339563146,0.5610336262283677,-0.8277930117131022,0.40353522284794024,0.9149641107284281,5.2328277,7.069829,9.324125,6.2349343,10.499491,7.208927233333333,2.049192435603392,6.113496971428572,1.8253379469307522,7.679130792857143,2.383834302191378,-1.8370013000000007,-0.4702035595238101,7.052492
2022-05-29,23.104166666666668,26.7,22.0,95.75,9.3,1.0104166666666667,1006.1416666666668,64.125,24,338.4608733685453,100.61416666666668,1.539,Complete,9.275851,5,6,149,0,0.49999999999999994,-0.8660254037844387,-0.7818314824680299,0.6234898018587334,0.5467112728685939,-0.8373211953118121,-0.3671365127168232,0.9301670715683984,7.052492,5.2328277,7.069829,4.9311204,11.558981,6.451716233333332,1.0556240265411068,6.230290928571429,1.8602253699918518,7.432916578571429,2.244038291052115,1.8196643000000003,-0.9812003452380962,9.275851
2022-05-30,24.1875,29.6,21.2,90.08333333333331,2.5,1.04125,1006.7541666666666,200.29166666666663,24,249.5890362250415,100.67541666666666,4.807,Complete,3.7896798,5,0,150,0,0.49999999999999994,-0.8660254037844387,0.0,1.0,0.5322271388474397,-0.8466016020976267,-0.9372152716867798,-0.34875139357008406,9.275851,7.052492,5.2328277,3.5683384,10.158374,7.187056899999999,2.024867930340082,6.850966728571428,2.067750529295057,7.269835864285715,1.9896630420733925,2.2233589999999994,-0.08277896428571552,3.7896798
2022-05-31,24.133333333333336,29.0,21.4,90.5,1.3,1.0179166666666666,1007.325,182.125,24,14.46703969926944,100.7325,4.371,Complete,2.5405242,5,1,151,0,0.49999999999999994,-0.8660254037844387,0.7818314824680298,0.6234898018587336,0.5175855102531889,-0.8556314858488706,0.24982302045793964,0.9682915152211506,3.7896798,9.275851,7.052492,6.433304,6.8402033,6.706007599999999,2.7594487109765007,6.8825869285714285,2.0100739441028153,6.814929135714286,2.006423130069658,-5.486171199999999,-0.10892153571428764,2.5405242
2022-06-01,23.59583333333333,27.4,20.1,88.54166666666667,0.0,0.9683333333333332,1007.9125,115.45833333333331,24,93.95325900292887,100.79125,2.771,Complete,3.7349324,6,2,152,0,1.2246467991473532e-16,-1.0,0.9749279121818236,-0.22252093395631434,0.5027907197793043,-0.8644081744776648,0.9976206245478144,-0.06894265353776831,2.5405242,3.7896798,9.275851,9.324125,8.388615,5.202018333333332,3.5829013208924914,6.326475528571429,2.6054180064191863,6.5078092,2.3085779955787484,-1.2491556,-1.3057908666666673,3.7349324
2022-06-02,21.95,27.0,18.9,87.08333333333333,0.1,1.02875,1007.6583333333332,115.20833333333331,24,4.853952574514968,100.76583333333332,2.765,Complete,4.433705,6,3,153,0,1.2246467991473532e-16,-1.0,0.43388373911755823,-0.900968867902419,0.4878471454423119,-0.8729290708206411,0.08461615366076813,0.9964136222170276,3.7349324,2.5405242,3.7896798,7.069829,10.140596,3.3550454666666663,0.7059270428598681,5.528019442857143,2.3803601449161165,6.1754033,2.3515694340231,1.1944081999999998,-2.820357833333334,4.433705
2022-06-03,23.09166666666667,28.6,19.4,85.25,0.0,1.0095833333333333,1007.25,195.875,24,319.72043707869176,100.725,4.701,Complete,5.8713636,6,4,154,0,1.2246467991473532e-16,-1.0,-0.433883739117558,-0.9009688679024191,0.47275920928627757,-0.881191653407483,-0.6465176989147793,0.7628989874091713,4.433705,3.7349324,2.5405242,5.2328277,7.127092,3.569720533333333,0.9573424706121412,5.1514303,2.3030522583719915,5.767768228571429,2.091610629654389,0.6987725999999999,-2.198047695238096,5.8713636
2022-06-04,23.6625,27.8,20.1,83.625,0.5,1.3525,1008.3583333333332,193.875,24,185.9601565565308,100.83583333333333,4.653,Complete,4.173966,6,5,155,0,1.2246467991473532e-16,-1.0,-0.9749279121818236,-0.2225209339563146,0.4575313760742512,-0.8891934772070711,-0.10383684824556261,-0.9945943439143559,5.8713636,4.433705,3.7349324,7.052492,6.2349343,4.680000333333332,1.0893028098282318,5.242649714285714,2.3194011359859577,5.678073342857142,2.055446681926722,1.4376585999999998,-0.99807300952381,4.173966
2022-06-05,22.558333333333334,27.7,18.9,85.08333333333333,0.3,1.1516666666666666,1008.9291666666668,194.70833333333331,24,58.68753515029503,100.89291666666666,4.673,Complete,5.755684,6,6,156,0,1.2246467991473532e-16,-1.0,-0.7818314824680299,0.6234898018587334,0.44216815196707204,-0.8969321743510065,0.8543457871443605,0.519704989382133,4.173966,5.8713636,4.433705,9.275851,4.9311204,4.826344866666666,0.9142834362458072,4.831431714285714,2.1969897532392544,5.5308613214285725,2.0860717458137206,-1.6973975999999995,-0.7045164547619063,5.755684
2022-06-06,23.1875,27.0,20.2,82.83333333333333,0.6000000000000001,1.2229166666666669,1008.4875,160.66666666666666,24,134.41289066887583,100.84875,3.856,Complete,5.472728,6,0,157,0,1.2246467991473532e-16,-1.0,0.0,1.0,0.42667408318992467,-0.9044054548343001,0.7143152480644526,-0.6998240681647206,5.755684,4.173966,5.8713636,3.7896798,3.5683384,5.267004533333332,0.9483645759820656,4.328550714285714,1.1755664063421833,5.589758721428571,2.0794661053826617,1.5817179999999995,-0.3227541880952387,5.472728
2022-06-07,22.34166666666667,25.7,19.1,76.16666666666667,0.0,1.330833333333333,1008.8208333333332,139.875,24,127.37947484832098,100.88208333333333,3.357,Complete,6.075567,6,1,158,0,1.2246467991473532e-16,-1.0,0.7818314824680298,0.6234898018587336,0.4110537546870351,-0.9116111071930239,0.794632150700949,-0.6070912164348816,5.472728,5.755684,4.173966,2.5405242,6.433304,5.134125999999999,0.843472847034206,4.568986171428571,1.2183208109143908,5.7257865500000005,1.9977455904958128,-0.28295599999999954,-0.5916605500000012,6.075567
2022-06-08,21.916666666666668,25.8,19.4,73.16666666666667,0.0,1.2920833333333333,1008.2583333333332,201.25,24,84.83648528535645,100.82583333333334,4.83,Complete,5.8846226,6,2,159,0,1.2246467991473532e-16,-1.0,0.9749279121818236,-0.22252093395631434,0.3953117887649151,-0.9185469991587165,0.9959419104687326,0.0899983942739587,6.075567,5.472728,5.755684,3.7349324,9.324125,5.767993,0.30160793854106727,5.073992285714285,0.9377049273863659,5.700233907142858,1.9902736779695736,0.6028390000000003,0.0677590928571421,5.8846226
2022-06-09,21.71666666666667,27.1,17.8,81.375,0.2,1.4845833333333334,1008.0291666666668,163.16666666666666,24,354.7441514171887,100.80291666666668,3.916,Complete,4.832046,6,3,160,0,1.2246467991473532e-16,-1.0,0.43388373911755823,-0.900968867902419,0.37945284372454435,-0.925211078289358,-0.09160326699262857,0.9957955821735087,5.8846226,6.075567,5.472728,4.433705,7.069829,5.8109725333333335,0.30809408339052174,5.381090885714285,0.7615353420474672,5.454555164285715,1.6995895654611861,-0.19094440000000024,0.35641736904761867,4.832046
2022-06-10,21.5375,27.6,17.4,86.5,0.0,1.4070833333333337,1008.4125,199.125,24,348.53521786881987,100.84125,4.779,Complete,5.4353533,6,4,161,0,1.2246467991473532e-16,-1.0,-0.433883739117558,-0.9009688679024191,0.36348161248290634,-0.9316013725767187,-0.19876556866341158,0.9800470645402243,4.832046,5.8846226,6.075567,5.8713636,5.2328277,5.597411866666666,0.6696668002571466,5.437996742857144,0.6905141559208313,5.294713521428571,1.6401824046667177,-1.0525766,0.30269834523809447,5.4353533
2022-06-11,22.495833333333334,27.8,19.0,87.20833333333333,0.0,1.50125,1008.0583333333334,197.04166666666663,24,357.81731321777784,100.80583333333334,4.729,Complete,9.509165,6,5,162,0,1.2246467991473532e-16,-1.0,-0.9749279121818236,-0.2225209339563146,0.3474028211842774,-0.9377159910299093,-0.038085857411718785,0.9992744705361056,5.4353533,4.832046,5.8846226,4.173966,7.052492,5.3840073,0.5281635007304849,5.375709557142857,0.6640658975273921,5.309179635714286,1.64048768784129,0.6033073,0.07482766428571441,9.509165
2022-06-12,23.491666666666664,28.3,20.0,85.83333333333333,0.0,1.4799999999999998,1008.4625,208.83333333333331,24,8.85741205825631,100.84625,5.012,Complete,6.814169,6,6,163,0,1.2246467991473532e-16,-1.0,-0.7818314824680299,0.6234898018587334,0.3312212278016865,-0.9435531242349544,0.15397599325311606,0.9880745890375465,9.509165,5.4353533,4.832046,5.755684,9.275851,6.592188099999999,2.5441227566508116,6.137880842857143,1.5395254646119922,5.484656278571428,1.9445238379291283,4.073811699999999,1.1075318214285703,6.814169
2022-06-13,23.745833333333334,27.6,20.9,91.5,1.6,1.0795833333333331,1009.1875,154.70833333333334,24,25.562797279229997,100.91875,3.713,Complete,5.836867,6,0,164,0,1.2246467991473532e-16,-1.0,0.0,1.0,0.31494162072895193,-0.9491110448902284,0.4315000889097292,0.9021128938613481,6.814169,9.509165,5.4353533,5.472728,3.7896798,7.252895766666666,2.072039170384228,6.289092985714285,1.5476900743205557,5.30882185,1.6667990198726177,-2.6949959999999997,1.9440739166666656,5.836867
2022-06-14,23.92083333333333,28.6,20.9,86.29166666666667,0.2,1.1108333333333331,1010.3791666666666,204.375,24,44.62152355357648,101.03791666666666,4.905,Complete,4.7553782,6,1,165,0,1.2246467991473532e-16,-1.0,0.7818314824680298,0.6234898018587336,0.2985688173637202,-0.9543881083175908,0.7024204809261461,0.7117622271345128,5.836867,6.814169,9.509165,6.075567,2.5405242,7.386733666666665,1.9019242554153757,6.341112842857143,1.5215771144001125,5.455049507142857,1.612177943242275,-0.9773019999999999,1.9316841595238081,4.7553782
2022-06-15,23.40416666666667,27.8,21.1,85.70833333333333,0.7999999999999999,1.2545833333333334,1010.5416666666666,184.79166666666663,24,83.11649586673741,101.05416666666666,4.435,Complete,5.041301,6,2,166,0,1.2246467991473532e-16,-1.0,0.9749279121818236,-0.22252093395631434,0.2821076626819194,-0.9593827529490743,0.9927918890432562,0.11985101188526893,4.7553782,5.836867,6.814169,5.8846226,3.7349324,5.802138066666665,1.0298346778240715,6.152514442857144,1.6373879482231073,5.613253364285714,1.398714082375284,-1.0814887999999998,0.18888470238095145,5.041301
2022-06-16,22.85,24.9,20.9,97.04166666666669,34.9,1.4854166666666666,1010.1208333333334,180.875,24,67.27274898845974,101.01208333333334,4.341,Complete,6.7323923,6,3,167,0,1.2246467991473532e-16,-1.0,0.43388373911755823,-0.900968867902419,0.26556302780405594,-0.9640935007889755,0.9223544405335796,0.3863447761106489,5.041301,4.7553782,5.836867,4.832046,4.433705,5.211182066666666,0.5604009178616757,6.032039928571429,1.6905455861884764,5.706565407142857,1.3041458753470232,0.2859227999999998,-0.4953833404761907,6.7323923
2022-06-17,23.28333333333333,27.2,21.4,91.66666666666669,5.0,1.7795833333333333,1010.0958333333332,132.16666666666666,24,81.61431434773795,101.00958333333332,3.172,Complete,9.40004,6,4,168,0,1.2246467991473532e-16,-1.0,-0.433883739117558,-0.9009688679024191,0.24893980855376657,-0.9685189578512204,0.9893087983772461,0.14583587162755768,6.7323923,5.041301,4.7553782,5.4353533,5.8713636,5.509690499999999,1.06849788520258,6.303517971428571,1.6166978688657616,5.870757357142857,1.2759634454074993,1.6910913,-0.36106685714285813,9.40004
2022-06-18,23.579166666666666,27.2,21.8,92.16666666666669,13.2,1.76875,1009.4916666666668,162.08333333333334,24,67.06881421857256,100.94916666666668,3.89,Complete,10.485224,6,5,169,0,1.2246467991473532e-16,-1.0,-0.9749279121818236,-0.2225209339563146,0.23224292400907015,-0.9726578145718654,0.9209734710711147,0.389625288685453,9.40004,6.7323923,5.041301,9.509165,4.173966,7.057911099999999,2.197526628825082,6.869901785714286,1.9266324851187113,6.122805671428572,1.5867604624995397,2.6676477000000007,0.9351054285714273,10.485224
2022-06-19,22.804166666666664,25.4,21.1,98.41666666666669,13.5,1.3295833333333331,1005.8083333333334,129.20833333333334,24,24.41856475957298,100.58083333333336,3.101,Complete,9.398903,6,6,170,0,1.2246467991473532e-16,-1.0,-0.7818314824680299,0.6234898018587334,0.21547731504673012,-0.976508846196619,0.41339948437459484,0.9105497604847409,10.485224,9.40004,6.7323923,6.814169,5.755684,8.8725521,1.9312221663019598,7.009338785714285,2.1694938755514395,6.573609814285715,1.862981281235796,1.085184,2.2989422857142854,9.398903
2022-06-20,23.2875,29.3,20.7,90.16666666666669,0.8999999999999999,1.26,1003.3208333333332,133.25,24,322.19613712598016,100.33208333333332,3.198,Complete,9.934325,6,0,171,0,1.2246467991473532e-16,-1.0,0.0,1.0,0.19864794288017112,-0.9800709131432666,-0.612960324408371,0.790113688465897,9.398903,10.485224,9.40004,5.836867,5.472728,9.761389,0.6268597559350924,7.3785865,2.3437057844267994,6.833839742857143,1.9900578776369433,-1.0863209999999999,2.9275492571428563,9.934325
2022-06-21,22.5,27.5,19.8,88.70833333333333,0.5,1.768333333333333,1005.2666666666668,128.83333333333334,24,234.8667590930717,100.52666666666669,3.092,Complete,8.941339,6,1,172,0,1.2246467991473532e-16,-1.0,0.7818314824680298,0.6234898018587336,0.18175978759137534,-0.9833429613388902,-0.817815982824886,-0.5754798156635607,9.934325,9.398903,10.485224,4.7553782,6.075567,9.939483999999998,0.5431788749767466,7.963937642857142,2.405347839167505,7.152525242857143,2.109006912031497,0.5354219999999987,2.7869587571428553,8.941339
2022-06-22,21.679166666666664,24.9,19.4,79.66666666666667,0.0,1.7558333333333334,1008.1708333333332,180.83333333333331,24,212.805851162217,100.81708333333331,4.34,Complete,5.1716285,6,2,173,0,1.2246467991473532e-16,-1.0,0.9749279121818236,-0.22252093395631434,0.16481784665719793,-0.9863240225317866,-0.5417940478390194,-0.8405112787620463,8.941339,9.934325,9.398903,5.041301,5.8846226,9.424855666666666,0.4970014635082444,8.561932042857142,1.9524116694447486,7.357223242857143,2.1353477435948993,-0.9929860000000001,2.067632423809523,5.1716285
2022-06-23,21.825,23.8,20.8,79.0,0.0,1.01625,1009.8375,63.66666666666666,24,134.70252908388167,100.98375,1.528,Complete,6.9330854,6,3,174,0,1.2246467991473532e-16,-1.0,0.43388373911755823,-0.900968867902419,0.14782713347053048,-0.9890132145779883,0.7107684247469445,-0.7034260774116546,5.1716285,8.941339,9.934325,6.7323923,4.832046,8.015764166666665,2.5126352832938332,8.580550257142857,1.9134766207683414,7.306295092857142,2.181181579489806,-3.7697104999999995,0.7094690738095233,6.9330854
2022-06-24,21.791666666666668,25.6,18.6,85.125,0.9,0.9983333333333334,1010.1833333333334,96.91666666666669,24,60.468088393635,101.01833333333336,2.326,Complete,7.167934,6,4,175,0,1.2246467991473532e-16,-1.0,-0.433883739117558,-0.9009688679024191,0.13079267585675922,-0.9914097417023038,0.8700812994520546,0.4929082392736239,6.9330854,5.1716285,8.941339,9.40004,5.4353533,7.015350966666666,1.8862012170091504,8.6092207,1.8824211063714857,7.456369335714286,2.067146957660457,1.7614569000000007,-0.4410183690476206,7.167934
2022-06-25,22.52083333333333,26.4,19.3,83.66666666666667,0.6000000000000001,1.215,1010.0,167.875,24,60.480140926509264,101.0,4.029,Complete,7.6104813,6,5,176,0,1.2246467991473532e-16,-1.0,-0.9749279121818236,-0.2225209339563146,0.11371951458594969,-0.9935128947338007,0.870184966594628,0.492725201215349,7.167934,6.9330854,5.1716285,10.485224,9.509165,6.424215966666665,1.0911095212985267,8.290348414285713,1.9149069069820297,7.580125100000001,1.9871612407363464,0.2348485999999994,-1.1559091333333358,7.6104813
2022-06-26,23.1125,27.3,20.6,88.45833333333333,3.4,1.415,1010.0416666666666,148.625,24,81.799259634102,101.00416666666666,3.567,Complete,6.253451,6,6,177,0,1.2246467991473532e-16,-1.0,-0.7818314824680299,0.6234898018587334,0.0966127018812031,-0.9953220513156602,0.9897743877993783,0.1426417234064628,7.6104813,7.167934,6.9330854,9.398903,6.814169,7.237166899999998,0.34396394747997966,7.879670885714286,1.656570704973213,7.444504835714286,1.9086191934888035,0.4425473000000002,-0.20733793571428727,6.253451
2022-06-27,23.2625,26.8,21.1,88.5,3.2,1.6720833333333334,1009.1458333333334,199.875,24,115.48218398812928,100.91458333333334,4.797,Complete,6.1484685,6,0,178,0,1.2246467991473532e-16,-1.0,0.0,1.0,0.07947729992362097,-0.9968366760893436,0.9027191073060582,-0.4302304188508217,6.253451,7.6104813,7.167934,9.934325,5.836867,7.010622099999999,0.6920571393972677,7.4303206,1.6014823418824424,7.4044535499999995,1.9286420577853578,-1.3570303,-0.3938314500000004,6.1484685
2022-06-28,22.866666666666664,27.5,20.1,86.70833333333333,0.9,1.3558333333333332,1008.2083333333334,158.83333333333334,24,65.89134731427048,100.82083333333334,3.812,Complete,5.891387,6,1,179,0,1.2246467991473532e-16,-1.0,0.7818314824680298,0.6234898018587336,0.062318379354325076,-0.998056320853012,0.9127725016337428,0.40846830998411504,6.1484685,6.253451,7.6104813,8.941339,4.7553782,6.670800266666666,0.8154787947159391,6.889483957142857,1.205131458902843,7.4267108,1.9108761158846188,-0.1049825000000002,-0.755910533333334,5.891387
2022-06-29,24.34583333333333,29.2,20.8,84.20833333333333,0.1,0.98125,1007.825,175.20833333333334,24,62.57016265960411,100.7825,4.205,Complete,6.542095,6,2,180,0,1.2246467991473532e-16,-1.0,0.9749279121818236,-0.22252093395631434,0.04514101777397193,-0.9989806246941579,0.887575611201888,0.4606620609509697,5.891387,6.1484685,6.253451,5.1716285,5.041301,6.097768833333332,0.1862805066937425,6.45377652857143,0.8337918080669184,7.507854285714286,1.8101814505425289,-0.25708149999999996,-1.4100854523809536,6.542095
2022-06-30,23.5125,27.9,21.5,91.83333333333331,3.7,1.0825,1008.4291666666668,151.33333333333334,24,134.5906713350161,100.84291666666668,3.632,Complete,7.0296907,6,3,181,0,1.2246467991473532e-16,-1.0,0.43388373911755823,-0.900968867902419,0.02795029824021032,-0.999609314096404,0.7121403582473844,-0.7020371145141024,6.542095,5.891387,6.1484685,6.9330854,6.7323923,6.193983499999998,0.32773302661578757,6.649557457142857,0.6146595340073582,7.615053857142857,1.6935570418868764,0.6507079999999998,-1.4210703571428587,7.0296907
2022-07-01,22.6125,24.1,21.6,96.79166666666669,12.0,1.5079166666666666,1009.8958333333334,153.0,24,116.46985569771851,100.98958333333334,3.672,Complete,6.811689,7,4,182,0,-0.4999999999999997,-0.8660254037844388,-0.433883739117558,-0.9009688679024191,0.01075130776352193,-0.9999422030204416,0.8951689901326227,-0.44572691090502986,7.0296907,6.542095,5.891387,7.167934,9.40004,6.487724233333331,0.5710962822146186,6.663358214285714,0.6231128867946172,7.6362894571428575,1.6834718291718893,0.48759569999999997,-1.148565223809526,6.811689
2022-07-02,22.325,24.7,20.9,96.79166666666669,10.4,1.1395833333333334,1009.7791666666668,198.70833333333331,24,75.49380699615259,100.97791666666669,4.769,Complete,6.5833206,7,5,183,0,-0.4999999999999997,-0.8660254037844388,-0.9749279121818236,-0.2225209339563146,-0.00645086419810515,-0.9999791929590823,0.9681205715717596,0.25048464803171006,6.811689,7.0296907,6.542095,7.6104813,10.485224,6.794491566666665,0.24425233970130375,6.612466071428571,0.5886273927772435,7.451407242857143,1.6156355279023085,-0.2180016999999994,-0.6569156761904775,6.5833206
2022-07-03,22.90416666666667,26.8,20.8,90.33333333333331,3.8,1.72625,1008.8333333333334,194.54166666666663,24,95.88056007379473,100.88333333333334,4.669,Complete,6.4931245,7,6,184,0,-0.4999999999999997,-0.8660254037844388,-0.7818314824680299,0.6234898018587334,-0.023651127245231586,-0.9997202729664083,0.9947376364159868,-0.10245503744343683,6.5833206,6.811689,7.0296907,6.253451,9.398903,6.808233433333332,0.22320511250695185,6.465728828571429,0.39433183532855165,7.172699857142857,1.3698864937517419,-0.22836839999999992,-0.36446642380952454,6.4931245
2022-07-04,22.104166666666668,24.4,20.5,87.875,1.5,1.6358333333333333,1008.8208333333332,63.5,24,102.8398158241127,100.88208333333333,1.524,Complete,6.8908577,7,0,185,0,-0.4999999999999997,-0.8660254037844388,0.0,1.0,-0.04084439154329611,-0.9991655196610109,0.9749951609960967,-0.22222609215435415,6.4931245,6.5833206,6.811689,6.1484685,9.934325,6.6293780333333325,0.1642004888512822,6.4999679,0.38307267072656326,6.965144250000001,1.218397077086985,-0.0901961,-0.33576621666666817,6.8908577
2022-07-05,23.3,26.9,20.9,84.58333333333333,3.3,1.755,1009.2916666666666,179.95833333333334,24,95.2951889259394,100.92916666666666,4.319,Complete,8.312221,7,1,186,0,-0.4999999999999997,-0.8660254037844388,0.7818314824680298,0.6234898018587336,-0.05802556932878035,-0.9983150972033183,0.9957324509477579,-0.09228697703127398,6.8908577,6.4931245,6.5833206,5.891387,8.941339,6.6557676,0.20852901585224717,6.6060235,0.3721506195636516,6.747753728571429,0.8694052745741664,0.39773319999999934,-0.0919861285714294,8.312221
2022-07-06,22.829166666666666,24.7,21.5,96.875,12.7,1.7133333333333332,1009.7666666666668,159.75,24,83.87031770165767,100.97666666666667,3.834,Complete,7.0574374,7,2,187,0,-0.4999999999999997,-0.8660254037844388,0.9749279121818236,-0.22252093395631434,-0.07518957641475855,-0.9971692572470178,0.9942827601958266,0.10677917763950194,8.312221,6.8908577,6.4931245,6.542095,5.1716285,7.232067733333332,0.9563452484398938,6.951856928571429,0.6316876550824506,6.702816728571428,0.7561909981419919,1.4213632999999994,0.5292510047619032,7.0574374
2022-07-07,22.820833333333336,25.6,20.5,94.16666666666669,8.4,1.2825,1009.35,173.70833333333334,24,87.08192103722605,100.935,4.169,Complete,6.0191283,7,3,188,0,-0.4999999999999997,-0.8660254037844388,0.43388373911755823,-0.900968867902419,-0.09233133369539122,-0.9957283388645872,0.9987033435001978,0.05090807088788311,7.0574374,8.312221,6.8908577,7.0296907,6.9330854,7.4201720333333325,0.7770139756216249,7.025477271428572,0.6054582940722225,6.8375173642857145,0.617745373568321,-1.2547835999999988,0.582654669047618,6.0191283
2022-07-08,22.45,25.9,19.7,84.58333333333333,1.3,1.460416666666667,1008.4791666666666,155.625,24,63.39740255006312,100.84791666666666,3.735,Complete,6.6091843,7,4,189,0,-0.4999999999999997,-0.8660254037844388,-0.433883739117558,-0.9009688679024191,-0.10944576864891556,-0.993992768446958,0.8941339371860852,0.4477996230147025,6.0191283,7.0574374,8.312221,6.811689,7.167934,7.129595566666666,1.1482480713943486,6.881111214285714,0.7148785520743204,6.772234714285714,0.6540926407547439,-1.0383091000000002,0.3573608523809515,6.6091843
2022-07-09,22.52916666666667,26.1,19.7,80.45833333333333,0.3,1.41125,1008.875,126.0,24,67.74260553451965,100.8875,3.024,Complete,7.362729,7,5,190,0,-0.4999999999999997,-0.8660254037844388,-0.9749279121818236,-0.2225209339563146,-0.12652781683868314,-0.9919630595773397,0.9254916287640313,0.3787680623913536,6.6091843,6.0191283,7.0574374,6.5833206,7.6104813,6.561916666666666,0.5207658962109556,6.852181971428571,0.7222158680669126,6.73232402142857,0.6450754756190531,0.5900559999999997,-0.17040735476190427,7.362729
2022-07-10,22.829166666666666,25.0,20.4,96.45833333333331,16.2,1.5066666666666666,1008.8625,173.91666666666666,24,57.51410812132368,100.88625,4.174,Complete,6.3405,7,6,191,0,-0.4999999999999997,-0.8660254037844388,-0.7818314824680299,0.6234898018587334,-0.1435724234118113,-0.9896398128792412,0.8435237212287379,0.5370919211125993,7.362729,6.6091843,6.0191283,6.4931245,6.253451,6.6636805333333315,0.6734560786315319,6.963526028571429,0.7338442044507031,6.714627428571428,0.6221214734033407,0.7535447,-0.0509468952380967,6.3405
2022-07-11,23.554166666666664,27.1,21.7,93.79166666666669,4.8,1.5091666666666663,1008.8375,202.83333333333331,24,55.93676012832128,100.88375,4.868,Complete,4.6670723,7,0,192,0,-0.4999999999999997,-0.8660254037844388,0.0,1.0,-0.16057454459499376,-0.9870237158387383,0.8284198618920889,0.5601076078957438,6.3405,7.362729,6.6091843,6.8908577,6.1484685,6.770804433333332,0.529932856817032,6.94172252857143,0.7521879180480445,6.720845214285715,0.6175760957295368,-1.0222290000000003,0.0499592190476168,4.6670723
2022-07-12,24.4625,29.2,22.0,89.0,0.1,1.1825,1007.925,202.5,24,13.387578094255664,100.7925,4.86,Complete,2.508898,7,1,193,0,-0.4999999999999997,-0.8660254037844388,0.7818314824680298,0.6234898018587336,-0.17752914918703497,-0.984115542601034,0.23153699717019038,0.9728260990235671,4.6670723,6.3405,7.362729,8.312221,5.891387,6.123433766666665,1.3608745619284155,6.6240389,1.144530922901239,6.6150312,0.817680520832816,-1.6734276999999995,-0.49159743333333505,2.508898
2022-07-13,23.616666666666664,27.1,21.8,95.16666666666669,5.5,1.5433333333333332,1006.5916666666668,197.125,24,24.858489652197942,100.65916666666666,4.731,Complete,5.274906,7,2,194,0,-0.4999999999999997,-0.8660254037844388,0.9749279121818236,-0.22252093395631434,-0.19443122004766195,-0.9809161537413774,0.4203785565742216,0.9073488133967962,2.508898,4.6670723,6.3405,7.0574374,6.542095,4.5054900999999985,1.920904754827426,5.794992757142857,1.6898180117027968,6.373424842857143,1.3646993674721455,-2.1581743,-1.8679347428571447,5.274906
2022-07-14,24.141666666666666,28.6,21.5,91.08333333333331,1.7000000000000002,1.9083333333333328,1006.0708333333332,206.25,24,39.262177926898296,100.60708333333334,4.95,Complete,3.1304026,7,3,195,0,-0.4999999999999997,-0.8660254037844388,0.43388373911755823,-0.900968867902419,-0.2112757555821793,-0.9774264960104055,0.6328699074928643,0.7742581482877486,5.274906,2.508898,4.6670723,6.0191283,7.0296907,4.150292099999999,1.4536149405361833,5.5403454142857145,1.5997768776800507,6.282911342857143,1.394352704557138,2.766008,-2.132619242857144,3.1304026
2022-07-15,24.041666666666668,28.4,21.3,89.91666666666667,0.1,1.9125,1007.7541666666666,208.75,24,17.64029857964549,100.77541666666666,5.01,Complete,7.1629386,7,4,196,0,-0.4999999999999997,-0.8660254037844388,-0.433883739117558,-0.9009688679024191,-0.2280577712215198,-0.9736476020539838,0.30304023579259604,0.9529777623275203,3.1304026,5.274906,2.508898,6.6091843,6.811689,3.6380688666666656,1.451204273267355,5.127670314285715,1.8139369016732976,6.004390764285715,1.6069429416198189,-2.1445033999999996,-2.366321897619049,7.1629386
2022-07-16,23.866666666666664,29.5,20.7,87.95833333333333,1.6,1.012916666666667,1008.6166666666668,207.58333333333331,24,321.0545722812016,100.86166666666666,4.982,Complete,3.8725502,7,5,197,0,-0.4999999999999997,-0.8660254037844388,-0.9749279121818236,-0.2225209339563146,-0.24477230089725957,-0.9695805901076308,-0.6285799006092863,0.7777450151238643,7.1629386,3.1304026,5.274906,7.362729,6.5833206,5.189415733333332,2.0176268453544726,5.206778071428571,1.899378387078207,6.02948002142857,1.6231769201594461,4.032536,-0.8400642880952383,3.8725502
2022-07-17,22.745833333333334,25.3,21.1,96.625,18.1,1.2866666666666666,1010.1958333333332,206.04166666666663,24,115.99361180914784,101.01958333333332,4.945,Complete,6.814062,7,6,198,0,-0.4999999999999997,-0.8660254037844388,-0.7818314824680299,0.6234898018587334,-0.2614143985111562,-0.965226663665613,0.898842916887616,-0.4382709330550708,3.8725502,7.1629386,3.1304026,6.3405,6.4931245,4.721963799999998,2.146267514948382,4.7081811,1.6851150589234467,5.835853564285714,1.7113169261670025,-3.2903884000000003,-1.113889764285716,6.814062
2022-07-18,22.979166666666668,27.5,20.8,86.16666666666667,2.9,1.71125,1010.025,200.54166666666663,24,70.90323408652198,101.0025,4.813,Complete,6.6952453,7,0,199,0,-0.4999999999999997,-0.8660254037844388,0.0,1.0,-0.2779791393987801,-0.9605871111248129,0.9449673806163824,0.32716456038362884,6.814062,3.8725502,7.1629386,4.6670723,6.8908577,5.949850266666665,1.8074319892424406,4.775832814285715,1.7689878774518901,5.858777671428571,1.7229090457342,2.9415118,0.09107259523809397,6.6952453
2022-07-19,23.066666666666663,26.9,21.1,90.875,5.0,1.9491666666666667,1009.0083333333332,208.875,24,72.42643964252895,100.90083333333334,5.013,Complete,6.8691506,7,1,200,0,-0.4999999999999997,-0.8660254037844388,0.7818314824680298,0.6234898018587336,-0.2944616217868012,-0.9556633054034704,0.9533300975512985,0.30193000033589207,6.6952453,6.814062,3.8725502,2.508898,8.312221,5.793952499999999,1.665043378078686,5.065571814285714,1.9087772389425859,5.8448053571428575,1.7146688015852292,-0.1188167,-0.05085285714285881,6.8691506
2022-07-20,23.133333333333336,28.1,20.7,88.58333333333333,2.0,1.471666666666667,1009.4583333333334,179.91666666666666,24,73.12777051897521,100.94583333333334,4.318,Complete,6.518363,7,2,201,0,-0.4999999999999997,-0.8660254037844388,0.9749279121818236,-0.22252093395631434,-0.3108569682435036,-0.9504567035349151,0.9569543712355842,0.2902384043732109,6.8691506,6.6952453,6.814062,5.274906,7.0574374,6.792819299999999,0.0888774581628599,5.688465042857142,1.625880628646885,5.7417289,1.5940648313810022,0.17390530000000037,1.0510903999999988,6.518363
2022-07-21,23.316666666666663,27.2,20.4,87.08333333333333,2.2,1.7433333333333332,1009.7916666666666,198.91666666666663,24,72.77802543463156,100.97916666666666,4.774,Complete,5.4021215,7,3,202,0,-0.4999999999999997,-0.8660254037844388,0.43388373911755823,-0.900968867902419,-0.3271603271220951,-0.9449688462364056,0.9551648793971992,0.2960744047805111,6.518363,6.8691506,6.6952453,3.1304026,6.0191283,6.694252966666666,0.17539590537559122,5.866101757142856,1.6410231987574375,5.7032235857142854,1.5661041660392108,-0.3507876000000003,0.9910293809523809,5.4021215
2022-07-22,23.070833333333336,27.3,20.4,88.91666666666667,2.6,1.3416666666666668,1009.225,166.33333333333334,24,78.10779524398826,100.9225,3.992,Complete,5.4235444,7,4,203,0,-0.4999999999999997,-0.8660254037844388,-0.433883739117558,-0.9009688679024191,-0.34336687399638804,-0.939201357453208,0.9785370306761587,0.2060710547250303,5.4021215,6.518363,6.8691506,7.1629386,6.6091843,6.263211699999999,0.7660745619588645,6.190633028571428,1.1655990456157073,5.659151671428572,1.5652117913270518,-1.1162415,0.6040600285714275,5.4235444
2022-07-23,23.183333333333334,27.0,20.3,79.45833333333333,0.2,1.3741666666666663,1009.1708333333332,181.66666666666663,24,75.63375792675394,100.91708333333332,4.36,Complete,4.9459887,7,5,204,0,-0.4999999999999997,-0.8660254037844388,-0.9749279121818236,-0.2225209339563146,-0.3594718130884232,-0.9331559438780432,0.9687295178437698,0.24811916745422408,5.4235444,5.4021215,6.518363,3.8725502,7.362729,5.781342966666666,0.6383679443017911,5.9421481428571425,1.1077424852445719,5.574463107142857,1.5417542960569033,0.021422900000000134,0.20687985952380927,4.9459887
2022-07-24,22.991666666666664,27.4,21.0,85.25,3.8,1.5645833333333332,1008.7166666666668,158.0,24,68.10703017722219,100.87166666666668,3.792,Complete,7.9317036,7,6,205,0,-0.4999999999999997,-0.8660254037844388,-0.7818314824680299,0.6234898018587334,-0.3754703786876202,-0.9268343944460494,0.9278820124181812,0.3728739345017109,4.9459887,5.4235444,5.4021215,6.814062,6.3405,5.257218199999998,0.2697454103664719,6.0954965,0.8069539889548619,5.4018388,1.459214200530141,-0.4775556999999999,-0.14462060000000232,7.9317036
2022-07-25,22.90416666666667,26.4,20.5,95.29166666666669,7.8,1.5425000000000002,1007.4958333333334,180.58333333333331,24,53.665532127966,100.74958333333332,4.334,Complete,5.614808,7,0,206,0,-0.4999999999999997,-0.8660254037844388,0.0,1.0,-0.3913578365610259,-0.9202385798054075,0.8055719944217872,0.5924979002522321,7.9317036,4.9459887,5.4235444,6.6952453,4.6670723,6.100412233333333,1.6038191649533051,6.255159585714286,1.0475306257625203,5.5154962,1.5937198400940336,2.9857148999999996,0.5849160333333323,5.614808
2022-07-26,23.40833333333333,27.2,21.8,91.25,4.0,1.7045833333333331,1007.7291666666666,127.91666666666669,24,48.91835292575369,100.77291666666666,3.07,Complete,5.2347317,7,1,207,0,-0.4999999999999997,-0.8660254037844388,0.7818314824680298,0.6234898018587336,-0.4071294853542516,-0.9133704517637858,0.7537739234080114,0.6571338314149511,5.614808,7.9317036,4.9459887,6.8691506,2.508898,6.164166766666665,1.5668342786988156,6.1008113999999996,1.0514698958947803,5.583191607142857,1.5749271152531343,-2.3168955999999996,0.580975159523808,5.2347317
2022-07-27,23.133333333333336,27.7,20.0,87.25,0.0,1.5720833333333333,1007.9916666666668,190.70833333333331,24,16.759519109523854,100.79916666666666,4.577,Complete,4.96145,7,2,208,0,-0.4999999999999997,-0.8660254037844388,0.9749279121818236,-0.22252093395631434,-0.4227806579826773,-0.9062320427107697,0.28835535487318786,0.9575234667181572,5.2347317,5.614808,7.9317036,6.518363,5.274906,6.260414433333332,1.4598013931416967,5.867322985714287,1.0337363215615565,5.777894014285714,1.3122076870027881,-0.3800762999999998,0.482520419047618,4.96145
2022-07-28,22.929166666666664,27.6,20.2,83.16666666666667,0.0,1.475833333333333,1009.3291666666668,204.04166666666663,24,10.199935403100987,100.93291666666669,4.897,Complete,5.1752524,7,3,209,0,-0.4999999999999997,-0.8660254037844388,0.43388373911755823,-0.900968867902419,-0.4383067230125192,-0.898825465016444,0.17708363070921956,0.9841958076190127,4.96145,5.2347317,5.614808,5.4021215,3.1304026,5.270329899999999,0.32813045107611727,5.644906842857144,1.0377969355735666,5.755504299999999,1.3240707300258792,-0.27328170000000007,-0.4851744,5.1752524
2022-07-29,23.2,27.7,19.9,83.16666666666667,0.7,1.39375,1009.2583333333332,203.125,24,59.59823450694584,100.92583333333332,4.875,Complete,6.145001,7,4,210,0,-0.4999999999999997,-0.8660254037844388,-0.433883739117558,-0.9009688679024191,-0.45370308603134424,-0.8911529104063088,0.8624980760420345,0.5060603410896657,5.1752524,4.96145,5.2347317,5.4235444,7.1629386,5.123811366666666,0.14371971618921314,5.6124969714285715,1.050112109216788,5.901565,1.107248287574419,0.21380239999999961,-0.7777536333333339,6.145001
2022-07-30,22.825,26.0,21.2,96.20833333333331,13.8,1.525,1008.4125,170.41666666666666,24,46.881781743793375,100.84125,4.09,Complete,5.938276,7,5,211,0,-0.4999999999999997,-0.8660254037844388,-0.9749279121818236,-0.2225209339563146,-0.46896519100763184,-0.8832166493127127,0.729944980138915,0.683505907779881,6.145001,5.1752524,4.96145,4.9459887,3.8725502,5.427234466666666,0.6307293110688934,5.7155622,1.0637914134793502,5.828855171428571,1.0499878267902742,0.9697486,-0.40162070476190515,5.938276
2022-07-31,23.383333333333336,26.2,21.3,94.95833333333331,4.2,1.4804166666666667,1007.95,204.25,24,21.51968891606665,100.795,4.902,Complete,7.557489,7,6,212,0,-0.4999999999999997,-0.8660254037844388,-0.7818314824680299,0.6234898018587334,-0.48408852163897587,-0.8750190302029955,0.366820930432945,0.9302915698835008,5.938276,6.145001,5.1752524,7.9317036,6.814062,5.752843133333332,0.5107759761682656,5.8573175285714285,1.0088449732998137,5.976407014285714,0.8863151810103561,-0.2067249999999996,-0.22356388095238167,7.557489
2022-08-01,23.4125,27.9,20.8,91.79166666666669,6.0,1.1020833333333333,1008.1208333333334,151.625,24,12.61506918969519,100.81208333333332,3.639,Complete,7.7002583,8,0,213,0,-0.8660254037844384,-0.5000000000000004,0.0,1.0,-0.4990686026885319,-0.8665624788845385,0.21839990676498727,0.9758593549918169,7.557489,5.938276,6.145001,5.614808,6.6952453,6.546921999999999,0.8812593559917541,5.8038583,0.8826200877690219,6.0295089428571425,0.9596027529126757,1.6192130000000002,0.5174130571428561,7.7002583
2022-08-02,23.266666666666666,27.4,21.3,92.54166666666669,7.0,1.1779166666666667,1009.8833333333332,205.66666666666663,24,35.93002398486376,100.98833333333332,4.936,Complete,7.7180004,8,1,214,0,-0.8660254037844384,-0.5000000000000004,0.7818314824680298,0.6234898018587336,-0.5139010013093103,-0.8578494977869301,0.5867967521157085,0.8097342599312788,7.7002583,7.557489,5.938276,5.2347317,6.8691506,7.065341099999999,0.9786738848994271,6.101779771428572,1.1264547511331855,6.101295585714285,1.0468611976189452,0.14276929999999943,0.9640455142857132,7.7180004
2022-08-03,23.025,26.2,20.3,94.45833333333331,8.0,1.5879166666666666,1009.2291666666666,224.29166666666663,24,51.95225587101851,100.92291666666668,5.383,Complete,6.0968046,8,2,215,0,-0.8660254037844384,-0.5000000000000004,0.9749279121818236,-0.22252093395631434,-0.5285813283559292,-0.8488826652214553,0.7874974541427086,0.6163179047526954,7.7180004,7.7002583,7.557489,4.96145,6.518363,7.6585825666666665,0.08799788317998235,6.456532442857143,1.196721381870418,6.1619277142857145,1.1169878566725675,0.017742100000000427,1.496654852380952,6.0968046
2022-08-04,23.03333333333333,27.7,19.6,90.0,0.6000000000000001,1.3520833333333335,1007.8083333333334,196.29166666666663,24,15.370944926619426,100.78083333333332,4.711,Complete,7.2444096,8,3,216,0,-0.8660254037844384,-0.5000000000000004,0.43388373911755823,-0.900968867902419,-0.5431052396834317,-0.8396646346181327,0.26506718412892066,0.9642299455513529,6.0968046,7.7180004,7.7002583,5.1752524,5.4021215,7.171687766666666,0.9309183970765821,6.618725957142857,1.0249258389762967,6.1318164,1.1123124064841592,-1.6211958000000006,1.0398713666666657,7.2444096
2022-08-05,22.804166666666664,27.3,20.7,89.125,9.0,1.5525,1006.5583333333334,217.29166666666663,24,13.142586725584437,100.65583333333332,5.215,Complete,9.83438,8,4,217,0,-0.8660254037844384,-0.5000000000000004,-0.433883739117558,-0.9009688679024191,-0.5574684374327892,-0.8301981337405212,0.22737518023499279,0.97380723318997,7.2444096,6.0968046,7.7180004,6.145001,5.4235444,7.019738199999999,0.8336227467913097,6.914319842857142,0.8164018359315324,6.263408407142856,1.1282077058437343,1.1476050000000004,0.7563297928571426,9.83438
2022-08-06,23.416666666666668,27.7,20.8,89.25,0.6000000000000001,1.29625,1006.1875,222.5,24,32.72127778926491,100.61875,5.34,Complete,5.6519413,8,5,218,0,-0.8660254037844384,-0.5000000000000004,-0.9749279121818236,-0.2225209339563146,-0.5716666713027052,-0.8204859638785327,0.5405527929558405,0.8413100962354132,9.83438,7.2444096,6.0968046,5.938276,4.9459887,7.725198066666665,1.914611091039396,7.441373985714286,1.2903145029482976,6.578468092857143,1.4465841528461385,2.5899703999999995,1.1467299738095216,5.6519413
2022-08-07,23.3625,28.7,20.4,88.125,0.4,1.2104166666666667,1006.5666666666666,225.66666666666663,24,14.652281868959223,100.65666666666668,5.416,Complete,3.5368898,8,6,219,0,-0.8660254037844384,-0.5000000000000004,-0.7818314824680299,0.6234898018587334,-0.5856957398073508,-0.8105309990194823,0.2529522788482554,0.9674787566791709,5.6519413,9.83438,7.2444096,7.557489,7.9317036,7.576910299999999,2.1109514220937915,7.400469028571428,1.3491060232937315,6.628893278571428,1.3967473034290163,-4.1824387,0.948017021428571,3.5368898
2022-08-08,23.72083333333333,28.0,21.2,88.33333333333333,1.2,1.36,1006.0291666666668,220.58333333333331,24,31.67180651899255,100.60291666666669,5.294,Complete,3.725475,8,0,220,0,-0.8660254037844384,-0.5000000000000004,0.0,1.0,-0.5995514915196489,-0.8003361849976323,0.5250529296400582,0.851069574756607,3.5368898,5.6519413,9.83438,7.7002583,5.614808,6.341070366666666,3.204804183981864,6.826097714285715,1.9796377913575327,6.314978007142857,1.565132360985264,-2.1150515,0.026092359523809172,3.725475
2022-08-09,23.804166666666664,30.2,19.8,84.375,0.0,1.805,1005.0791666666668,235.91666666666663,24,9.970362253880287,100.50791666666667,5.662,Complete,3.5878997,8,1,221,0,-0.8660254037844384,-0.5000000000000004,0.7818314824680298,0.6234898018587336,-0.6132298262997502,-0.7899045386224707,0.1731387367936495,0.9848974453319997,3.725475,3.5368898,5.6519413,7.7180004,5.2347317,4.304768699999999,1.1704898995966662,6.258271528571428,2.2400339713299684,6.180025649999999,1.7053226367321612,0.1885851999999999,-1.8752569500000007,3.5878997
2022-08-10,24.558333333333334,32.9,19.9,81.54166666666667,0.0,1.3550000000000002,1004.0375,236.70833333333331,24,317.5730919208684,100.40375,5.681,Complete,8.089572,8,2,222,0,-0.8660254037844384,-0.5000000000000004,0.9749279121818236,-0.22252093395631434,-0.6267266965083301,-0.7792391467859886,-0.6746491173710059,0.7381385834858674,3.5878997,3.725475,3.5368898,6.0968046,4.96145,3.616754833333332,0.09754772398421474,5.668257142857143,2.3334442230877994,6.062394792857143,1.827933824517373,-0.13757529999999996,-2.445639959523811,8.089572
2022-08-11,21.991666666666664,25.6,20.8,96.08333333333331,7.7,1.9666666666666668,1005.0625,66.125,24,234.2115591344022,100.50625,1.587,Complete,7.1924686,8,3,223,0,-0.8660254037844384,-0.5000000000000004,0.43388373911755823,-0.900968867902419,-0.6400381082043503,-0.7683431655492202,-0.811181814742193,-0.5847940350512842,8.089572,3.5878997,3.725475,7.2444096,5.1752524,5.1343155666666656,2.560251390168758,5.952938199999999,2.509368487551409,6.2858320785714294,1.8736200208269864,4.501672300000001,-1.151516511904764,7.1924686
2022-08-12,21.691666666666663,24.4,19.8,77.91666666666667,0.2,2.4970833333333333,1008.2541666666666,142.16666666666666,24,189.36356930007463,100.82541666666664,3.412,Complete,7.042075,8,4,224,0,-0.8660254037844384,-0.5000000000000004,-0.433883739117558,-0.9009688679024191,-0.65316012232693,-0.7572198192083127,-0.16269863150462754,-0.98667581064224,7.1924686,8.089572,3.5878997,9.83438,6.145001,6.289980099999998,2.3826723429000918,5.945518057142857,2.50498612982728,6.42991895,1.8591524942636455,-0.8971034000000007,-0.13993885000000184,7.042075
2022-08-13,21.504166666666663,23.7,19.8,73.20833333333333,0.0,1.8,1010.2833333333332,108.375,24,148.29562544516082,101.02833333333334,2.601,Complete,8.081599,8,5,225,0,-0.8660254037844384,-0.5000000000000004,-0.9749279121818236,-0.2225209339563146,-0.666088855860977,-0.7458723993404063,0.5255366092965992,-0.8507709869812403,7.042075,7.1924686,8.089572,5.6519413,5.938276,7.441371866666665,0.5663718905191787,5.546617342857142,1.94143720488561,6.493995664285714,1.8640299435729564,-0.15039360000000013,0.9473762023809504,8.081599
2022-08-14,21.454166666666666,24.8,19.3,73.0,1.6,2.1645833333333333,1010.6625,136.16666666666666,24,105.1056160614267,101.06625,3.268,Complete,12.18217,8,6,226,0,-0.8660254037844384,-0.5000000000000004,-0.7818314824680299,0.6234898018587334,-0.6788204829862355,-0.734304263829602,0.9654470919116265,-0.26059914182395827,8.081599,7.042075,7.1924686,3.5368898,7.557489,7.438714199999999,0.5618097616484921,5.8937113000000005,2.167440498360191,6.647090164285714,1.902496906704239,1.039524000000001,0.7916240357142845,12.18217
2022-08-15,22.1125,25.4,19.4,74.375,1.6,2.295,1010.6708333333332,167.25,24,87.2328733045848,101.06708333333331,4.014,Complete,9.870953,8,0,227,0,-0.8660254037844384,-0.5000000000000004,0.0,1.0,-0.6913512362094071,-0.722518835873311,0.9988340003718227,0.04827669936130381,12.18217,8.081599,7.042075,3.725475,7.7002583,9.101947999999998,2.7177156241238762,7.12875132857143,2.929722057838672,6.9774245214285715,2.407264965167295,4.100570999999999,2.124523478571427,9.870953
2022-08-16,22.870833333333334,26.6,20.3,87.45833333333333,4.6,2.9375,1010.5416666666666,176.58333333333334,24,75.29682588776778,101.05416666666666,4.238,Complete,15.369352,8,1,228,0,-0.8660254037844384,-0.5000000000000004,0.7818314824680298,0.6234898018587336,-0.7036774074790128,-0.7105196029692745,0.9672536934290038,0.2538115295804165,9.870953,12.18217,8.081599,3.5878997,7.7180004,10.044907333333333,2.055812665121599,8.006676757142857,2.6470655717971803,7.132474142857142,2.52445687922971,-2.311216999999999,2.9124331904761904,15.369352
2022-08-17,23.541666666666668,26.8,22.0,88.125,7.6,3.497916666666667,1010.4333333333334,221.08333333333331,24,73.41664769725092,101.04333333333334,5.306,Complete,13.516087,8,2,229,0,-0.8660254037844384,-0.5000000000000004,0.9749279121818236,-0.22252093395631434,-0.7157953492826642,-0.6983101158835584,0.9584055428035987,0.2854099078927347,15.369352,9.870953,12.18217,8.089572,6.0968046,12.47415833333333,2.7608043720811524,9.689741371428571,3.0793989518624167,7.6789992571428565,3.3531745347245656,5.498398999999999,4.795159076190473,13.516087
2022-08-18,23.2125,26.6,20.6,80.25,3.8,3.4450000000000003,1010.5833333333334,195.0,24,75.70751262381474,101.05833333333334,4.68,Complete,12.874444,8,3,230,0,-0.8660254037844384,-0.5000000000000004,0.43388373911755823,-0.900968867902419,-0.7277014757264236,-0.6858939875998223,0.9690481095926375,0.2468719532367653,13.516087,15.369352,9.870953,7.1924686,7.2444096,12.91879733333333,2.7974388465577604,10.464957799999999,3.285570541588591,8.208948000000001,3.656454219681732,-1.8532649999999986,4.709849333333329,12.874444
2022-08-19,22.64583333333333,26.7,18.9,73.125,2.5,2.57375,1009.7791666666668,176.54166666666666,24,88.00997897607999,100.97791666666669,4.237,Complete,13.252503,8,4,231,0,-0.8660254037844384,-0.5000000000000004,-0.433883739117558,-0.9009688679024191,-0.7393922635959241,-0.673274892250183,0.9993968901667524,0.034725436282704795,12.874444,13.516087,15.369352,7.042075,9.83438,13.919960999999999,1.295560549732468,11.276668571428571,3.034637821641714,8.611093314285714,3.8468565952344322,-0.6416430000000002,5.308867685714285,13.252503
2022-08-20,19.891666666666666,24.3,17.9,90.375,5.3,1.2916666666666667,1008.9083333333332,156.625,24,60.53903700301329,100.89083333333332,3.759,Complete,9.727074,8,5,232,0,-0.8660254037844384,-0.5000000000000004,-0.9749279121818236,-0.2225209339563146,-0.7508642533989489,-0.6604565640279754,0.8706909940074619,0.49183045143046816,13.252503,12.874444,13.516087,8.081599,5.6519413,13.214344666666667,0.3225189586123899,12.163872571428572,2.4398218057152685,8.855244957142856,4.034368569840707,0.37805900000000037,4.359099709523811,9.727074
2022-08-21,20.875,24.8,17.8,80.16666666666667,0.3,1.30625,1008.2333333333332,163.83333333333334,24,223.29574837738903,100.82333333333332,3.932,Complete,5.578599,8,6,233,0,-0.8660254037844384,-0.5000000000000004,-0.7818314824680299,0.6234898018587334,-0.7621140503891487,-0.6474427960827475,-0.6857643467977751,-0.7278236466761855,9.727074,13.252503,12.874444,12.18217,3.5368898,11.951340333333333,1.9355238807801904,12.39894042857143,2.0249532564712993,9.146325864285714,3.931161749232779,-3.525429000000001,2.8050144690476184,5.578599
2022-08-22,21.441666666666663,26.3,16.7,81.625,0.6000000000000001,1.1216666666666668,1008.3416666666668,196.625,24,49.65480236302017,100.83416666666668,4.719,Complete,2.7486563,8,0,234,0,-0.8660254037844384,-0.5000000000000004,0.0,1.0,-0.7731383255706026,-0.6342374393978054,0.762157873899841,0.6473912072715183,5.578599,9.727074,13.252503,9.870953,3.725475,9.519391999999998,3.8411651240407583,11.455573142857144,3.287427795877687,9.292162235714285,3.740295871059055,-4.148475,0.2272297642857133,2.7486563
2022-08-23,22.22083333333333,26.6,19.7,87.83333333333333,3.4,0.9775,1009.1875,170.04166666666666,24,49.42962076489767,100.91875,4.081,Complete,3.4542465,8,1,235,0,-0.8660254037844384,-0.5000000000000004,0.7818314824680298,0.6234898018587336,-0.7839338166829201,-0.620844401650647,0.7596076430284825,0.6503816023325948,2.7486563,5.578599,9.727074,15.369352,3.5878997,6.018109766666665,3.509908215955265,10.438102185714285,4.670755451914455,9.222389471428572,3.8593431032252226,-2.8299426999999997,-3.204279704761907,3.4542465
2022-08-24,22.15833333333333,26.5,19.5,88.0,7.6,1.3008333333333333,1009.2708333333334,206.75,24,47.4549954474605,100.92708333333334,4.962,Complete,3.6054358,8,2,236,0,-0.8660254037844384,-0.5000000000000004,0.9749279121818236,-0.22252093395631434,-0.7944973291665992,-0.6072676460566135,0.7367464484353178,0.6761691139929017,3.4542465,2.7486563,5.578599,13.516087,8.089572,3.9271672666666646,1.473052768905189,8.735944257142856,4.744670047553927,9.212842814285713,3.8744885703454544,0.7055902000000001,-5.285675547619048,3.6054358
2022-08-25,22.89583333333333,27.5,19.3,80.75,1.7,1.2879166666666666,1009.2625,207.91666666666663,24,51.90851863969196,100.92625,4.99,Complete,4.4980197,8,3,237,0,-0.8660254037844384,-0.5000000000000004,0.43388373911755823,-0.900968867902419,-0.8048257371083452,-0.593511190196115,0.7870267531146874,0.6169188681518445,3.6054358,3.4542465,2.7486563,12.874444,7.1924686,3.2694461999999986,0.457308584071087,7.320136942857142,4.555438930358637,8.892547371428572,4.15003827205904,0.15118929999999997,-5.623101171428573,4.4980197
2022-08-26,23.129166666666663,27.2,19.4,81.70833333333333,5.5,1.565416666666667,1009.4958333333334,235.625,24,81.04973185420577,100.94958333333334,5.655,Complete,7.6071844,8,4,238,0,-0.8660254037844384,-0.5000000000000004,-0.433883739117558,-0.9009688679024191,-0.8149159841660791,-0.5795791048257612,0.9878237512236743,0.15557710795097254,4.4980197,3.6054358,3.4542465,13.252503,7.042075,3.8525673333333317,0.5640665912242134,6.1235049,3.9073150247286077,8.700086735714285,4.2948955378351155,0.8925839000000004,-4.847519402380954,7.6071844
2022-08-27,22.291666666666668,25.2,20.5,95.58333333333331,15.8,1.4591666666666665,1009.9666666666668,211.66666666666663,24,59.7859244740914,100.99666666666668,5.08,Complete,6.5075836,8,5,239,0,-0.8660254037844384,-0.5000000000000004,-0.9749279121818236,-0.2225209339563146,-0.8247650844733614,-0.5654755126737576,0.864151201846537,0.5032322528884506,7.6071844,4.4980197,3.6054358,9.727074,8.081599,5.236879966666665,2.1006984159189876,5.317030814285714,2.5307624676908214,8.740451692857143,4.280746536571892,3.1091647,-3.5035717261904775,6.5075836
2022-08-28,22.96666666666667,27.7,20.0,83.58333333333333,0.8,1.2675,1010.3916666666668,258.5416666666667,24,107.2585353702206,101.03916666666667,6.205,Complete,4.9305058,8,6,240,0,-0.8660254037844384,-0.5000000000000004,-0.7818314824680299,0.6234898018587334,-0.8343701235229537,-0.5512045872199277,0.9549757579690664,-0.29668384130485953,6.5075836,7.6071844,4.4980197,5.578599,12.18217,6.204262566666665,1.5766194911513483,4.857103614285714,1.7756104977276277,8.628022021428572,4.319872940170349,-1.0996008000000002,-2.4237594547619077,4.9305058
2022-08-29,22.316666666666663,26.9,19.1,85.0,3.5,1.2795833333333333,1008.4416666666666,214.95833333333331,24,107.71969692161244,100.84416666666668,5.159,Complete,5.392856,8,0,241,0,-0.8660254037844384,-0.5000000000000004,0.0,1.0,-0.8437282590292712,-0.5367705514607103,0.9525569056514223,-0.3043605452350673,4.9305058,6.5075836,7.6071844,2.7486563,9.870953,6.348424599999998,1.345418437656202,4.764518871428572,1.748408065681201,8.110046007142858,4.295618510893467,-1.5770778000000005,-1.7616214071428598,5.392856
2022-08-30,22.72083333333333,28.1,18.8,81.54166666666667,1.5,1.255,1007.2125,250.58333333333331,24,137.3849756865875,100.72125,6.014,Complete,4.8601975,8,1,242,0,-0.8660254037844384,-0.5000000000000004,0.7818314824680298,0.6234898018587336,-0.8528367217694595,-0.522177676659508,0.6770689685379226,-0.7359195688680886,5.392856,4.9305058,6.5075836,3.4542465,15.369352,5.610315133333331,0.8107157040638717,5.142261685714286,1.509628143444485,7.790181935714286,4.321060632293612,0.4623502000000004,-2.179866802380955,4.8601975
2022-08-31,20.995833333333334,23.3,19.8,94.29166666666669,9.6,1.4395833333333332,1008.6958333333332,210.66666666666663,24,128.33703701828418,100.86958333333334,5.056,Complete,5.9443083,8,2,243,0,-0.8660254037844384,-0.5000000000000004,0.9749279121818236,-0.22252093395631434,-0.8616928164028521,-0.5074302810827518,0.7843755703301998,-0.6202861957751228,4.8601975,5.392856,4.9305058,3.6054358,13.516087,5.061186433333332,0.28937750491678144,5.34311182857143,1.3305163325653167,7.0395280428571425,3.782374071700623,-0.5326585000000001,-1.9783416095238104,5.9443083
2022-09-01,21.45833333333333,23.9,19.4,81.625,1.1,1.2770833333333331,1010.2,96.25,24,106.03883510885817,101.02,2.31,Complete,4.844036,9,3,244,0,-1.0,-1.8369701987210297e-16,0.43388373911755823,-0.900968867902419,-0.8702939222685674,-0.49253272872205434,0.9610746480026031,-0.2762888361238514,5.9443083,4.8601975,5.392856,4.4980197,12.874444,5.399120599999999,0.542082549598337,5.6772364714285715,1.0940815436987847,6.498686707142857,3.294998033050735,1.0841108000000004,-1.0995661071428584,4.844036
2022-09-02,21.666666666666668,26.5,17.9,87.0,1.0,1.1479166666666667,1009.0208333333334,171.75,24,37.3967432538577,100.90208333333334,4.122,Complete,4.8313923,9,4,245,0,-1.0,-1.8369701987210297e-16,-0.433883739117558,-0.9009688679024191,-0.8786374941610001,-0.4774894280028391,0.6073306834658964,0.7944491430676021,4.844036,5.9443083,4.8601975,7.6071844,13.252503,5.216180599999998,0.6306288600682902,5.726667371428571,1.0383202364091568,5.925086135714286,2.7543322208858485,-1.1002723000000003,-0.7089055357142886,4.8313923
2022-09-03,21.5375,23.9,20.1,88.66666666666667,4.8,1.3104166666666666,1008.7583333333332,127.83333333333331,24,103.41225835218044,100.87583333333332,3.068,Complete,5.0747104,9,5,246,0,-1.0,-1.8369701987210297e-16,-0.9749279121818236,-0.2225209339563146,-0.886721063082993,-0.46230483047981086,0.9727262738048575,-0.23195602223205425,4.8313923,4.844036,5.9443083,6.5075836,9.727074,5.206578866666665,0.6389237070199886,5.330125642857142,0.6624587083114394,5.323578228571428,1.777255044452522,-0.012643699999999924,-0.1169993619047629,5.0747104
2022-09-04,21.054166666666667,26.4,17.1,78.79166666666667,0.0,1.52125,1009.475,258.2083333333333,24,32.35735485550652,100.9475,6.197,Complete,4.354263,9,6,247,0,-1.0,-1.8369701987210297e-16,-0.7818314824680299,0.6234898018587334,-0.8945422369764496,-0.4469834295196741,0.5351982148789645,0.8447265065039512,5.0747104,4.8313923,4.844036,4.9305058,5.578599,4.916712899999998,0.13697581279958398,5.12542947142857,0.4120346442893854,4.991266542857142,1.2461444170552007,0.24331809999999976,-0.07455364285714428,4.354263
2022-09-05,21.495833333333334,26.6,17.7,77.04166666666667,0.0,1.6854166666666668,1008.2041666666668,271.75,24,11.585244697246392,100.82041666666667,6.522,Complete,3.5856616,9,0,248,0,-1.0,-1.8369701987210297e-16,0.0,1.0,-0.9020987014301837,-0.43152975897147144,0.200825645823417,0.9796270004341486,4.354263,5.0747104,4.8313923,5.392856,2.7486563,4.753455233333332,0.36649250171338743,5.043109071428572,0.5046287810109121,4.903813971428571,1.244715895077406,-0.7204473999999994,-0.15035873809523892,3.5856616
2022-09-06,22.4875,29.5,16.8,78.0,0.0,1.4670833333333333,1008.2333333333332,277.0,24,335.2161771399327,100.82333333333332,6.648,Complete,6.2654095,9,1,249,0,-1.0,-1.8369701987210297e-16,0.7818314824680298,0.6234898018587336,-0.9093882203647925,-0.4159483918249421,-0.41919575988356517,0.9078958722759127,3.5856616,4.354263,5.0747104,4.8601975,3.4542465,4.338211666666665,0.7446541587688081,4.784938442857142,0.7145122979437275,4.963600064285714,1.149712652460342,-0.7686014000000005,-0.6253883976190489,6.2654095
2022-09-07,23.6625,29.2,19.7,82.41666666666667,0.0,1.7879166666666668,1008.7708333333334,273.625,24,7.385808513274252,100.87708333333332,6.567,Complete,6.190291,9,2,250,0,-1.0,-1.8369701987210297e-16,0.9749279121818236,-0.22252093395631434,-0.9164086366943458,-0.4002439388573056,0.128549967414729,0.9917030331090412,6.2654095,3.5856616,4.354263,5.9443083,3.6054358,4.735111366666665,1.3798718457462262,4.985683014285714,0.9098725998847625,5.164397421428572,1.1106475902321782,2.6797478999999997,-0.4292860547619073,6.190291
2022-09-08,23.975,29.5,20.5,82.20833333333333,0.5,1.5833333333333333,1010.8583333333332,279.25,24,39.700689582219695,101.08583333333333,6.702,Complete,7.9471364,9,3,251,0,-1.0,-1.8369701987210297e-16,0.43388373911755823,-0.900968867902419,-0.9231578729647039,-0.38442104726885545,0.6387770775624421,0.7693918671137523,6.190291,6.2654095,3.5856616,4.844036,4.4980197,5.347120699999998,1.5259306399670247,5.020823399999999,0.9566158164771215,5.349029935714285,1.0444300208091948,-0.07511849999999942,-0.0019092357142875827,7.9471364
2022-09-09,23.09583333333333,28.4,20.1,84.375,1.2999999999999998,1.5679166666666668,1011.3416666666668,266.9166666666667,24,24.097655416142647,101.13416666666669,6.406,Complete,6.381974,9,4,252,0,-1.0,-1.8369701987210297e-16,-0.433883739117558,-0.9009688679024191,-0.9296339319682695,-0.3684843993077793,0.40829310621879217,0.9128508856402617,7.9471364,6.190291,6.2654095,4.8313923,7.6071844,6.800945633333331,0.9933406527745293,5.464123457142857,1.451845510981075,5.595395414285714,1.2202470866056947,1.7568453999999996,1.205550219047617,6.381974
2022-09-10,23.141666666666666,28.5,19.0,84.41666666666667,1.1,1.5266666666666666,1010.4166666666666,255.33333333333331,24,51.23892662640799,101.04166666666666,6.128,Complete,8.569359,9,5,253,0,-1.0,-1.8369701987210297e-16,-0.9749279121818236,-0.2225209339563146,-0.9358348973349941,-0.35243871088460327,0.7797634982841435,0.6260741862939843,6.381974,7.9471364,6.190291,5.0747104,6.5075836,6.839800466666664,0.9637583955850546,5.685635128571429,1.45749564231971,5.507880385714286,1.1031850743017093,-1.5651624000000002,1.3319200809523775,8.569359
2022-09-11,23.27916666666667,29.0,19.7,81.375,0.6,1.40625,1008.8875,279.125,24,49.44556747438785,100.88875,6.699,Complete,6.4795527,9,6,254,0,-1.0,-1.8369701987210297e-16,-0.7818314824680299,0.6234898018587334,-0.9417589340994617,-0.33628873017668287,0.7597886294943256,0.6501701611817744,8.569359,6.381974,7.9471364,4.354263,4.9305058,7.632823133333332,1.1270571887700682,6.184870642857143,1.776876610604676,5.655150057142857,1.3556387313583371,2.187385000000001,1.9776730761904755,6.4795527
2022-09-12,23.620833333333334,29.9,18.2,81.83333333333333,0.4,1.278333333333333,1009.9375,278.875,24,94.60453450866233,100.99375,6.693,Complete,5.1380553,9,0,255,0,-1.0,-1.8369701987210297e-16,0.0,1.0,-0.9474042892438845,-0.32003923622313857,0.9967725282228252,-0.08027781125738939,6.4795527,8.569359,6.381974,3.5856616,5.392856,7.143628566666664,1.2356823427050714,6.4884834571428565,1.5829398241673267,5.765796264285713,1.3551601399389963,-2.0898063000000002,1.3778323023809511,5.1380553
2022-09-13,24.104166666666668,29.0,20.8,84.0,2.7,1.84,1010.7,272.375,24,63.4636354915669,101.07,6.537,Complete,8.353865,9,1,256,0,-1.0,-1.8369701987210297e-16,0.7818314824680298,0.6234898018587336,-0.9527692922168511,-0.30369503751065885,0.8946509883648114,0.4467657205044565,5.1380553,6.4795527,8.569359,6.2654095,4.8601975,6.7289889999999986,1.729197825937424,6.710253985714287,1.16097640110292,5.747596214285714,1.3622465595046709,-1.3414973999999997,0.9813927857142843,8.353865
2022-09-14,23.8875,29.2,19.7,83.625,0.1,1.5366666666666668,1010.6583333333332,254.29166666666663,24,49.24025611347184,101.06583333333332,6.103,Complete,7.1108346,9,2,257,0,-1.0,-1.8369701987210297e-16,0.9749279121818236,-0.22252093395631434,-0.9578523554276669,-0.28726097055059635,0.7574539632119489,0.6528885767223314,8.353865,5.1380553,6.4795527,6.190291,5.9443083,6.657157666666666,1.615244764669444,7.008604771428572,1.2889062180756172,5.997143892857143,1.500195573055964,3.2158097000000003,0.6600137738095224,7.1108346
2022-09-15,23.941666666666663,29.0,19.9,81.75,0.2,1.7804166666666663,1008.1625,273.8333333333333,24,34.5953183438304,100.81625,6.572,Complete,7.614453,9,3,258,0,-1.0,-1.8369701987210297e-16,0.43388373911755823,-0.900968867902419,-0.9626519747161487,-0.2707418984477642,0.5677764844259138,0.8231827644775794,7.1108346,8.353865,5.1380553,7.9471364,4.844036,6.867584966666666,1.6216460140058775,7.140110999999999,1.2374322692732507,6.0804672,1.529151207710089,-1.2430304000000012,0.7871177666666656,7.614453
2022-09-16,24.67083333333333,30.2,21.0,83.33333333333333,2.1,1.6104166666666666,1007.4083333333332,282.0,24,15.78942177254514,100.74083333333331,6.768,Complete,5.965994,9,4,259,0,-1.0,-1.8369701987210297e-16,-0.433883739117558,-0.9009688679024191,-0.9671667297977312,-0.2541427094613622,0.27210259300204626,0.9622682468426166,7.614453,7.1108346,8.353865,6.381974,4.8313923,7.693050866666664,0.6252314469974243,7.092584799999999,1.207292486319853,6.278354128571428,1.5360805622856153,0.5036184000000006,1.4146967380952358,5.965994
2022-09-17,23.05,26.3,20.9,93.08333333333331,8.3,0.8970833333333333,1008.975,246.29166666666663,24,161.19785411766955,100.8975,5.911,Complete,6.8357906,9,5,260,0,-1.0,-1.8369701987210297e-16,-0.9749279121818236,-0.2225209339563146,-0.97139528468375,-0.23746831555846842,0.3223011495866105,-0.9466371897274845,5.965994,7.614453,7.1108346,8.569359,5.0747104,6.8970938666666655,0.8447591931933497,7.033159085714286,1.2573020121199772,6.359397107142857,1.4828762133909839,-1.648459,0.5376967595238087,6.8357906
2022-09-18,22.675,25.2,20.6,96.04166666666669,16.2,1.17,1010.6041666666666,278.875,24,87.14965353979441,101.06041666666668,6.693,Complete,8.733547,9,6,261,0,-1.0,-1.8369701987210297e-16,-0.7818314824680299,0.6234898018587334,-0.9753363880767837,-0.2207236509605022,0.9987628268865856,0.049727413259854976,6.8357906,5.965994,7.614453,6.4795527,4.354263,6.805412533333332,0.8246492520284473,6.785506457142858,1.0594472984783925,6.485188550000001,1.4395775619768052,0.8697965999999999,0.3202239833333307,8.733547
2022-09-19,22.29583333333333,24.5,20.4,96.75,19.8,1.3541666666666667,1010.9958333333334,251.16666666666663,24,66.06869296547966,101.09958333333334,6.028,Complete,7.5543337,9,0,262,0,-1.0,-1.8369701987210297e-16,0.0,1.0,-0.9789888737409319,-0.20391367068311472,0.9140324450119863,0.40564108453830244,8.733547,6.8357906,5.965994,5.1380553,3.5856616,7.178443866666664,1.4152370288472118,7.107505642857142,1.272140020819229,6.79799455,1.41653401353313,1.8977563999999996,0.38044931666666404,7.5543337
2022-09-20,22.48333333333333,24.9,20.8,95.54166666666669,13.2,1.7195833333333332,1010.0791666666668,286.5,24,72.77678549309955,101.00791666666667,6.876,Complete,8.645465,9,1,263,0,-1.0,-1.8369701987210297e-16,0.7818314824680298,0.6234898018587336,-0.9823516608469237,-0.18704334906991657,0.9551584718089018,0.2960950754938073,7.5543337,8.733547,6.8357906,8.353865,6.2654095,7.707890433333332,0.9581516535493134,7.4526882714285705,0.9306722235045393,7.081471128571429,1.0817838647074736,-1.1792132999999998,0.6264193047619031,8.645465
2022-09-21,23.125,27.5,20.6,90.16666666666669,3.4,1.66625,1007.975,280.3333333333333,24,54.03566894063752,100.7975,6.728,Complete,5.9397287,9,2,264,0,-1.0,-1.8369701987210297e-16,0.9749279121818236,-0.22252093395631434,-0.9854237542919524,-0.17011767832049052,0.809382757679672,0.5872814926173386,8.645465,7.5543337,8.733547,7.1108346,6.190291,8.31111523333333,0.6568700987081196,7.494345414285713,0.982798244034435,7.2514750928571425,1.1296300846961471,1.0911312999999998,1.059640140476188,5.9397287
2022-09-22,24.10833333333333,28.6,21.0,87.41666666666667,1.9,2.095,1006.6083333333332,266.4583333333333,24,31.872412873202585,100.66083333333331,6.395,Complete,10.182397,9,3,265,0,-1.0,-1.8369701987210297e-16,0.43388373911755823,-0.900968867902419,-0.9882042449941422,-0.15314166701312007,0.5280295053379853,0.849226024973636,5.9397287,8.645465,7.5543337,7.614453,7.9471364,7.3798424666666635,1.3612816108972814,7.327044571428571,1.1452204962641068,7.233577785714286,1.149545602436602,-2.7057363,0.14626468095237755,10.182397
2022-09-23,23.229166666666668,26.7,21.5,95.04166666666669,9.7,1.5854166666666665,1007.8166666666666,194.54166666666663,24,28.22489036624324,100.78166666666668,4.669,Complete,8.245713,9,4,266,0,-1.0,-1.8369701987210297e-16,-0.433883739117558,-0.9009688679024191,-0.9906923101615609,-0.13612033862266704,0.47293357509313916,0.8810980839552554,10.182397,5.9397287,8.645465,5.965994,6.381974,8.255863566666664,2.1479991931092095,7.693893714285714,1.58101052819656,7.393239257142857,1.3869834468302402,4.2426683,0.8626243095238069,8.245713
2022-09-24,22.3375,27.2,19.9,93.0,9.3,1.0475,1007.575,121.125,24,9.208307994841034,100.7575,2.907,Complete,9.0554695,9,5,267,0,-1.0,-1.8369701987210297e-16,-0.9749279121818236,-0.2225209339563146,-0.9928872135356962,-0.11905873003404988,0.16002432260920862,0.9871130716252642,8.245713,10.182397,5.9397287,6.8357906,8.569359,8.122612899999998,2.1240112527765196,8.019567857142857,1.3888836831419478,7.526363471428572,1.371813660117432,-1.9366839999999996,0.5962494285714266,9.0554695
2022-09-25,23.979166666666668,28.6,21.3,91.20833333333331,14.8,1.0708333333333333,1005.9291666666668,275.0,24,39.71111415181076,100.59291666666668,6.6,Complete,4.5852246,9,6,268,0,-1.0,-1.8369701987210297e-16,-0.7818314824680299,0.6234898018587334,-0.994788305609327,-0.10196189005174576,0.6389170525014024,0.7692756333219715,9.0554695,8.245713,10.182397,8.733547,6.4795527,9.161193166666664,0.97266096314911,8.336664842857143,1.3255123187211773,7.561085650000001,1.4059705679573273,0.8097564999999989,1.6001075166666627,4.5852246
2022-09-26,23.304166666666664,28.0,20.4,93.04166666666669,6.6,0.94625,1005.2291666666666,289.125,24,225.79655019613705,100.52291666666666,6.939,Complete,4.0233135,9,0,269,0,-1.0,-1.8369701987210297e-16,0.0,1.0,-0.9963950238187231,-0.08483487790576538,-0.7168686297362247,-0.697208267091052,4.5852246,9.0554695,8.245713,7.5543337,5.1380553,7.2954690333333305,2.3818050011774345,7.744047357142856,1.9148245133231276,7.4257765,1.5963301093794564,-4.470244899999999,-0.13030746666666904,4.0233135
2022-09-27,24.425,30.1,21.4,88.45833333333333,8.6,1.1841666666666666,1005.3875,267.875,24,160.26497999691426,100.53875,6.429,Complete,3.7932181,9,1,270,0,-1.0,-1.8369701987210297e-16,0.7818314824680298,0.6234898018587336,-0.9977068927101168,-0.06768276175455162,0.3376706357352611,-0.941264331504251,4.0233135,4.5852246,9.0554695,8.645465,8.353865,5.888002533333331,2.757457390381438,7.2396158999999995,2.3813871657864536,7.3461520857142855,1.7405090579390696,-0.5619110999999997,-1.458149552380955,3.7932181
2022-09-28,23.429166666666664,27.7,20.2,84.375,1.1,2.13125,1006.7125,268.375,24,200.42044183871644,100.67125,6.441,Complete,5.0013824,9,2,271,0,-1.0,-1.8369701987210297e-16,0.9749279121818236,-0.22252093395631434,-0.9987235240803972,-0.050510617185222886,-0.3489064261524553,-0.9371575672156317,3.7932181,4.0233135,4.5852246,5.9397287,7.1108346,4.133918733333331,0.40742325932754797,6.546437771428572,2.6001219099175605,7.020391592857143,1.9514099273112833,-0.23009540000000062,-2.8864728595238116,5.0013824
2022-09-29,22.75,27.1,18.6,74.0,0.6,1.5725,1007.9833333333332,288.9166666666667,24,98.29310374563356,100.79833333333332,6.934,Complete,7.661669,9,3,272,0,-1.0,-1.8369701987210297e-16,0.43388373911755823,-0.900968867902419,-0.9994446170919858,-0.033323525711631344,0.9895431569520825,-0.14423709831144751,5.0013824,3.7932181,4.0233135,10.182397,7.614453,4.272637999999998,0.6415117096934327,6.412388299999999,2.6601102438462534,6.8697164357142855,2.02397904555316,1.2081643,-2.5970784357142875,7.661669
2022-09-30,23.2875,28.4,19.8,75.04166666666667,1.3,1.684583333333333,1008.0875,282.0416666666667,24,56.00869540907774,100.80875,6.769,Complete,5.497064,9,4,273,0,-1.0,-1.8369701987210297e-16,-0.433883739117558,-0.9009688679024191,-0.9998699583618592,-0.016126573270657762,0.8291224280898419,0.5590670793727752,7.661669,5.0013824,3.7932181,8.245713,5.965994,5.4854231666666635,1.9791285176243973,6.052284300000001,2.194581641608084,6.873089007142857,2.0253543350667864,2.6602866,-1.3876658404761937,5.497064
2022-10-01,23.14583333333333,28.7,19.5,81.33333333333333,1.0,1.8279166666666664,1006.9833333333332,261.75,24,26.873475119215524,100.69833333333332,6.282,Complete,7.6595583,10,5,274,0,-0.8660254037844386,0.5000000000000001,-0.9749279121818236,-0.2225209339563146,-0.9999994220246925,0.001075151282798226,0.4520218062956874,0.8920068870996367,5.497064,7.661669,5.0013824,9.0554695,6.8357906,6.053371799999997,1.414704907318318,5.659620157142856,1.971250690384474,6.839594007142857,2.0452891281676218,-2.164605,-0.7862222071428597,7.6595583
2022-10-02,24.4125,30.1,20.0,83.33333333333333,4.4,1.8775,1005.8166666666666,286.0,24,13.348092878567169,100.58166666666666,6.864,Complete,5.255501,10,6,275,0,-0.8660254037844386,0.5000000000000001,-0.7818314824680299,0.6234898018587334,-0.999832969770105,0.018276557681691223,0.23086652203531027,0.9729854310334352,7.6595583,5.497064,7.661669,4.5852246,8.733547,6.939430433333331,1.2491264186497248,5.460204271428571,1.607511983034272,6.898434557142856,2.0569872491756054,2.1624942999999996,0.04099587619047451,5.255501
2022-10-03,24.604166666666668,29.7,21.2,85.875,1.4,1.893333333333333,1005.675,285.8333333333333,24,15.69800578629358,100.5675,6.86,Complete,5.6097493,10,0,276,0,-0.8660254037844386,0.5000000000000001,0.0,1.0,-0.9993706508539969,0.03547255575312556,0.2705669387527685,0.9627011642529345,5.255501,7.6595583,5.497064,4.0233135,7.5543337,6.13737443333333,1.3237714922513912,5.555958042857143,1.566136497047933,6.6500027,2.0281308300761913,-2.4040573,-0.5126282666666695,5.6097493
2022-10-04,24.433333333333334,30.1,21.4,86.33333333333333,3.5,1.8520833333333333,1006.8375,279.375,24,15.885082580754291,100.68375,6.705,Complete,7.5273123,10,1,277,0,-0.8660254037844386,0.5000000000000001,0.7818314824680298,0.6234898018587336,-0.9986126020839734,0.052658056924614005,0.27370881228743393,0.9618126044486016,5.6097493,5.255501,7.6595583,3.7932181,8.645465,6.174936199999998,1.297863648219466,5.782591728571428,1.414864868483064,6.511103814285714,2.0280210627620603,0.35424830000000007,-0.3361676142857162,7.5273123
2022-10-05,23.64583333333333,28.6,21.5,91.08333333333331,7.5,1.2975,1008.3708333333334,162.54166666666666,24,252.092560082268,100.83708333333334,3.901,Complete,7.345022,10,2,278,0,-0.8660254037844386,0.5000000000000001,0.9749279121818236,-0.22252093395631434,-0.9975590477788613,0.06982797572987089,-0.9515544852742187,-0.3074801807507545,7.5273123,5.6097493,5.255501,5.0013824,5.9397287,6.130854199999997,1.222270176067854,6.316033757142856,1.23190741195591,6.431235764285715,1.9583191368480355,1.9175630000000004,-0.3003815642857175,7.345022
2022-10-06,24.058333333333334,30.5,20.9,88.70833333333333,6.1,1.2433333333333334,1008.2458333333334,296.8333333333333,24,23.231709667615128,100.82458333333334,7.124,Complete,9.975949,10,3,279,0,-0.8660254037844386,0.5000000000000001,0.43388373911755823,-0.900968867902419,-0.9962102997023297,0.0869772313136861,0.3944505337540408,0.9189171760399042,7.345022,7.5273123,5.6097493,7.661669,10.182397,6.827361199999998,1.0584146128218164,6.650839414285714,1.1292637753944046,6.531613857142857,1.9671835660242643,-0.18229030000000002,0.29574734285714044,9.975949
2022-10-07,22.891666666666666,25.5,20.9,95.70833333333331,24.0,1.3495833333333334,1008.1458333333334,274.4583333333333,24,53.37777642125728,100.81458333333332,6.587,Complete,6.220837,10,4,280,0,-0.8660254037844386,0.5000000000000001,-0.433883739117558,-0.9009688679024191,-0.9945667569706337,0.1041007489354256,0.8025861543090941,0.5965362226313998,9.975949,7.345022,7.5273123,5.497064,8.245713,8.282761099999997,1.4691737088916272,6.981450842857143,1.679328731728227,6.5168675714285715,1.938272983287024,2.630927,1.765893528571425,6.220837
2022-10-08,22.125,25.9,18.7,94.16666666666669,16.6,1.3025,1008.4291666666668,264.875,24,62.06565599146635,100.84291666666668,6.357,Complete,7.48566,10,5,281,0,-0.8660254037844386,0.5000000000000001,-0.9749279121818236,-0.2225209339563146,-0.9926289059345095,0.121193461470736,0.8834849867068937,0.4684594734483654,6.220837,9.975949,7.345022,7.6595583,9.0554695,7.8472693333333305,1.9272793832281756,7.084846985714286,1.5927525292943867,6.372233571428572,1.8738194174254599,-3.7551119999999996,1.475035761904759,7.48566
2022-10-09,22.229166666666668,24.8,20.1,96.125,15.1,0.9058333333333332,1006.95,278.7083333333333,24,292.1147614133446,100.695,6.689,Complete,8.533319,10,6,282,0,-0.8660254037844386,0.5000000000000001,-0.7818314824680299,0.6234898018587334,-0.9903973200352558,0.1382503109109819,-0.9264316714855351,0.37646295710005484,7.48566,6.220837,9.975949,5.255501,4.5852246,7.894148666666664,1.9105925196735116,7.060004371428572,1.5836246191728929,6.260104321428571,1.7433286357768814,1.2648229999999998,1.6340443452380926,8.533319
2022-10-10,23.0,27.4,21.1,89.875,5.9,1.5833333333333333,1004.1333333333332,264.8333333333333,24,197.50367414377288,100.41333333333333,6.356,Complete,6.5068164,10,0,283,0,-0.8660254037844386,0.5000000000000001,0.0,1.0,-0.9878726596350429,0.15526624985999563,-0.30076695684952154,-0.9536976657554941,8.533319,7.48566,6.220837,5.6097493,4.0233135,7.413271999999998,1.1579392328568188,7.5282640857142855,1.4391406616338742,6.542111064285715,1.7706675223581043,1.0476590000000003,0.8711609357142835,6.5068164
2022-10-11,22.666666666666668,27.5,19.6,85.41666666666667,3.0,1.5920833333333333,1003.2625,278.25,24,177.35572574982567,100.32625,6.678,Complete,9.007558,10,1,284,0,-0.8660254037844386,0.5000000000000001,0.7818314824680298,0.6234898018587336,-0.9850556718215013,0.172236243027682,0.04613491047530383,-0.9989352181375105,6.5068164,8.533319,7.48566,7.5273123,3.7932181,7.5085984666666645,1.0134460157756273,7.6564165285714285,1.2698064232513875,6.719504128571429,1.616615018283601,-2.0265026000000006,0.7890943380952358,9.007558
2022-10-12,22.64583333333333,28.1,18.8,85.5,0.9,1.0408333333333333,1004.05,233.0,24,110.14669226399282,100.405,5.592,Complete,4.757837,10,2,285,0,-0.8660254037844386,0.5000000000000001,0.9749279121818236,-0.22252093395631434,-0.981947190186646,0.18915526872004093,0.938813880410651,-0.3444248799786333,9.007558,6.5068164,8.533319,7.345022,5.0013824,8.015897799999998,1.328239685128316,7.867880200000001,1.3644502738480246,7.091956978571429,1.4859526435756825,2.5007415999999996,0.9239408214285687,4.757837
2022-10-13,23.45833333333333,27.3,19.8,85.70833333333333,4.6,1.88625,1003.0958333333332,220.95833333333331,24,20.72419750873706,100.30958333333334,5.303,Complete,4.5310316,10,3,286,0,-0.8660254037844386,0.5000000000000001,0.43388373911755823,-0.900968867902419,-0.9785481345802031,0.20601832032517084,0.35386987476593845,0.9352946657247325,4.757837,9.007558,6.5068164,9.975949,7.661669,6.757403799999998,2.13591378061928,7.498282342857144,1.8079969245618437,7.074560878571428,1.513480340448376,-4.249720999999999,-0.31715707857143016,4.5310316
2022-10-14,22.7125,28.8,19.3,92.41666666666669,33.1,1.6325,1002.8666666666668,205.5,24,320.2171903820434,100.28666666666666,4.932,Complete,5.046445,10,4,287,0,-0.8660254037844386,0.5000000000000001,-0.433883739117558,-0.9009688679024191,-0.9748595108374125,0.22282040779479959,-0.6398791635201754,0.7684755403347074,4.5310316,4.757837,9.007558,6.220837,5.497064,6.098808866666665,2.5216019338642384,6.720437000000001,1.7341452524989274,6.850943921428572,1.6455739533531393,-0.22680539999999993,-0.752135054761907,5.046445
2022-10-15,22.870833333333334,28.6,17.9,77.33333333333333,0.0,1.49625,1006.2333333333332,329.2916666666667,24,211.90153284796315,100.62333333333332,7.903,Complete,4.1284842,10,5,288,0,-0.8660254037844386,0.5000000000000001,-0.9749279121818236,-0.2225209339563146,-0.9708824104813836,0.23955655912092708,-0.5284610472798477,-0.848957549885674,5.046445,4.5310316,4.757837,7.48566,7.6595583,4.778437866666665,0.2583235181036501,6.5526667142857145,1.843871810225737,6.818756850000001,1.6781766359139043,0.5154133999999999,-2.0403189833333357,4.1284842
2022-10-16,22.3875,26.6,17.9,89.875,5.9,1.1595833333333332,1008.7375,246.04166666666663,24,37.66536394540176,100.87375,5.905,Complete,6.3152328,10,6,289,0,-0.8660254037844386,0.5000000000000001,-0.7818314824680299,0.6234898018587334,-0.9666180104000972,0.2562218218071163,0.6110486234139014,0.7915930645375666,4.1284842,5.046445,4.5310316,8.533319,5.255501,4.5686535999999975,0.46013538089039613,6.073070171428571,1.991451480671312,6.566537271428572,1.8028100396723508,-0.9179608000000004,-1.9978836714285748,6.3152328
2022-10-17,23.92083333333333,27.8,21.7,92.75,6.0,1.265,1009.7333333333332,283.9166666666667,24,50.348378325547216,100.97333333333331,6.814,Complete,5.598686,10,0,290,0,-0.8660254037844386,0.5000000000000001,0.0,1.0,-0.9620675724981452,0.27281126433401914,0.7699386313890236,0.6381179388598922,6.3152328,4.1284842,5.046445,6.5068164,5.6097493,5.163387333333332,1.0980546397582294,5.756200714285714,1.6881078495022765,6.642232399999999,1.7653880333179952,2.1867486000000005,-1.4788450666666675,5.598686
2022-10-18,24.85,30.1,21.2,84.79166666666667,1.0,1.7645833333333334,1008.5916666666668,309.4166666666667,24,17.309632748008863,100.85916666666668,7.426,Complete,9.682175,10,1,291,0,-0.8660254037844386,0.5000000000000001,0.7818314824680298,0.6234898018587336,-0.957232443323312,0.28931997761869527,0.29753538728534934,0.9547107904035427,5.598686,6.3152328,4.1284842,9.007558,7.5273123,5.347467666666664,1.1148095568986562,5.6264678,1.6553862209738206,6.641442164285714,1.7658881574681968,-0.7165468000000006,-1.2939744976190504,9.682175
2022-10-19,24.0125,29.5,21.2,90.20833333333331,18.3,1.0904166666666668,1007.725,307.875,24,21.281761529446943,100.7725,7.389,Complete,4.0302978,10,2,292,0,-0.8660254037844386,0.5000000000000001,0.9749279121818236,-0.22252093395631434,-0.9521140536681102,0.3057430764672831,0.3629546348539086,0.93180681100648,9.682175,5.598686,6.3152328,4.757837,7.345022,7.198697933333332,2.180390695412649,5.722841657142857,1.8882882792250233,6.795360928571428,1.934868496381695,4.083489000000001,0.4033370047619034,4.0302978
2022-10-20,23.475,28.5,20.8,87.95833333333333,2.7,1.3941666666666668,1007.3375,251.125,24,199.71950544460185,100.73375,6.027,Complete,2.8227234,10,3,293,0,-0.8660254037844386,0.5000000000000001,0.43388373911755823,-0.900968867902419,-0.9467139181463862,0.3220757010206104,-0.33741574768332216,-0.94135573149331,4.0302978,9.682175,5.598686,4.5310316,9.975949,6.437052933333331,2.9177171396744477,5.618907485714287,1.9685718295616579,6.558594914285714,2.0611225853146804,-5.651877200000001,-0.121541980952383,2.8227234
2022-10-21,22.58333333333333,25.2,20.8,93.29166666666669,8.6,1.1083333333333334,1007.1375,253.875,24,126.14860802562228,100.71375,6.093,Complete,5.009724,10,4,294,0,-0.8660254037844386,0.5000000000000001,-0.433883739117558,-0.9009688679024191,-0.9410336347451197,0.3383130181923076,0.8074897366232808,-0.5898816196899719,2.8227234,4.0302978,9.682175,5.046445,6.220837,5.5117320666666645,3.6618307822763057,5.374863457142857,2.2162249950526216,6.047650228571428,2.0352748155034455,-1.2075743999999995,-0.5359181619047639,5.009724
2022-10-22,21.8,23.8,20.8,95.5,8.7,1.38,1006.7208333333332,147.0,24,111.72294880874662,100.67208333333332,3.528,Complete,8.521845,10,5,295,0,-0.8660254037844386,0.5000000000000001,-0.9749279121818236,-0.2225209339563146,-0.9350748843515574,0.3544502230989869,0.9289844015006891,-0.370118875185266,5.009724,2.8227234,4.0302978,4.1284842,7.48566,3.9542483999999973,1.095481875491481,5.3696176,2.217175187756796,5.961142157142858,2.053008910362098,2.1870006,-2.0068937571428602,8.521845
2022-10-23,22.2625,24.6,20.6,94.5,12.6,1.8741666666666663,1006.9708333333332,210.58333333333331,24,130.0391444331061,100.69708333333332,5.054,Complete,8.799635,10,6,296,0,-0.8660254037844386,0.5000000000000001,-0.7818314824680299,0.6234898018587334,-0.9288394302558068,0.3704825404820963,0.7656051123658337,-0.6433108206141873,8.521845,5.009724,2.8227234,6.3152328,8.533319,5.451430799999998,2.8751218105971312,5.997240571428571,2.4198466268232712,6.035155371428572,2.1294518188080236,3.5121210000000005,-0.5837245714285739,8.799635
2022-10-24,21.391666666666666,22.5,20.2,94.25,4.9,1.4583333333333333,1007.1791666666668,69.08333333333333,24,108.78455998283395,100.71791666666668,1.658,Complete,10.434562,10,0,297,0,-0.8660254037844386,0.5000000000000001,0.0,1.0,-0.9223291176290545,0.3864052261209853,0.9467360696234312,-0.3220105813074746,8.799635,8.521845,5.009724,5.598686,6.5068164,7.443734666666664,2.1124861573772216,6.352155171428572,2.6458927619643515,6.054177942857143,2.1545266429732237,0.27778999999999954,1.3895567238095214,10.434562
2022-10-25,20.5,23.1,19.2,92.91666666666669,19.4,1.5083333333333335,1005.9541666666668,59.208333333333336,24,67.37228185289572,100.59541666666668,1.421,Complete,7.3830366,10,1,298,0,-0.8660254037844386,0.5000000000000001,0.7818314824680298,0.6234898018587336,-0.9155458729775467,0.40221356823680365,0.9230241974138628,0.38474190178416307,10.434562,8.799635,8.521845,9.682175,9.007558,9.252013999999997,1.0334924529250729,7.0429946,3.0210927094922475,6.3347312,2.453047505145968,1.6349269999999994,2.917282799999997,7.3830366
2022-10-26,20.4625,22.9,17.9,97.83333333333331,21.4,1.9920833333333332,1003.1541666666668,74.95833333333333,24,60.32116274945631,100.31541666666666,1.799,Complete,3.2343054,10,2,299,0,-0.8660254037844386,0.5000000000000001,0.9749279121818236,-0.22252093395631434,-0.9084917035725082,0.41790288888678667,0.8688144576255523,0.4951377972047956,7.3830366,10.434562,8.799635,4.0302978,4.757837,8.872411199999997,1.5270638814981505,6.714546257142858,2.803486345505771,6.218693957142858,2.3532822076866577,-3.0515254,2.6537172428571383,3.2343054
2022-10-27,23.016666666666666,26.3,20.6,94.91666666666669,10.3,1.024166666666667,1002.5958333333332,319.7916666666667,24,32.68031197215839,100.25958333333332,7.675,Complete,4.852879,10,3,300,0,-0.8660254037844386,0.5000000000000001,0.43388373911755823,-0.900968867902419,-0.9011686968561569,0.4334685453485363,0.5399511278889428,0.8416963701308557,3.2343054,7.3830366,10.434562,2.8227234,4.5310316,7.01730133333333,3.6140345170492947,6.600833057142857,2.9431724928976655,6.109870271428571,2.4588905976218065,-4.148731199999999,0.9074310619047585,4.852879
2022-10-28,23.704166666666666,27.1,20.9,94.33333333333331,8.7,1.3808333333333334,1003.6833333333334,308.625,24,41.67415238874641,100.36833333333334,7.407,Complete,2.6799824,10,4,301,0,-0.8660254037844386,0.5000000000000001,-0.433883739117558,-0.9009688679024191,-0.8935790198239952,0.4489059314938798,0.6648934591367404,0.7469382089551851,4.852879,3.2343054,7.3830366,5.009724,5.046445,5.156740333333331,2.0909905367754997,6.890855285714286,2.5873418306157414,6.132859371428572,2.444456131864572,1.6185735999999995,-0.9761190380952414,2.6799824
2022-10-29,24.616666666666664,29.2,22.0,90.125,4.3,1.2295833333333337,1004.0291666666668,278.8333333333333,24,57.152487173383214,100.40291666666668,6.692,Complete,3.918146,10,5,302,0,-0.8660254037844386,0.5000000000000001,-0.9749279121818236,-0.2225209339563146,-0.8857249183835637,0.4642104791518923,0.8401171001498516,0.5424050682246656,2.6799824,4.852879,3.2343054,8.521845,4.1284842,3.589055599999997,1.1290507902095852,6.558035057142858,2.9884064009783526,5.963826328571429,2.6020969054151393,-2.1728965999999996,-2.374770728571432,3.918146
2022-10-30,24.58333333333333,29.6,21.3,87.375,6.8,1.3808333333333334,1003.8708333333334,276.75,24,18.480050836603755,100.38708333333334,6.642,Complete,4.204274,10,6,303,0,-0.8660254037844386,0.5000000000000001,-0.7818314824680299,0.6234898018587334,-0.8776087166898392,0.4793776594606945,0.3169744511908958,0.9484340764081763,3.918146,2.6799824,4.852879,8.799635,6.3152328,3.8170024666666644,1.0899735865259428,5.900363771428572,2.9907686026180826,5.948802171428571,2.6140886791333173,1.2381636,-2.131799704761906,4.204274
2022-10-31,24.729166666666668,29.7,21.7,88.33333333333333,2.2,1.5941666666666665,1003.7291666666666,203.66666666666663,24,354.92204420643395,100.37291666666668,4.888,Complete,9.252915,10,0,304,0,-0.8660254037844386,0.5000000000000001,0.0,1.0,-0.8692328164574792,0.49440298420761813,-0.08851106948947798,0.9960751932348425,4.204274,3.918146,2.6799824,10.434562,5.598686,3.600800799999998,0.8101834375188679,5.243883628571429,2.7423336964648377,5.7980194,2.6519337793096427,0.2861279999999997,-2.1972186000000025,9.252915
2022-11-01,24.391666666666666,29.4,21.5,88.0,10.7,1.1079166666666669,1004.5291666666668,207.5,24,245.21472968804343,100.45291666666668,4.98,Complete,6.0656476,11,1,305,1,-0.5000000000000004,0.8660254037844384,0.7818314824680298,0.6234898018587336,-0.8605996962501181,0.5092820071573356,-0.9078852819270408,-0.41921869574275633,9.252915,4.204274,3.918146,7.3830366,9.682175,5.791778333333331,3.000844477327065,5.075076914285715,2.382298793552336,6.0590357571428575,2.8061545309272202,5.048641,-0.2672574238095269,6.0656476
2022-11-02,21.6125,23.2,20.4,97.41666666666669,8.6,0.7520833333333333,1005.1833333333334,46.54166666666666,24,282.4053073507999,100.51833333333336,1.117,Complete,5.557624,11,2,306,1,-0.5000000000000004,0.8660254037844384,0.9749279121818236,-0.22252093395631434,-0.8517119107469189,0.5240103253675756,-0.9766523830504985,0.21482579612742603,6.0656476,9.252915,4.204274,3.2343054,4.0302978,6.507612199999997,2.5531732251181363,4.886878485714286,2.2158033563270854,5.800712371428572,2.606312077801208,-3.1872673999999996,0.7068998285714247,5.557624
2022-11-03,24.058333333333334,29.9,20.2,86.08333333333333,2.2,1.5083333333333335,1004.3625,311.9583333333333,24,8.038280017775788,100.43625,7.487,Complete,7.2702804,11,3,307,1,-0.5000000000000004,0.8660254037844384,0.43388373911755823,-0.900968867902419,-0.8425720899866032,0.5385835804920232,0.13983468017367784,0.9901748644662342,5.557624,6.0656476,9.252915,4.852879,2.8227234,6.9587288666666645,2.0029951336245144,5.218781142857144,2.097875640103581,5.909807100000001,2.5580238071600685,-0.5080236000000005,1.0489217666666635,7.2702804
2022-11-04,24.60833333333333,30.5,20.6,87.25,3.1,1.38375,1007.1708333333332,311.75,24,13.870745283357612,100.71708333333332,7.482,Complete,2.7457716,11,4,308,1,-0.5000000000000004,0.8660254037844384,-0.433883739117558,-0.9009688679024191,-0.8331829385891785,0.5529974600700271,0.23973237196220878,0.9708390133453503,7.2702804,5.557624,6.0656476,2.6799824,5.009724,6.2978506666666645,0.8796230353067819,5.5641242,2.2228519684605232,6.227489742857143,2.417455839086897,1.7126564000000002,0.0703609238095213,2.7457716
2022-11-05,23.579166666666666,26.1,21.5,95.75,18.0,1.02625,1007.8041666666668,299.2083333333333,24,357.4038031299851,100.78041666666668,7.181,Complete,6.295963,11,5,309,1,-0.5000000000000004,0.8660254037844384,-0.9749279121818236,-0.2225209339563146,-0.8235472349556007,0.5672476988027229,-0.04529667921988159,0.9989735786554372,2.7457716,7.2702804,5.557624,3.918146,8.521845,5.191225333333331,2.2843994741552316,5.573522657142857,2.2087192510810345,6.065778857142857,2.5757225665098415,-4.5245087999999996,-0.8745535238095261,6.295963
2022-11-06,24.15416666666667,28.7,20.9,82.625,1.2,1.3845833333333335,1006.2166666666668,339.8333333333333,24,55.34810238029392,100.62166666666668,8.156,Complete,5.3702393,11,6,310,1,-0.5000000000000004,0.8660254037844384,-0.7818314824680299,0.6234898018587334,-0.8136678304455991,0.5813300798152042,0.8226216869650306,0.5685890960393166,6.295963,2.7457716,7.2702804,4.204274,8.799635,5.43733833333333,2.381327824759897,5.9132108,2.0914339702608267,5.906787285714286,2.4793506435805654,3.5501914000000006,-0.4694489523809553,5.3702393
2022-11-07,23.52916666666667,28.0,19.6,84.125,1.3,1.6833333333333331,1004.6958333333332,277.4166666666667,24,38.11375083677424,100.46958333333332,6.658,Complete,5.383967,11,0,311,1,-0.5000000000000004,0.8660254037844384,0.0,1.0,-0.8035476485339116,0.5952404359043674,0.617224719709528,0.7867869123082148,5.3702393,6.295963,2.7457716,9.252915,10.434562,4.803991299999997,1.8415869086976293,6.079777271428571,1.9758845550518493,5.661830450000001,2.3368716251819284,-0.9257237000000007,-0.8578391500000038,5.383967
2022-11-08,24.15,28.8,20.5,81.29166666666667,0.7000000000000001,1.8954166666666667,1004.6,332.0416666666667,24,41.36651546082986,100.46,7.969,Complete,5.501171,11,1,312,1,-0.5000000000000004,0.8660254037844384,0.7818314824680298,0.6234898018587336,-0.7931896839451843,0.6089746507720486,0.6608733759123273,0.7504974223874747,5.383967,5.3702393,6.295963,6.0656476,7.3830366,5.683389766666664,0.5305483833583663,5.527070414285714,1.3965238659595414,5.301073664285715,1.8906409603803165,0.013727700000000453,0.3823161023809494,5.501171
2022-11-09,24.54583333333333,28.4,21.0,81.20833333333333,0.4,2.205416666666667,1004.3708333333334,280.1666666666667,24,40.103760286715726,100.43708333333332,6.724,Complete,8.987726,11,2,313,1,-0.5000000000000004,0.8660254037844384,0.9749279121818236,-0.22252093395631434,-0.7825970017677834,0.6225286602431057,0.6441738296945178,0.7648791258340748,5.501171,5.383967,5.3702393,5.557624,3.2343054,5.418459099999997,0.07195871203710176,5.4464309,1.3763938223370917,5.166654692857143,1.7957495322531136,0.11720400000000009,0.25180440714285446,8.987726
2022-11-10,25.4875,29.9,22.1,85.375,2.2,1.8479166666666669,1003.0541666666668,268.7083333333333,24,20.898821015874905,100.30541666666667,6.449,Complete,5.8846154,11,3,314,1,-0.5000000000000004,0.8660254037844384,0.43388373911755823,-0.900968867902419,-0.7717727365467837,0.6358984534680745,0.3567187759740078,0.9342118147762881,8.987726,5.501171,5.383967,7.2702804,4.852879,6.624287999999997,2.0476360954249233,5.936445471428571,1.9241607193491075,5.577613307142856,1.9694495006145278,3.486555,1.0466746928571409,5.8846154
2022-11-11,25.77083333333333,33.0,22.0,86.125,4.7,1.0816666666666668,1004.2458333333334,259.75,24,271.92882720570884,100.42458333333336,6.234,Complete,4.213874,11,4,315,1,-0.5000000000000004,0.8660254037844384,-0.433883739117558,-0.9009688679024191,-0.7607200913564104,0.6490800741100398,-0.9994334080889021,0.033658027211975555,5.8846154,8.987726,5.501171,2.7457716,2.6799824,6.791170799999999,1.9119096374981084,5.738493328571429,1.833195853644277,5.651308764285714,1.9595227744086543,-3.1031106,1.1398620357142848,4.213874
2022-11-12,26.14583333333333,31.1,23.0,84.83333333333333,5.3,1.3675,1004.6458333333334,260.375,24,350.91686596999693,100.46458333333334,6.249,Complete,3.788088,11,5,316,1,-0.5000000000000004,0.8660254037844384,-0.9749279121818236,-0.2225209339563146,-0.7494423368521953,0.6620696215153815,-0.1578673986546283,0.9874603204392675,4.213874,5.8846154,8.987726,6.295963,3.918146,6.362071799999998,2.422475838868521,5.948222242857143,1.4845773504541753,5.76087245,1.8184072292031168,-1.6707414000000007,0.6011993499999981,3.788088
2022-11-13,23.375,25.6,22.2,97.41666666666669,17.8,0.8554166666666667,1003.9375,59.79166666666666,24,247.2153639677952,100.39375,1.435,Complete,4.1385703,11,6,317,1,-0.5000000000000004,0.8660254037844384,-0.7818314824680299,0.6234898018587334,-0.7379428103031386,0.6748632518680403,-0.9219670314551974,-0.38726837323707564,3.788088,4.213874,5.8846154,5.3702393,4.204274,4.628859133333331,1.108158959898559,5.589954385714286,1.6768315741124562,5.751582592857143,1.8288477364855458,-0.42578599999999955,-1.1227234595238116,4.1385703
2022-11-14,23.65,27.4,21.6,95.75,16.1,1.0075,1002.0666666666666,271.625,24,285.4991656768751,100.20666666666666,6.519,Complete,6.948532,11,0,318,1,-0.5000000000000004,0.8660254037844384,0.0,1.0,-0.7262249146041543,0.6874571793269664,-0.963634344547658,0.26722434396627415,4.1385703,3.788088,4.213874,5.383967,9.252915,4.046844099999997,0.2272305025163342,5.414001671428571,1.765979912558719,5.746889471428572,1.8332029343823393,0.35048229999999947,-1.7000453714285753,6.948532
2022-11-15,23.741666666666664,29.6,20.1,86.25,3.0,1.46,1001.425,334.75,24,243.7028905299264,100.1425,8.034,Complete,3.3418033,11,1,319,1,-0.5000000000000004,0.8660254037844384,0.7818314824680298,0.6234898018587336,-0.7142921172691032,0.699847677146407,-0.8965087818582231,-0.44302596317945614,6.948532,4.1385703,3.788088,5.501171,6.0656476,4.958396766666664,1.732393761784361,5.637510957142857,1.8581485745933408,5.582290685714286,1.580181588835249,2.8099617000000006,-0.6238939190476218,3.3418033
2022-11-16,24.09583333333333,29.7,19.4,79.83333333333333,0.1,1.4483333333333333,1002.8666666666668,349.1666666666667,24,229.82846191563448,100.28666666666666,8.38,Complete,0.71736395,11,2,320,1,-0.5000000000000004,0.8660254037844384,0.9749279121818236,-0.22252093395631434,-0.7021479494046978,0.7120310787787131,-0.764116568160603,-0.6450781892627144,3.3418033,6.948532,4.1385703,8.987726,5.557624,4.809635199999998,1.8946949764698102,5.329029857142857,2.0535277650638872,5.387730378571428,1.6805873042426456,-3.6067287,-0.5780951785714299,0.71736395
2022-11-17,23.98333333333333,29.7,19.3,77.375,0.0,1.3950000000000002,1003.7166666666668,348.5833333333333,24,13.573102183221708,100.37166666666668,8.366,Complete,3.888907,11,3,321,1,-0.5000000000000004,0.8660254037844384,0.43388373911755823,-0.900968867902419,-0.6897960046655887,0.7240037789593305,0.2346857948051646,0.9720712822199142,0.71736395,3.3418033,6.948532,5.8846154,7.2702804,3.669233083333331,3.128461525110302,4.147549564285714,1.975347770554464,5.041997517857142,2.090765036907225,-2.6244393500000003,-1.3727644345238112,3.888907
2022-11-18,23.429166666666664,27.7,19.8,88.375,4.1,1.1983333333333337,1005.0916666666668,248.20833333333331,24,22.93899128689128,100.50916666666669,5.957,Complete,3.1874804,11,4,322,1,-0.5000000000000004,0.8660254037844384,-0.433883739117558,-0.9009688679024191,-0.6772399381909491,0.7357622347736527,0.38975075091572187,0.9209203831822982,3.888907,0.71736395,3.3418033,4.213874,2.7457716,2.6493580833333312,1.6953706417961278,3.862448364285714,1.8208291282897902,4.800470846428572,2.007190171350522,3.1715430500000004,-2.151112763095241,3.1874804
2022-11-19,24.629166666666663,30.6,19.4,79.125,0.2,1.6916666666666669,1005.4708333333332,325.8333333333333,24,20.119759840550465,100.54708333333332,7.82,Complete,2.6049776,11,5,323,1,-0.5000000000000004,0.8660254037844384,-0.9749279121818236,-0.2225209339563146,-0.6644834655228552,0.7473029667054297,0.3439835435935359,0.9389756768611389,3.1874804,3.888907,0.71736395,3.788088,6.295963,2.5979171166666646,1.6659411689168044,3.715820707142857,1.8291207529425948,4.832021475,1.975631816918518,-0.7014266,-2.2341043583333358,2.6049776
2022-11-20,24.97083333333333,30.0,20.6,80.58333333333333,1.6,1.6579166666666667,1005.55,320.625,24,15.667191978082252,100.555,7.695,Complete,8.424806,11,6,324,1,-0.5000000000000004,0.8660254037844384,-0.7818314824680299,0.6234898018587334,-0.6515303615068021,0.75862255966641,0.27004915664482426,0.9628465365754915,2.6049776,3.1874804,3.888907,4.1385703,5.3702393,3.227121666666664,0.6428819864977386,3.5468049357142855,1.8754058184474995,4.568379660714286,2.0112008569980806,-0.5825028000000003,-1.3412579940476221,8.424806
2022-11-21,25.508333333333336,30.9,21.8,81.04166666666667,0.9,1.6508333333333332,1006.4916666666668,342.2916666666667,24,24.32599699555508,100.64916666666667,8.215,Complete,1.4196715,11,0,325,1,-0.5000000000000004,0.8660254037844384,0.0,1.0,-0.6383844591746642,0.769717664006921,0.41192785012700067,0.9112164651111981,8.424806,2.6049776,3.1874804,6.948532,5.383967,4.739087999999998,3.205185682553347,4.159124321428572,2.643326339707674,4.786562996428572,2.2557049931727975,5.8198284000000005,-0.04747499642857367,1.4196715
2022-11-22,24.883333333333336,30.6,20.6,80.70833333333333,0.0,1.5379166666666666,1006.5916666666668,335.0416666666667,24,13.777924497469126,100.65916666666666,8.041,Complete,2.970829,11,1,326,1,-0.5000000000000004,0.8660254037844384,0.7818314824680298,0.6234898018587336,-0.6250496486104377,0.7805849965070866,0.23815927135882964,0.9712261124299693,1.4196715,8.424806,2.6049776,3.3418033,5.501171,4.149818366666664,3.7493835608722406,3.3692871071428567,2.4926542619337693,4.503399032142857,2.4179327850106374,-7.0051345000000005,-0.35358066547619327,2.970829
2022-11-23,25.166666666666668,31.3,20.7,77.58333333333333,0.0,1.4470833333333335,1006.7916666666666,345.625,24,35.276174482533555,100.67916666666666,8.295,Complete,1.6739818,11,2,327,1,-0.5000000000000004,0.8660254037844384,0.9749279121818236,-0.22252093395631434,-0.6115298757991053,0.7912213413483807,0.5775181968975519,0.816377812199842,2.970829,1.4196715,8.424806,0.71736395,8.987726,4.271768833333331,3.6793084510866416,3.316290778571428,2.4972753434098913,4.322660317857143,2.4321417853181706,1.5511575000000002,-0.0508914845238122,1.6739818
2022-11-24,25.566666666666663,31.3,20.6,78.66666666666667,0.2,1.4625,1006.6166666666668,347.7083333333333,24,19.906152173501397,100.66166666666666,8.345,Complete,1.8790729,11,3,328,1,-0.5000000000000004,0.8660254037844384,0.43388373911755823,-0.900968867902419,-0.5978291414589552,0.801623551065242,0.34048051233120963,0.9402515731030058,1.6739818,2.970829,1.4196715,3.888907,5.8846154,2.0214940999999977,0.8319230712271369,3.4529504714285713,2.3533781345151232,3.8002500178571426,2.1182533153009357,-1.2968472000000002,-1.7787559178571448,1.8790729
2022-11-25,25.5625,32.1,21.8,85.375,6.9,1.39375,1005.2333333333332,300.625,24,11.545386771309444,100.52333333333333,7.215,Complete,1.6349587,11,4,329,1,-0.5000000000000004,0.8660254037844384,-0.433883739117558,-0.9009688679024191,-0.5839514998576998,0.8117885474764613,0.20014411776353527,0.9797664681569053,1.8790729,1.6739818,2.970829,3.1874804,4.213874,2.1746278999999977,0.6971138598218186,3.165831314285714,2.4131688194272733,3.5141398392857144,2.0853200896733077,0.20509109999999997,-1.3395119392857167,1.6349587
2022-11-26,25.70833333333333,32.1,21.3,81.41666666666667,3.0,1.835,1003.95,338.3333333333333,24,352.45659606876154,100.395,8.12,Complete,2.436785,11,5,330,1,-0.5000000000000004,0.8660254037844384,-0.9749279121818236,-0.2225209339563146,-0.5699010576127624,0.821713322596059,-0.13127721533154257,0.991345697894935,1.6349587,1.8790729,1.6739818,2.6049776,3.788088,1.7293377999999977,0.13113409439336252,2.9440424999999997,2.4812319802065383,3.329931603571428,2.1321335434839632,-0.24411419999999984,-1.6005938035714304,2.436785
2022-11-27,25.229166666666668,32.1,20.6,84.54166666666667,13.3,1.3870833333333332,1004.7041666666668,310.7916666666667,24,269.3131609903799,100.47041666666668,7.459,Complete,5.5241427,11,6,331,1,-0.5000000000000004,0.8660254037844384,-0.7818314824680299,0.6234898018587334,-0.5556819724760489,0.8313949395234058,-0.9999281495577894,-0.01198731504279395,2.436785,1.6349587,1.8790729,8.424806,4.1385703,1.983605533333331,0.4110068824443023,2.920014985714286,2.4858726419640833,3.2334099607142854,2.140368199822858,0.8018262999999999,-1.2498044273809545,5.5241427
2022-11-28,25.5875,31.2,21.2,81.75,0.3,1.5733333333333333,1005.9125,319.25,24,23.67470024964032,100.59125,7.662,Complete,9.849636,11,0,332,1,-0.5000000000000004,0.8660254037844384,0.0,1.0,-0.5412984521036173,0.8408305333122887,0.40154341389764725,0.9158399897118615,5.5241427,2.436785,1.6349587,1.4196715,6.948532,3.198628799999998,2.053470849114447,2.505634514285714,1.434930635259275,3.3323794178571426,2.216134894105357,3.0873576999999996,-0.1337506178571446,9.849636
2022-11-29,26.070833333333336,31.6,22.2,81.25,1.4,1.8616666666666664,1006.2,340.8333333333333,24,51.06219115907231,100.62,8.18,Complete,4.326324,11,1,333,1,-0.5000000000000004,0.8660254037844384,0.7818314824680298,0.6234898018587336,-0.5267547528105542,0.8500173118187018,0.777828593348092,0.6284764747945054,9.849636,5.5241427,2.436785,2.970829,3.3418033,5.936854566666665,3.723618978992868,3.709915157142857,3.0264708450186646,3.539601132142857,2.6695318288948156,4.325493300000001,2.397253434523808,4.326324
2022-11-30,25.90416666666667,31.4,22.0,78.95833333333333,2.23,1.7183333333333335,1003.7791666666668,310.6666666666667,24,56.387010811943526,100.37791666666666,7.456,Complete,4.8352504,11,2,334,1,-0.5000000000000004,0.8660254037844384,0.9749279121818236,-0.22252093395631434,-0.5120551783114646,0.8589525565270845,0.8327957631748604,0.5535803616802187,4.326324,9.849636,5.5241427,1.6739818,0.71736395,6.566700899999998,2.905501602585424,3.9035572999999997,3.0146416374070095,3.6099240392857146,2.6768778734522214,-5.523312000000001,2.9567768607142835,4.8352504
2022-12-01,25.891666666666666,32.9,21.5,82.0,6.8,1.4491666666666667,1001.7416666666668,292.3333333333333,24,302.11633675512,100.17416666666666,7.016,Complete,4.866685,12,3,335,1,-2.4492935982947064e-16,1.0,0.43388373911755823,-0.900968867902419,-0.4972040784469378,0.8676336233547726,-0.846970369183862,0.5316400979276793,4.8352504,4.326324,9.849636,1.8790729,3.888907,6.337070133333332,3.0525957390240994,4.3551671,2.8576730176294154,3.904058785714285,2.5582007540645773,0.5089264,2.4330113476190465,4.866685
2022-12-02,25.629166666666663,30.7,22.4,86.20833333333333,9.8,1.2554166666666666,1001.7333333333332,299.5833333333333,24,287.9349396988077,100.17333333333332,7.19,Complete,3.915627,12,4,336,1,-2.4492935982947064e-16,1.0,-0.433883739117558,-0.9009688679024191,-0.4822058478963526,0.8760579434344281,-0.9514067969608437,0.3079368550477643,4.866685,4.8352504,4.326324,1.6349587,3.1874804,4.676086466666665,0.30331068368235764,4.781968828571428,2.64112540786086,3.9739000714285715,2.5710700354643126,0.031434600000000756,0.7021863952380936,3.915627
2022-12-03,25.929166666666664,33.6,21.8,85.54166666666667,9.3,1.3416666666666668,1002.35,314.0,24,304.9959933558284,100.235,7.536,Complete,6.834888,12,5,337,1,-2.4492935982947064e-16,1.0,-0.9749279121818236,-0.2225209339563146,-0.46706492487743034,0.8842230238742036,-0.8191921519888585,0.573519152356626,3.915627,4.866685,4.8352504,2.436785,2.6049776,4.539187466666665,0.5402478831161276,5.107778585714286,2.3078515243238726,4.025910542857143,2.5612839817578394,-0.9510580000000002,0.5132769238095225,6.834888
2022-12-04,26.079166666666666,32.4,21.9,82.29166666666667,4.8,1.0741666666666667,1003.6,320.875,24,3.1445441433619226,100.36,7.701,Complete,7.2300634,12,6,338,1,-2.4492935982947064e-16,1.0,-0.7818314824680299,0.6234898018587334,-0.451785789832884,0.8921264484954345,0.05485510087377435,0.9984943254261028,6.834888,3.915627,4.866685,5.5241427,8.424806,5.205733333333332,1.4888708895610614,5.736079014285714,2.0429734108291937,4.328047,2.6293546596671433,2.919261,0.8776863333333322,7.2300634
2022-12-05,26.304166666666664,32.7,21.7,78.29166666666667,0.5,1.4841666666666666,1004.4208333333332,319.875,24,17.493905679182994,100.44208333333331,7.677,Complete,5.4124527,12,0,339,1,-2.4492935982947064e-16,1.0,0.0,1.0,-0.4363729641045924,0.8997658785476209,0.30060435478063174,0.9537489302153477,7.2300634,6.834888,3.915627,9.849636,1.4196715,5.993526133333332,1.8103285628365573,5.979781971428571,2.113992138440693,4.242708242857143,2.5024892849270564,0.3951753999999994,1.7508178904761893,5.4124527
2022-12-06,25.92083333333333,32.8,21.2,81.625,6.4,1.275,1002.9,332.0833333333333,24,275.7465141226295,100.29,7.97,Complete,1.3353513,12,1,340,1,-2.4492935982947064e-16,1.0,0.7818314824680298,0.6234898018587336,-0.42083100859565564,0.9071390534005044,-0.994974611854884,0.10012752750479227,5.4124527,7.2300634,6.834888,4.326324,2.970829,6.492468033333331,0.9559632521010687,5.345898642857143,1.2481461151388906,4.5279069,2.380560921009054,-1.8176106999999995,1.9645611333333317,1.3353513
2022-12-07,25.9,31.0,22.6,86.45833333333333,5.4,1.6475,1000.5541666666668,316.25,24,243.19513579120496,100.05541666666667,7.59,Complete,3.181121,12,2,341,1,-2.4492935982947064e-16,1.0,0.9749279121818236,-0.22252093395631434,-0.4051645224207563,0.9142437912130223,-0.8925475373289189,-0.4509533164398308,1.3353513,5.4124527,7.2300634,4.8352504,1.6739818,4.659289133333331,3.018666792490875,4.9186168285714285,1.9627438975247529,4.411087064285714,2.4999811894439365,-4.0771014,0.24820206904761744,3.181121
2022-12-08,26.27083333333333,31.2,23.3,85.91666666666667,6.4,2.0125,999.7541666666666,326.875,24,220.4938989226993,99.97541666666666,7.845,Complete,3.8659422,12,3,342,1,-2.4492935982947064e-16,1.0,0.43388373911755823,-0.900968867902419,-0.3893781415452015,0.9210779895789526,-0.6493670736655747,-0.7604751170413192,3.181121,1.3353513,5.4124527,4.866685,1.8790729,3.3096416666666655,2.041586914091784,4.682312628571429,2.071040226228951,4.518739864285714,2.403644682161781,1.8457697000000002,-1.2090981976190487,3.8659422
2022-12-09,26.0125,28.9,23.7,88.20833333333333,7.7,1.42,1002.1,278.375,24,202.76114226305236,100.21,6.681,Complete,2.5252903,12,4,343,1,-2.4492935982947064e-16,1.0,-0.433883739117558,-0.9009688679024191,-0.37347653741307074,0.9276396261490467,-0.38689029398674646,-0.9221257508706981,3.8659422,3.181121,1.3353513,3.915627,1.6349587,2.794138166666665,1.3089267973273784,4.539349371428572,2.0906396057586547,4.660659099999999,2.29185730846496,0.6848212,-1.8665209333333341,2.5252903
2022-12-10,25.816666666666663,31.5,22.7,87.875,20.1,0.7958333333333334,1003.075,259.2083333333333,24,293.7929205925952,100.3075,6.221,Complete,3.7817783,12,5,344,1,-2.4492935982947064e-16,1.0,-0.9749279121818236,-0.2225209339563146,-0.3574644155648614,0.9339267592294762,-0.9150095225059176,0.40343224179965176,2.5252903,3.8659422,3.181121,6.834888,2.436785,3.190784499999998,0.6703781892839143,4.340729842857143,2.2217073049674307,4.724254214285715,2.2124167998669266,-1.3406519000000001,-1.5334697142857165,3.7817783
2022-12-11,24.59583333333333,31.3,22.5,91.70833333333331,10.7,0.99875,1002.4833333333332,153.625,24,332.15207331624487,100.24833333333332,3.687,Complete,5.900532,12,6,345,1,-2.4492935982947064e-16,1.0,-0.7818314824680299,0.6234898018587334,-0.34134651424503615,0.9399375283564133,-0.46712640999546,0.8841905434264458,3.7817783,2.5252903,3.8659422,7.2300634,5.5241427,3.391003599999998,0.7509098007507041,3.904571314285714,1.9311422428955867,4.820325164285714,2.133231133767299,1.256488,-1.4293215642857162,5.900532
2022-12-12,23.225,26.2,21.6,94.83333333333331,6.8,0.985,1001.7833333333332,59.083333333333336,24,299.77164284741383,100.17833333333331,1.418,Complete,5.765038,12,0,346,1,-2.4492935982947064e-16,1.0,0.0,1.0,-0.3251276029999093,0.9456701548465688,-0.8680113122538619,0.49654442077152444,5.900532,3.7817783,2.5252903,5.4124527,9.849636,4.069200199999998,1.705878848220011,3.7146382571428576,1.583682504858746,4.847210114285715,2.1451222735061304,2.1187537,-0.7780099142857164,5.765038
2022-12-13,23.65416666666667,28.5,21.5,94.08333333333331,21.9,1.7633333333333334,999.375,199.16666666666663,24,336.3682232871832,99.9375,4.78,Complete,2.9858427,12,1,347,1,-2.4492935982947064e-16,1.0,0.7818314824680298,0.6234898018587336,-0.30881248126625377,0.9511229423235357,-0.40085719330183917,0.9161405517594841,5.765038,5.900532,3.7817783,1.3353513,4.326324,5.149116099999998,1.1860856421399952,3.765007585714286,1.6508637837751892,4.555453114285714,1.6278011978135467,-0.13549400000000045,0.5936629857142837,2.9858427
2022-12-14,24.77083333333333,28.8,21.5,79.66666666666667,0.9,2.11125,998.9666666666668,253.08333333333331,24,212.2719160194573,99.89666666666668,6.074,Complete,2.7363925,12,2,348,1,-2.4492935982947064e-16,1.0,0.9749279121818236,-0.22252093395631434,-0.29240597695107734,0.9562942772197719,-0.5339379734276635,-0.8455236487124176,2.9858427,5.765038,5.900532,3.181121,4.8352504,4.883804233333332,1.6450784609005047,4.000792071428571,1.3333426280078702,4.459704449999999,1.6808744295406681,-2.7791952999999996,0.4240997833333324,2.7363925
2022-12-15,24.79583333333333,28.9,20.6,70.375,0.0,1.9470833333333333,998.95,355.9583333333333,24,198.7311301195141,99.895,8.543,Complete,2.2130706,12,3,349,1,-2.4492935982947064e-16,1.0,0.43388373911755823,-0.900968867902419,-0.27591294500296043,0.9611826292540837,-0.3211275844453483,-0.9470359415081857,2.7363925,2.9858427,5.765038,3.8659422,4.866685,3.8290910666666647,1.6812121362523107,3.937259428571429,1.3883687199918349,4.309786028571429,1.7374498747782003,-0.24945020000000007,-0.480694961904764,2.2130706
2022-12-16,24.933333333333334,29.4,20.6,69.79166666666667,0.1,1.68375,998.3583333333332,330.0,24,196.9062470927956,99.83583333333333,7.92,Complete,2.9154775,12,4,350,1,-2.4492935982947064e-16,1.0,-0.433883739117558,-0.9009688679024191,-0.2593382659754056,0.9657865518844574,-0.29080651549216724,-0.9567818824305275,2.2130706,2.7363925,2.9858427,2.5252903,3.915627,2.6451019333333314,0.39439150004319584,3.701134914285714,1.5352993020723635,4.120242142857142,1.8150359101180782,-0.5233219,-1.4751402095238109,2.9154775
2022-12-17,24.870833333333334,29.8,20.8,75.375,0.0,1.7612500000000002,998.5791666666668,357.7916666666667,24,224.29410719265437,99.85791666666668,8.587,Complete,1.2569785,12,5,351,1,-2.4492935982947064e-16,1.0,-0.9749279121818236,-0.2225209339563146,-0.2426868445825954,0.9701046827361175,-0.6983416735337489,-0.7157645611554703,2.9154775,2.2130706,2.7363925,3.7817783,6.834888,2.6216468666666652,0.3649914842413202,3.756875942857143,1.4919652175054952,4.048802892857143,1.8431736879853655,0.7024069000000002,-1.4271560261904779,1.2569785
2022-12-18,25.85833333333333,32.4,20.0,74.54166666666667,0.1,1.2070833333333333,999.9458333333332,343.9583333333333,24,19.21863957587104,99.99458333333334,8.255,Complete,2.0107648,12,6,352,1,-2.4492935982947064e-16,1.0,-0.7818314824680299,0.6234898018587334,-0.22596360824801906,0.974135744004672,0.32917385571176977,0.9442693327201974,1.2569785,2.9154775,2.2130706,5.900532,7.2300634,2.128508866666665,0.8324768755397804,3.3961902571428566,1.7651236600559272,3.6503807857142863,1.7968864296316567,-1.6584990000000002,-1.521871919047621,2.0107648
2022-12-19,25.71666666666667,31.7,20.5,77.20833333333333,0.0,1.7858333333333334,1001.0708333333332,328.4166666666667,24,19.522002110007517,100.10708333333334,7.882,Complete,2.4571066,12,0,353,1,-2.4492935982947064e-16,1.0,0.0,1.0,-0.20917350564635637,0.9778785428342386,0.33416881767611645,0.9425132366672345,2.0107648,1.2569785,2.9154775,5.765038,5.4124527,2.061073599999998,0.8303932591057691,2.8405092285714284,1.4247909498951452,3.2775737428571428,1.5166469245234382,0.7537863,-1.2165001428571447,2.4571066
2022-12-20,26.5875,32.0,22.1,76.75,0.2,1.865,1001.5583333333334,353.5,24,25.79959632635486,100.15583333333332,8.484,Complete,5.9239864,12,1,354,1,-2.4492935982947064e-16,1.0,0.7818314824680298,0.6234898018587336,-0.19232150523909483,0.9813319716704275,0.43522475622485246,0.9003218377719258,2.4571066,2.0107648,1.2569785,2.9858427,1.3353513,1.9082832999999981,0.6065918788477626,2.3679476,0.6070561611188338,3.0664775928571433,1.3976471604062781,0.4463417999999999,-1.1581942928571451,5.9239864
2022-12-21,27.3375,32.3,23.6,78.45833333333333,1.5,2.235,1002.3416666666668,342.5,24,46.900876715576814,100.23416666666668,8.22,Complete,6.31627,12,2,355,1,-2.4492935982947064e-16,1.0,0.9749279121818236,-0.22252093395631434,-0.17541259380427843,0.9844950085880858,0.7301727316990857,0.6832626009691259,5.9239864,2.4571066,2.0107648,2.7363925,3.181121,3.4639525999999985,2.1421087678882302,2.7876824142857144,1.485568324960252,3.3942372428571432,1.4950949934218607,3.4668798000000005,0.06971535714285526,6.31627
2022-12-22,26.679166666666664,31.9,22.4,79.95833333333333,5.7,2.1441666666666666,1005.2416666666668,296.0833333333333,24,30.79418853841359,100.52416666666667,7.106,Complete,5.0062566,12,3,356,1,-2.4492935982947064e-16,1.0,0.43388373911755823,-0.900968867902419,-0.15845177496083632,0.9873667175937016,0.5119557386739935,0.8590118285790748,6.31627,5.9239864,2.4571066,2.2130706,3.8659422,4.899120999999998,2.123922633492749,3.2990934857142853,1.9941159359326301,3.6181764571428574,1.683626845390039,0.39228359999999984,1.2809445428571409,5.0062566
2022-12-23,24.366666666666664,27.1,22.2,95.16666666666669,35.9,1.15375,1005.4833333333332,226.08333333333331,24,14.504510414583162,100.54833333333332,5.426,Complete,7.4849567,12,4,357,1,-2.4492935982947064e-16,1.0,-0.433883739117558,-0.9009688679024191,-0.14144406768794202,0.9899462489023779,0.25045621739541657,0.9681279270674821,5.0062566,6.31627,5.9239864,2.9154775,2.5252903,5.748837666666666,0.6723403796709795,3.6981200571428574,2.0198760256173767,3.6996274857142857,1.7236430660225748,-1.3100133999999999,2.04921018095238,7.4849567
2022-12-24,22.9125,25.0,21.5,96.5,11.6,0.9095833333333332,1005.4083333333332,44.25,24,353.3936671508067,100.54083333333332,1.062,Complete,9.287397,12,5,358,1,-2.4492935982947064e-16,1.0,-0.9749279121818236,-0.2225209339563146,-0.12439450483979998,0.9922328391893008,-0.11504694635797226,0.9933600556362763,7.4849567,5.0062566,6.31627,1.2569785,3.7817783,6.269161099999998,1.24002136383993,4.3509028,2.4229499986247123,4.053889371428571,1.9575282513142767,2.4787000999999993,2.2152717285714267,9.287397
2022-12-25,25.366666666666664,30.5,22.1,85.75,2.9,1.7733333333333334,1005.2833333333332,322.0833333333333,24,17.40274115503622,100.52833333333334,7.73,Complete,10.4772835,12,6,359,1,-2.4492935982947064e-16,1.0,-0.7818314824680299,0.6234898018587334,-0.10730813165636247,0.9942258118156161,0.2990864448520541,0.9542260206605976,9.287397,7.4849567,5.0062566,2.0107648,5.900532,7.259536766666666,2.1494537424392477,5.498105442857143,2.607943323165701,4.4471478499999995,2.4013673274997185,1.8024403000000007,2.8123889166666665,10.4772835
2022-12-26,25.7625,30.5,22.6,85.125,2.0,2.01375,1004.8125,297.25,24,22.501443526273693,100.48125,7.134,Complete,10.871908,12,0,360,1,-2.4492935982947064e-16,1.0,0.0,1.0,-0.09019000427034513,0.9959245770286599,0.3827067087290954,0.9238698907821076,10.4772835,9.287397,7.4849567,2.4571066,5.765038,9.083212399999999,1.5065767264422685,6.707608114285714,2.683238175573412,4.7740586714285715,2.878559554549824,1.1898865,4.309153728571427,10.871908
2022-12-27,26.304166666666664,32.0,22.2,81.875,0.3,1.5491666666666666,1004.3416666666668,328.375,24,354.77891426468096,100.43416666666668,7.881,Complete,6.189289,12,1,361,1,-2.4492935982947064e-16,1.0,0.7818314824680298,0.6234898018587336,-0.07304518821104743,0.9973286321364752,-0.09099907495347015,0.9958509769828078,10.871908,10.4772835,9.287397,5.9239864,2.9858427,10.212196166666665,0.8248468027462248,7.9097226,2.322271818679335,5.1388351000000005,3.3056853941085715,0.39462449999999905,5.073361066666664,6.189289
2022-12-28,25.041666666666668,32.8,22.3,90.70833333333331,9.9,1.1654166666666663,1004.3625,200.45833333333331,24,319.3457723028487,100.43625,4.811,Complete,3.374886,12,2,362,1,-2.4492935982947064e-16,1.0,0.9749279121818236,-0.22252093395631434,-0.05587875690537313,0.9984375616565666,-0.6514925394280914,0.7586550408911397,6.189289,10.871908,10.4772835,6.31627,2.7363925,9.179493499999998,2.597099216022622,7.947622971428572,2.2863495958962954,5.367652692857143,3.2556849601067643,-4.682619,3.811840807142855,3.374886
2022-12-29,24.9625,31.3,22.6,92.95833333333331,40.9,0.9216666666666667,1003.175,214.54166666666663,24,315.43422037422846,100.3175,5.149,Complete,2.4293385,12,3,363,1,-2.4492935982947064e-16,1.0,0.43388373911755823,-0.900968867902419,-0.03869579017652689,0.9992510374388481,-0.7017276643896718,0.7124452856396877,3.374886,6.189289,10.871908,5.0062566,2.2130706,6.812027666666665,3.7871080394335674,7.527425257142857,2.839513306500934,5.4132593714285715,3.2202695610397836,-2.8144029999999995,1.398768295238093,2.4293385
2022-12-30,24.441666666666663,30.5,22.1,93.66666666666669,7.0,1.04625,1001.8416666666668,160.83333333333334,24,308.3108746368761,100.18416666666668,3.86,Complete,7.247614,12,4,364,1,-2.4492935982947064e-16,1.0,-0.433883739117558,-0.9009688679024191,-0.021501372740813793,0.999768818762748,-0.7846587234425816,0.6199279697879894,2.4293385,3.374886,6.189289,7.4849567,2.9154775,3.9978378333333318,1.9558524178993077,7.159294099999999,3.3432162222017,5.428707078571428,3.2042160129076294,-0.9455475,-1.430869245238096,7.247614
2022-12-31,24.066666666666663,26.6,22.5,95.83333333333331,2.9,0.8358333333333333,1002.1625,68.58333333333333,24,323.7780542886071,100.21625,1.646,Complete,7.818457,12,5,365,1,-2.4492935982947064e-16,1.0,-0.9749279121818236,-0.2225209339563146,-0.004300592702981974,0.9999907524084426,-0.5909147101984582,0.8067340362666447,7.247614,2.4293385,3.374886,9.287397,1.2569785,4.350612833333332,2.5530328706148837,7.125388,3.3405654501579125,5.7381454,3.151587802183243,4.8182754999999995,-1.3875325666666676,7.818457
2023-01-01,23.829166666666666,27.8,22.4,94.70833333333331,8.7,1.1041666666666667,1001.4125,57.083333333333336,24,326.57523289509567,100.14125,1.37,Complete,4.22785,1,6,1,1,0.49999999999999994,0.8660254037844387,-0.7818314824680299,0.6234898018587334,0.017201575418260506,0.9998520419557735,-0.5508415662647391,0.8346098303249303,7.818457,7.247614,2.4293385,10.4772835,2.0107648,5.831803166666666,2.960412097765883,6.915539428571428,3.226300046051155,6.206822435714286,2.912759715029302,0.5708430000000009,-0.37501926904761973,4.22785
2023-01-02,26.2375,33.5,21.3,81.16666666666667,1.1,1.2891666666666668,1000.8083333333334,291.25,24,330.5664162449117,100.08083333333336,6.99,Complete,6.201425,1,0,2,1,0.49999999999999994,0.8660254037844387,0.0,1.0,0.03439806061360801,0.9994082116062598,-0.4914143287065403,0.8709259196636074,4.22785,7.818457,7.247614,10.871908,2.4571066,6.431306999999999,1.929477259725811,6.022763214285713,2.9272393130569205,6.365185664285714,2.7210366590166073,-3.5906070000000003,0.06612133571428558,6.201425
2023-01-03,23.53333333333333,26.8,22.4,96.91666666666669,7.5,0.8270833333333334,1001.6875,56.25,24,325.29717923824575,100.16875,1.35,Complete,6.326907,1,1,3,1,0.49999999999999994,0.8660254037844387,0.7818314824680298,0.6234898018587336,0.051584366869408364,0.9986686402879997,-0.5693199981910815,0.8221160135039988,6.201425,4.22785,7.818457,6.189289,5.9239864,6.082577333333333,1.7982514376516852,5.355551357142858,2.0336294819896956,6.632636978571428,2.480769719284322,1.9735750000000003,-0.550059645238095,6.326907
2023-01-04,25.1875,31.7,22.1,89.54166666666667,5.3,1.0045833333333334,1001.85,240.04166666666663,24,301.8777534986177,100.185,5.761,Complete,6.4340496,1,2,4,1,0.49999999999999994,0.8660254037844387,0.9749279121818236,-0.22252093395631434,0.06875540848113941,0.9976335468520451,-0.8491768028635318,0.5281086606736065,6.326907,6.201425,4.22785,3.374886,6.31627,5.585393999999998,1.177340527219297,5.375211071428572,2.0436732051765243,6.661417021428571,2.4742446913799747,0.12548199999999987,-1.0760230214285729,6.4340496
2023-01-05,23.8,25.7,23.0,96.5,11.1,0.7970833333333333,1001.9541666666668,48.79166666666666,24,298.39934918464286,100.19541666666667,1.171,Complete,7.030422,1,3,5,1,0.49999999999999994,0.8660254037844387,0.43388373911755823,-0.900968867902419,0.08590610426133272,0.9963032375991965,-0.879653975363811,0.47561421722509917,6.4340496,6.326907,6.201425,2.4293385,5.0062566,6.320793866666666,0.11643272276587577,5.812234442857142,1.8638004929586305,6.669829849999999,2.473180868763449,0.10714259999999953,-0.34903598333333363,7.030422
2023-01-06,25.066666666666663,31.1,22.7,92.0,21.0,0.9291666666666668,1001.9541666666668,209.95833333333331,24,285.1564488085157,100.19541666666667,5.039,Complete,5.235819,1,4,6,1,0.49999999999999994,0.8660254037844387,-0.433883739117558,-0.9009688679024191,0.10303137904317879,0.9946781061893646,-0.9652155087327056,0.2614555826557626,7.030422,6.4340496,6.326907,7.247614,7.4849567,6.597126199999998,0.3790498936907194,6.4695320857142855,1.1444233111307305,6.8144130928571425,2.4271857281783187,0.5963723999999999,-0.2172868928571443,5.235819
2023-01-07,25.575,31.4,22.2,90.91666666666669,14.3,1.1083333333333334,1002.4708333333332,292.625,24,262.75118485352334,100.24708333333334,7.023,Complete,3.9941738,1,5,7,1,0.49999999999999994,0.8660254037844387,-0.9749279121818236,-0.2225209339563146,0.1201261651823505,0.9927586335250793,-0.9920075592111899,-0.12617845484811427,5.235819,7.030422,6.4340496,7.818457,9.287397,6.233430199999998,0.9139672256949591,6.1821328,1.168808250375647,6.6537604,2.4536785229333105,-1.7946029999999995,-0.4203302000000022,3.9941738
2023-01-08,25.84583333333333,31.3,23.0,88.79166666666667,7.2,1.362083333333333,1003.1291666666666,269.375,24,281.3993921605859,100.31291666666668,6.465,Complete,7.655956,1,6,8,1,0.49999999999999994,0.8660254037844387,-0.7818314824680299,0.6234898018587334,0.13718540405660057,0.9905453876091833,-0.9802732714735733,0.19764694086804865,3.9941738,5.235819,7.030422,4.22785,10.4772835,5.420138266666665,1.5264930320997938,5.635806628571428,1.170254819539871,6.275673028571428,2.4242850828284928,-1.2416452000000002,-0.8555347619047629,7.655956
2023-01-09,25.525,29.9,23.0,93.625,11.5,1.0529166666666667,1001.6791666666668,218.79166666666663,24,327.0524431715469,100.16791666666668,5.251,Complete,8.030014,1,0,9,1,0.49999999999999994,0.8660254037844387,0.0,1.0,0.1542040475626894,0.988039023376751,-0.5438711667626576,0.8391687279470235,7.655956,3.9941738,5.235819,6.201425,10.871908,5.628649599999999,1.8622296126636726,6.125536057142857,1.1997774292495933,6.074149635714286,2.149886278819955,3.6617821999999998,-0.44550003571428665,8.030014
2023-01-10,26.15833333333333,34.0,22.5,85.625,3.1,1.3491666666666668,1000.2875,259.0833333333333,24,289.7846321275057,100.02875,6.218,Complete,8.3511505,1,1,10,1,0.49999999999999994,0.8660254037844387,0.7818314824680298,0.6234898018587336,0.17117705961019986,0.985240282501282,-0.9409715913849145,0.33848554504814765,8.030014,7.655956,3.9941738,6.326907,6.189289,6.560047933333332,2.2299691473029037,6.386763057142857,1.4012134956826414,5.871157207142857,1.7610351038034582,0.3740579999999998,0.6888907261904755,8.3511505
2023-01-11,24.941666666666663,30.4,22.7,92.54166666666669,3.9,1.1479166666666667,1001.8625,109.83333333333331,24,317.1298715985744,100.18625,2.636,Complete,7.328737,1,2,11,1,0.49999999999999994,0.8660254037844387,0.9749279121818236,-0.22252093395631434,0.18809941761179758,0.9821499931752291,-0.6803388595455299,0.7328976983128599,8.3511505,8.030014,7.655956,6.4340496,3.374886,8.012373499999997,0.3479328076479718,6.6759407,1.583785806071341,6.025575885714285,1.8817239922203544,0.3211364999999997,1.9867976142857122,7.328737
2023-01-12,24.679166666666664,32.6,22.9,94.04166666666669,14.5,1.1095833333333334,1002.4875,141.25,24,298.905302014239,100.24875,3.39,Complete,3.2487931,1,3,12,1,0.49999999999999994,0.8660254037844387,0.43388373911755823,-0.900968867902419,0.20496611396949532,0.9787690698649216,-0.8754198014571827,0.4833633945766547,7.328737,8.3511505,8.030014,7.030422,2.4293385,7.903300499999998,0.5228523448903126,6.803753185714285,1.5970568953328665,6.307993814285715,1.745035617620377,-1.022413499999999,1.5953066857142826,3.2487931
2023-01-13,23.925,26.2,22.9,97.45833333333331,73.1,0.9616666666666668,1001.0375,86.91666666666667,24,321.09761492152404,100.10375,2.086,Complete,6.1305094,1,4,13,1,0.49999999999999994,0.8660254037844387,-0.433883739117558,-0.9009688679024191,0.22177215755648186,0.975098513039961,-0.6279954534003734,0.7782170073369378,3.2487931,7.328737,8.3511505,5.235819,7.247614,6.309560199999999,2.6995469567276262,6.263520485714285,2.075529941572692,6.366526285714286,1.6137323733939664,-4.0799439,-0.056966085714287296,6.1305094
2023-01-14,25.125,30.6,22.4,88.66666666666667,4.7,1.15875,1001.5625,246.41666666666663,24,270.73955322590814,100.15625,5.914,Complete,2.8348026,1,5,14,1,0.49999999999999994,0.8660254037844387,-0.9749279121818236,-0.2225209339563146,0.23851257519407648,0.9711394088771653,-0.9999166975870615,0.012907280371366158,6.1305094,3.2487931,7.328737,3.9941738,7.818457,5.569346499999999,2.0970606588840286,6.3913334,2.028715350821983,6.2867331,1.5943160897745796,2.8817163000000003,-0.7173866000000011,2.8348026
2023-01-15,26.025,32.3,22.2,86.625,3.4,1.2541666666666669,1002.3541666666666,327.625,24,250.33702673445032,100.23541666666668,7.863,Complete,1.660652,1,6,15,1,0.49999999999999994,0.8660254037844387,-0.7818314824680299,0.6234898018587334,0.2551824131233728,0.9668929289391521,-0.941688192116179,-0.33648677363153856,2.8348026,6.1305094,3.2487931,7.655956,4.22785,4.071368366666666,1.7952418722529675,6.2257089428571435,2.287816746952356,5.9307577857142855,1.7724289603459866,-3.2957068,-1.85938941904762,1.660652
2023-01-16,25.5875,30.3,23.3,91.875,11.7,1.7554166666666668,1001.8916666666668,275.625,24,233.6108331538721,100.18916666666668,6.615,Complete,5.176307,1,0,16,1,0.49999999999999994,0.8660254037844387,0.0,1.0,0.2717767384711357,0.9623603298276545,-0.8050059831714425,-0.5932666913439345,1.660652,2.8348026,6.1305094,8.030014,6.201425,3.5419879999999986,2.3173238199620543,5.3692369428571425,2.740558369061199,5.7473865,2.0699817083872643,-1.1741506000000002,-2.2053985000000016,5.176307
2023-01-17,24.6125,28.9,22.4,89.66666666666667,4.5,1.9408333333333327,1001.2958333333332,236.91666666666663,24,222.20012478697737,100.12958333333331,5.686,Complete,3.4511807,1,1,17,1,0.49999999999999994,0.8660254037844387,0.7818314824680298,0.6234898018587336,0.2882906407095177,0.9575429528116719,-0.6717222027520402,-0.7408031333154221,5.176307,1.660652,2.8348026,8.3511505,6.326907,3.2239205333333323,1.7898371697691986,4.9615645142857145,2.4785099958543637,5.674163785714286,2.070816161345514,3.5156550000000006,-2.4502432523809534,3.4511807
2023-01-18,24.429166666666664,30.4,20.9,88.95833333333333,3.6,1.0645833333333334,1000.7541666666666,210.91666666666663,24,297.0228062780344,100.07541666666664,5.062,Complete,5.6423845,1,2,18,1,0.49999999999999994,0.8660254037844387,0.9749279121818236,-0.22252093395631434,0.3047192331091634,0.9524422234305676,-0.890825745121949,0.45434512413794453,3.4511807,5.176307,1.660652,7.328737,6.4340496,3.4293798999999994,1.7579288881853827,4.261568828571429,2.0091490399783356,5.468754764285714,2.142473667975038,-1.7251263000000003,-2.039374864285715,5.6423845
2023-01-19,25.416666666666668,32.7,21.9,84.58333333333333,0.4,1.41125,1000.1875,241.58333333333331,24,338.86490685823406,100.01875,5.798,Complete,6.885443,1,3,19,1,0.49999999999999994,0.8660254037844387,0.43388373911755823,-0.900968867902419,0.321057654185271,0.9470596510722283,-0.36056816607980063,0.9327328650850946,5.6423845,3.4511807,5.176307,3.2487931,7.030422,4.756624066666666,1.1543153151033105,4.020661328571428,1.6488862681023855,5.412207257142858,2.1254158129091225,2.1912038000000003,-0.6555831904761913,6.885443
2023-01-20,24.5125,28.7,21.8,90.83333333333331,0.0,0.9033333333333332,1001.4291666666668,74.66666666666667,24,325.3317544722056,100.14291666666666,1.792,Complete,6.044516,1,4,20,1,0.49999999999999994,0.8660254037844387,-0.433883739117558,-0.9009688679024191,0.3373010691361842,0.9413968285264122,-0.5688237872780104,0.8224594208997188,6.885443,5.6423845,3.4511807,6.1305094,5.235819,5.3263360666666655,1.7388083118790487,4.5401827428571435,1.9163694630813763,5.401851614285715,2.1172624589353353,1.2430585,-0.07551554761904988,6.044516
2023-01-21,25.1375,29.9,23.3,93.04166666666669,3.4,0.9808333333333332,1002.5375,134.875,24,288.09895535476227,100.25375,3.237,Complete,6.737984,1,5,21,1,0.49999999999999994,0.8660254037844387,-0.9749279121818236,-0.2225209339563146,0.3534446712740877,0.9354554315134164,-0.950521395877462,0.3106590993020503,6.044516,6.885443,5.6423845,2.8348026,3.9941738,6.190781166666667,0.63430570929214,4.527897971428572,1.904715848320002,5.459615685714286,2.1234069361180765,-0.8409270000000006,0.7311654809523809,6.737984
2023-01-22,25.866666666666664,29.9,23.1,90.04166666666667,6.300000000000001,1.5375,1003.3416666666668,323.5,24,19.42648521350084,100.33416666666668,7.764,Complete,4.864013,1,6,22,1,0.49999999999999994,0.8660254037844387,-0.7818314824680299,0.6234898018587334,0.3694836834473831,0.9292372181882051,0.3325971049953244,0.9430690143084594,6.737984,6.044516,6.885443,1.660652,7.655956,6.555980999999998,0.44903604959850335,5.085495314285715,1.8977688442243927,5.655602128571429,2.104283127305196,0.6934680000000002,0.9003788714285692,4.864013
2023-01-23,25.98333333333333,30.9,22.5,86.54166666666667,1.4,1.4570833333333333,1004.2583333333332,289.0833333333333,24,21.52121572969632,100.42583333333332,6.938,Complete,7.0446653,1,0,23,1,0.49999999999999994,0.8660254037844387,0.0,1.0,0.38541335945432564,0.9227440286201427,0.3668457206425914,0.9302817945365898,4.864013,6.737984,6.044516,5.176307,8.030014,5.882171,0.9474749344858757,5.5431183142857146,1.1876258202736227,5.456177628571429,2.03115187363319,-1.873971,0.42599337142857063,7.0446653
2023-01-24,25.89583333333333,30.4,23.1,88.83333333333333,4.4,1.0599999999999998,1004.2,341.5833333333333,24,43.2216925043784,100.42,8.198,Complete,0.9461658,1,1,24,1,0.49999999999999994,0.8660254037844387,0.7818314824680298,0.6234898018587336,0.4012289854475009,0.9159777842484877,0.6848230484822028,0.728709401797138,7.0446653,4.864013,6.737984,3.4511807,8.3511505,6.2155540999999985,1.180470611105737,5.810026642857143,1.2964144754461366,5.385795578571428,1.950578251399947,2.1806523,0.8297585214285705,0.9461658
2023-01-25,26.52916666666667,31.5,23.2,84.54166666666667,3.9,1.4416666666666669,1004.35,318.0,24,45.8809821436052,100.435,7.632,Complete,2.5149484,1,2,25,1,0.49999999999999994,0.8660254037844387,0.9749279121818236,-0.22252093395631434,0.4169258813287287,0.908940487313808,0.7178952679023545,0.6961511217569119,0.9461658,7.0446653,4.864013,5.6423845,7.328737,4.284948033333332,3.0902121633620143,5.452167371428572,2.132318310446454,4.8568681,2.0840438605925353,-6.0984995,-0.5719200666666682,2.5149484
2023-01-26,25.891666666666666,31.1,22.5,87.625,5.800000000000001,1.1529166666666666,1004.0375,333.375,24,39.928682454122544,100.40375,8.001,Complete,2.5734615,1,3,26,1,0.49999999999999994,0.8660254037844387,0.43388373911755823,-0.900968867902419,0.4324994021339788,0.901634220265486,0.6418335965558015,0.766843943923563,2.5149484,0.9461658,7.0446653,6.885443,3.2487931,3.5019264999999984,3.1667835993772497,5.005390785714286,2.3970292645172147,4.5130260571428575,2.0415185464917855,1.5687826000000002,-1.0110995571428592,2.5734615
2023-01-27,25.945833333333336,30.6,23.0,88.375,10.6,1.1466666666666667,1002.6416666666668,337.4583333333333,24,20.919577267129394,100.26416666666668,8.099,Complete,1.752518,1,4,27,1,0.49999999999999994,0.8660254037844387,-0.433883739117558,-0.9009688679024191,0.44794493940789115,0.8940611451454876,0.3570571847322469,0.934082526777523,2.5734615,2.5149484,0.9461658,6.044516,6.1305094,2.011525233333332,0.9230920795684823,4.389393428571428,2.3873978262233844,4.464788085714286,2.0812796130243845,0.058513099999999874,-2.453262852380954,1.752518
2023-01-28,26.229166666666668,31.8,22.7,83.375,1.9,1.2391666666666667,1001.6916666666666,311.5833333333333,24,11.96530341391204,100.16916666666664,7.478,Complete,1.7537332,1,5,28,1,0.49999999999999994,0.8660254037844387,-0.9749279121818236,-0.2225209339563146,0.4632579225674917,0.88622350294858,0.20731931621553304,0.9782733263888594,1.752518,2.5734615,2.5149484,6.737984,2.8348026,2.2803092999999985,0.45801603463699636,3.7762508571428577,2.4419966179679666,4.152074414285715,2.1398264939637626,-0.8209435,-1.8717651142857163,1.7537332
2023-01-29,25.8,31.3,22.1,86.04166666666667,7.2,1.237083333333333,1002.95,317.7083333333333,24,11.920518281978255,100.295,7.625,Complete,1.8071518,1,6,29,1,0.49999999999999994,0.8660254037844387,-0.7818314824680299,0.6234898018587334,0.4784338202547012,0.8781236129591848,0.20655458756305398,0.978435078253359,1.7537332,1.752518,2.5734615,4.864013,1.660652,2.026570899999999,0.47362154243018967,3.0642150285714287,2.142811012384286,4.074855171428571,2.2093943253296664,0.0012152000000000829,-2.0482842714285723,1.8071518
2023-01-30,25.929166666666664,31.3,22.6,88.79166666666667,7.9,1.2625,1001.8875,329.6666666666667,24,359.2706182946527,100.18875,7.912,Complete,7.0677013,1,0,30,1,0.49999999999999994,0.8660254037844387,0.0,1.0,0.49346814167723735,0.8697638720650646,-0.01272976843357462,0.9999189732151439,1.8071518,1.7537332,1.752518,7.0446653,5.176307,1.7711343333333323,0.03119795837052498,2.6275205714285716,2.0230280558750344,4.085319442857143,2.1973948091838804,0.05341859999999987,-2.3141851095238106,7.0677013
2023-01-31,26.02916666666667,32.1,22.5,88.125,7.9,1.1116666666666666,1001.3125,281.7916666666667,24,350.0047230398359,100.13125,6.763,Complete,4.932389,1,1,31,1,0.49999999999999994,0.8660254037844387,0.7818314824680298,0.6234898018587336,0.5083564379375122,0.8611467540480452,-0.17356699681755788,0.9848220639362899,7.0677013,1.8071518,1.7537332,0.9461658,3.4511807,3.542862099999999,3.0527171382391347,2.630811428571429,2.0314123424435,4.2204190357142854,2.3241192278545078,5.260549500000001,-0.6775569357142865,4.932389
2023-02-01,25.59166666666667,29.0,23.0,90.29166666666669,7.6,0.9291666666666668,1000.8625,280.9166666666667,24,248.8798978234788,100.08625,6.742,Complete,4.850264,2,2,32,1,0.8660254037844386,0.5000000000000001,0.9749279121818236,-0.22252093395631434,0.5230943033491326,0.8522748088519838,-0.9328271728267669,-0.36032411192705555,4.932389,7.0677013,1.8071518,2.5149484,5.6423845,4.602414033333332,2.645752798251861,3.200271885714286,2.0391603078997798,4.326219628571429,2.3201185862482085,-2.1353123000000007,0.2761944047619034,4.850264
2023-02-02,25.870833333333334,31.6,23.3,89.16666666666667,8.2,1.05625,999.3083333333334,235.45833333333331,24,357.3023177528434,99.93083333333334,5.651,Complete,8.826372,2,3,33,1,0.8660254037844386,0.5000000000000001,0.43388373911755823,-0.900968867902419,0.5376773767406141,0.8431506618282,-0.04706604315998931,0.9988917797145305,4.850264,4.932389,7.0677013,2.5734615,6.885443,5.616784766666666,1.2572013438313194,3.5338884,2.098521480105616,4.269639592857143,2.2950761280078638,-0.08212499999999956,1.3471451738095235,8.826372
2023-02-03,24.77083333333333,28.0,22.9,95.0,9.6,1.4916666666666665,999.9166666666666,113.95833333333331,24,13.350362900100489,99.99166666666666,2.735,Complete,3.7392454,2,4,34,1,0.8660254037844386,0.5000000000000001,-0.433883739117558,-0.9009688679024191,0.5521013427459208,0.8337770129585915,0.23090507090429416,0.9729762834882888,8.826372,4.850264,4.932389,1.752518,6.044516,6.203008333333332,2.272270631900249,4.427161328571429,2.8262213161269885,4.408277378571428,2.5134739107499358,3.976107999999999,1.7947309547619037,3.7392454
2023-02-04,25.425,29.9,22.9,86.0,5.1,2.11875,1002.2125,255.625,24,0.0237810632099779,100.22125,6.135,Complete,7.1109414,2,5,35,1,0.8660254037844386,0.5000000000000001,-0.9749279121818236,-0.2225209339563146,0.5663619330814524,0.8241566360566663,0.0004150578407217944,0.9999999138634907,3.7392454,8.826372,4.850264,1.7537332,6.737984,5.8052937999999985,2.6746543141634085,4.710979528571428,2.6038690302936836,4.243615192857143,2.47322431043902,-5.0871265999999995,1.5616786071428557,7.1109414
2023-02-05,25.370833333333334,32.0,22.5,84.375,5.1000000000000005,0.9708333333333332,1003.2583333333332,247.41666666666663,24,270.7785497853328,100.32583333333334,5.938,Complete,7.106351,2,6,36,1,0.8660254037844386,0.5000000000000001,-0.7818314824680299,0.6234898018587334,0.580454927809098,0.8142923779467267,-0.9999076810543837,0.013587838990988399,7.1109414,3.7392454,8.826372,1.8071518,4.864013,6.558852933333331,2.5881104144484803,5.4762949857142855,2.3662685271472177,4.2702550071428576,2.503976048714306,3.3716959999999996,2.288597926190474,7.106351
2023-02-06,24.5875,31.0,21.8,90.875,10.8,0.88,1002.0666666666666,181.58333333333331,24,293.274433761521,100.20666666666666,4.358,Complete,5.403706,2,0,37,1,0.8660254037844386,0.5000000000000001,0.0,1.0,0.5943761565849831,0.804187157621448,-0.9186227882540613,0.3951356386107611,7.106351,7.1109414,3.7392454,7.0677013,7.0446653,5.985512599999999,1.9453258128884063,6.2333234428571425,1.7690951902677852,4.430422007142857,2.6141683787087038,-0.004590399999999661,1.555090592857142,5.403706
2023-02-07,25.15,31.9,22.1,90.0,19.7,1.0791666666666666,1000.7458333333334,290.0416666666667,24,308.1792104742796,100.07458333333334,6.961,Complete,2.4298713,2,1,38,1,0.8660254037844386,0.5000000000000001,0.7818314824680298,0.6234898018587336,0.6081214998935418,0.7938439653781019,-0.7860812282495704,0.6181232098810454,5.403706,7.106351,7.1109414,4.932389,0.9461658,6.540332799999999,0.9843503592734418,5.995609828571427,1.7499862432533917,4.3132106285714285,2.5231400871791783,-1.7026450000000004,2.2271221714285705,2.4298713
2023-02-08,23.7,25.9,22.4,96.08333333333331,6.5,1.02125,1001.4666666666668,77.16666666666667,24,315.31871200409466,100.14666666666668,1.852,Complete,6.1352453,2,2,39,1,0.8660254037844386,0.5000000000000001,0.9749279121818236,-0.22252093395631434,0.6216868902665479,0.7832658619336791,-0.7031625280885112,0.7110291548819736,2.4298713,5.403706,7.106351,4.850264,2.5149484,4.979976099999999,2.366859917114556,5.6381073,2.2009129707064194,4.419189592857143,2.3989388883522973,-2.9738347,0.5607865071428559,6.1352453
2023-02-09,24.1625,26.8,22.0,95.70833333333331,7.2,0.90875,1001.9375,109.0,24,308.0027564682192,100.19375,2.616,Complete,8.099676,2,3,40,1,0.8660254037844386,0.5000000000000001,0.43388373911755823,-0.900968867902419,0.6350683134867438,0.7724559775191742,-0.7879811335622058,0.6156993853740811,6.1352453,2.4298713,5.403706,8.826372,2.5734615,4.656274199999999,1.9625085583781325,5.821676057142858,2.177715704327161,4.677782228571429,2.372864737670493,3.7053740000000004,-0.021508028571430415,8.099676
2023-02-10,24.48333333333333,27.1,22.5,95.91666666666669,10.5,0.8954166666666667,1001.8166666666666,136.54166666666666,24,333.3476168709781,100.18166666666666,3.277,Complete,2.7687576,2,4,41,1,0.8660254037844386,0.5000000000000001,-0.433883739117558,-0.9009688679024191,0.6482618097757122,0.7614175109532997,-0.4485763883215588,0.8937444958378127,8.099676,6.1352453,2.4298713,3.7392454,1.752518,5.554930866666666,2.879104889577101,5.717862342857144,2.022387992487975,5.072511835714286,2.4541356397583067,1.9644307000000003,0.48241903095238037,2.7687576
2023-02-11,26.17083333333333,32.9,22.6,87.75,5.6,1.2675,1000.4375,277.8333333333333,24,325.1956804768554,100.04375,6.668,Complete,5.6760144,2,5,42,1,0.8660254037844386,0.5000000000000001,-0.9749279121818236,-0.2225209339563146,0.6612634749656386,0.7501537286959042,-0.5707754724200826,0.8211061807608268,2.7687576,8.099676,6.1352453,7.1109414,1.7537332,5.667892966666666,2.6960130562496794,5.579221228571428,2.2056013322427397,5.145100378571429,2.3616702003186028,-5.330918400000001,0.5227925880952373,5.6760144
2023-02-12,26.4125,34.1,22.6,87.375,4.6,0.9870833333333334,999.4416666666666,262.625,24,318.0152272289876,99.94416666666666,6.303,Complete,5.249472,2,6,43,1,0.8660254037844386,0.5000000000000001,-0.7818314824680299,0.6234898018587334,0.6740694616546161,0.7386679638813748,-0.6689330806364866,0.7433226309148536,5.6760144,2.7687576,8.099676,7.106351,1.8071518,5.514815999999999,2.6691124817037157,5.3742316571428566,2.1038504614340825,5.425263321428572,2.1517245368183615,2.9072568,0.0895526785714269,5.249472
2023-02-13,25.5375,29.5,23.0,92.04166666666669,6.6,1.0345833333333332,999.0041666666666,190.41666666666663,24,324.7624709846254,99.90041666666666,4.57,Complete,5.870355,2,0,44,1,0.8660254037844386,0.5000000000000001,0.0,1.0,0.6866759803451553,0.726963615332308,-0.5769674263765333,0.8167671570897299,5.249472,5.6760144,2.7687576,5.403706,7.0677013,4.564747999999999,1.569926986333614,5.108963228571429,1.9612868549429325,5.6711433357142855,1.8868515521435325,-0.42654239999999977,-1.1063953357142866,5.870355
2023-02-14,24.508333333333336,27.2,22.9,94.875,8.6,0.7854166666666668,999.5291666666668,50.375,24,320.5901004595128,99.95291666666668,1.209,Complete,7.705694,2,1,45,1,0.8660254037844386,0.5000000000000001,0.7818314824680298,0.6234898018587336,0.6990793005655562,0.7150441465537444,-0.6348640163065076,0.7726238934948689,5.870355,5.249472,5.6760144,2.4298713,4.932389,5.598613799999999,0.31759575655623634,5.175627371428571,1.980808426582492,5.585618599999999,1.8453605557942327,0.6208830000000001,0.012995199999999762,7.705694
2023-02-15,25.20833333333333,30.0,22.3,93.04166666666669,30.6,1.1920833333333334,1001.0666666666666,253.08333333333331,24,275.85404177104573,100.10666666666664,6.074,Complete,3.8550992,2,2,46,1,0.8660254037844386,0.5000000000000001,0.9749279121818236,-0.22252093395631434,0.7112757519738152,0.7029130847082615,-0.9947849493099828,0.10199463037991166,7.705694,5.870355,5.249472,6.1352453,4.850264,6.275173666666666,1.2771707963237957,5.929316328571429,1.7524907783547985,5.783711814285714,1.9172949783319517,1.8353390000000003,0.49146185238095264,3.8550992
2023-02-16,24.729166666666668,29.3,22.5,94.70833333333331,15.6,0.9925,1001.675,178.625,24,329.6622527612833,100.1675,4.287,Complete,7.7830863,2,3,47,1,0.8660254037844386,0.5000000000000001,0.43388373911755823,-0.900968867902419,0.7232617254437388,0.6905740195722294,-0.5050963310126403,0.8630629735990122,3.8550992,7.705694,5.870355,8.099676,8.826372,5.8103827333333316,1.925997814906244,5.603581171428571,1.9124412747543782,5.712628614285714,1.9722252706535053,-3.8505948,0.09775411904761722,7.7830863
2023-02-17,23.816666666666663,26.8,22.7,97.25,12.8,1.0108333333333333,1000.7208333333332,63.16666666666666,24,349.50423570853343,100.07208333333332,1.516,Complete,5.050495,2,4,48,1,0.8660254037844386,0.5000000000000001,-0.433883739117558,-0.9009688679024191,0.7350336741329412,0.6780306024735382,-0.1821628358496268,0.9832683770137337,7.7830863,3.8550992,7.705694,2.7687576,3.7392454,6.447959833333332,2.2458165753111166,5.558354071428572,1.846168309162347,5.6381082071428565,1.862161560738144,3.9279870999999997,0.8098516261904756,5.050495
2023-02-18,23.475,25.3,22.2,97.54166666666669,2.9000000000000004,1.09,1001.1708333333332,34.75,24,339.1805698934703,100.11708333333333,0.834,Complete,6.632732,2,5,49,1,0.8660254037844386,0.5000000000000001,-0.9749279121818236,-0.2225209339563146,0.746588114532413,0.6652865452111116,-0.3554239594428791,0.9347051990087285,5.050495,7.7830863,3.8550992,5.6760144,7.1109414,5.562893499999999,2.013500641058576,5.884316557142857,1.4249173147301384,5.731768892857143,1.7909213486565436,-2.7325913,-0.16887539285714404,6.632732
2023-02-19,25.070833333333336,31.2,22.1,91.125,10.8,1.16625,1003.3291666666668,216.375,24,296.5290079935593,100.33291666666668,5.193,Complete,4.6007214,2,6,50,1,0.8660254037844386,0.5000000000000001,-0.7818314824680299,0.6234898018587334,0.7579216274973472,0.6523456189565257,-0.8947083436564031,0.446650847745323,6.632732,5.050495,7.7830863,5.249472,7.106351,6.488771099999998,1.3719720692330295,6.020990499999999,1.4473143889488538,5.697611078571429,1.7669938341727338,1.5822370000000001,0.7911600214285697,4.6007214
2023-02-20,24.308333333333334,27.7,22.3,94.20833333333331,9.1,0.9845833333333333,1004.1875,101.875,24,299.7969877558436,100.41875,2.445,Complete,3.3246365,2,0,51,1,0.8660254037844386,0.5000000000000001,0.0,1.0,0.7690308592589181,0.6392116531380588,-0.8677915798691772,0.49692833880566467,4.6007214,6.632732,5.050495,5.870355,5.403706,5.427982799999999,1.0673048060370212,5.928311842857143,1.523707749148673,5.518637535714285,1.7400188134303032,-2.0320105999999996,-0.09065473571428662,3.3246365
2023-02-21,25.27916666666667,30.1,22.7,90.875,11.7,1.0895833333333331,1001.9583333333334,280.75,24,224.96480224424707,100.19583333333334,6.738,Complete,3.2827215,2,1,52,1,0.8660254037844386,0.5000000000000001,0.7818314824680298,0.6234898018587336,0.7799125224167177,0.6258885343075018,-0.7066722602645121,-0.7075410352570695,3.3246365,4.6007214,6.632732,7.705694,2.4298713,4.852696633333332,1.6683802318236967,5.564637771428571,1.815675554380817,5.370132571428571,1.8366216952528922,-1.2760849000000003,-0.5174359380952387,3.2827215
2023-02-22,24.570833333333336,27.0,22.4,95.375,45.1,0.8833333333333333,999.8875,242.75,24,199.99645423862228,99.98875,5.826,Complete,4.121418,2,2,53,1,0.8660254037844386,0.5000000000000001,0.9749279121818236,-0.22252093395631434,0.7905633969115482,0.612380204990065,-0.341961989595103,-0.9397137849750629,3.2827215,3.3246365,4.6007214,3.8550992,6.1352453,3.7360264666666656,0.749140983130322,4.932784557142858,1.713107168166473,5.431050442857143,1.7433726175518638,-0.041914999999999925,-1.6950239761904773,4.121418
2023-02-23,24.83333333333333,27.3,22.7,95.20833333333331,35.0,1.0833333333333333,999.7833333333332,310.375,24,195.49356145575973,99.97833333333332,7.449,Complete,5.3629456,2,3,54,1,0.8660254037844386,0.5000000000000001,0.43388373911755823,-0.900968867902419,0.8009803309782905,0.5986906625177214,-0.26713008757916373,-0.963660477715024,4.121418,3.2827215,3.3246365,7.7830863,8.099676,3.5762586666666656,0.4725867548361266,4.9708301,1.6879570855263066,5.287205635714286,1.7637611303940417,0.8386965000000002,-1.7109469690476202,5.3629456
2023-02-24,25.229166666666668,29.0,23.0,94.54166666666669,14.0,1.1558333333333333,1000.575,304.2916666666667,24,71.14200256588938,100.0575,7.303,Complete,4.0746284,2,4,55,1,0.8660254037844386,0.5000000000000001,-0.433883739117558,-0.9009688679024191,0.8111602420785621,0.5848239578463322,0.9463225629631029,0.32322377206347935,5.3629456,4.121418,3.2827215,5.050495,2.7687576,4.255695033333332,1.0465924793422594,4.625095714285714,1.1904787908033696,5.091724892857143,1.5689747295795071,1.2415275999999995,-0.8360298595238111,4.0746284
2023-02-25,25.47083333333333,28.8,23.2,94.20833333333331,22.9,2.7125,1001.7208333333332,154.41666666666666,24,32.88556318490488,100.17208333333332,3.706,Complete,5.4178104,2,5,56,1,0.8660254037844386,0.5000000000000001,-0.9749279121818236,-0.2225209339563146,0.8211001178128892,0.5707841943569036,0.5429628737290575,0.839756701522461,4.0746284,5.3629456,4.121418,6.632732,5.6760144,4.519663999999999,0.7306779108067667,4.4856862,1.1894987131289771,5.185001378571428,1.454921708701074,-1.2883171999999998,-0.6653373785714294,5.4178104
2023-02-26,25.65,27.9,24.0,92.25,19.0,3.624166666666667,1002.875,267.5833333333333,24,47.20722267213231,100.2875,6.422,Complete,4.0107293,2,6,57,1,0.8660254037844386,0.5000000000000001,-0.7818314824680299,0.6234898018587334,0.8307970168121247,0.5565755266413303,0.7338155086424138,0.6793488053098168,5.4178104,4.0746284,5.3629456,4.6007214,5.249472,4.951794799999999,0.7601435433761659,4.312125971428571,0.8696389018388203,5.166558235714286,1.4498463441087954,1.3431819999999997,-0.21476343571428647,4.0107293
2023-02-27,25.425,29.4,23.0,92.41666666666669,7.0,2.017916666666667,1002.95,303.8333333333333,24,24.99010365011991,100.295,7.292,Complete,2.6712072,2,0,58,1,0.8660254037844386,0.5000000000000001,0.0,1.0,0.8402480696078469,0.5422021592729844,0.4224617144314647,0.906380769786974,4.0107293,5.4178104,4.0746284,3.3246365,5.870355,4.501056033333332,0.7945751697271846,4.227841385714286,0.8655880765873629,5.078076614285714,1.4818431182803005,-1.4070810999999992,-0.5770205809523823,2.6712072
2023-02-28,25.870833333333334,30.4,22.5,85.33333333333333,0.0,2.095833333333333,1002.4166666666666,315.7083333333333,24,29.67637370193446,100.24166666666666,7.577,Complete,2.5274005,2,1,59,1,0.8660254037844386,0.5000000000000001,0.7818314824680298,0.6234898018587336,0.8494504794814806,0.527668345562516,0.4951004403018946,0.8688357462793932,2.6712072,4.0107293,5.4178104,3.2827215,7.705694,4.033248966666666,1.3734400737209513,4.134494342857143,1.0034765849839467,4.849566057142857,1.5927828487931377,-1.3395221000000004,-0.8163170904761907,2.5274005
2023-03-01,25.9375,31.2,22.0,83.08333333333333,0.4,2.012083333333333,1001.6833333333334,297.4166666666667,24,12.502870639545272,100.16833333333334,7.138,Complete,2.549207,3,2,60,1,1.0,6.123233995736766e-17,0.9749279121818236,-0.22252093395631434,0.8584015232918917,0.512978386299228,0.21648852815803057,0.9762851618128637,2.5274005,2.6712072,4.0107293,4.121418,3.8550992,3.069778999999999,0.8180529885305323,4.026591342857143,1.1414554876504275,4.47968795,1.4754423663932543,-0.14380669999999984,-1.4099089500000006,2.549207
2023-03-02,25.6375,31.1,22.5,87.25,2.2,2.2304166666666667,1001.1208333333334,215.04166666666663,24,8.460408683569668,100.11208333333336,5.161,Complete,2.332861,3,3,61,1,1.0,6.123233995736766e-17,0.43388373911755823,-0.900968867902419,0.8670985522812081,0.4981366284784055,0.147125967094648,0.9891177633661548,2.549207,2.5274005,2.6712072,5.3629456,7.7830863,2.5826048999999993,0.07750262275860358,3.801989771428572,1.2674170007092436,4.386409935714286,1.5569923386878548,0.02180649999999984,-1.8038050357142867,2.332861
2023-03-03,25.925,31.2,22.5,84.79166666666667,0.0,1.5904166666666668,1000.5666666666666,192.25,24,351.139203257777,100.05666666666666,4.614,Complete,6.4398265,3,4,62,1,1.0,6.123233995736766e-17,-0.433883739117558,-0.9009688679024191,0.8755389928586302,0.4831474640149687,-0.15403436238348517,0.9880654913542488,2.332861,2.549207,2.5274005,4.0746284,5.050495,2.4698228333333323,0.11911250439400915,3.369120542857143,1.158173920956376,3.9971081285714285,1.3030377881224358,-0.21634600000000015,-1.5272852952380962,6.4398265
2023-03-04,26.441666666666663,31.0,23.3,83.08333333333333,1.7999999999999998,2.512916666666667,999.1125,307.5,24,348.68704044735665,99.91125,7.38,Complete,6.4347887,3,5,63,1,1.0,6.123233995736766e-17,-0.9749279121818236,-0.2225209339563146,0.8837203473619977,0.4680153284438345,-0.1961679413819118,0.9805703130188996,6.4398265,2.332861,2.549207,5.4178104,6.632732,3.7739648333333324,2.311236728957258,3.7070059857142854,1.6421798885617338,4.096346092857143,1.4355961483759356,4.106965499999999,-0.32238125952381047,6.4347887
2023-03-05,24.9,27.8,23.6,93.54166666666669,5.8,1.8816666666666668,998.8708333333334,128.79166666666666,24,350.76733409067253,99.88708333333334,3.091,Complete,6.2216897,3,6,64,1,1.0,6.123233995736766e-17,-0.7818314824680299,0.6234898018587334,0.8916401947968874,0.45274469960737107,-0.16044395537670064,0.9870449519566368,6.4347887,6.4398265,2.332861,4.0107293,4.6007214,5.069158733333333,2.3697046881291053,3.8522886,1.8505281338355095,4.0822072857142855,1.409430697693711,-0.005037799999999315,0.9869514476190471,6.2216897
2023-03-06,23.4625,24.5,22.6,98.83333333333331,57.2,0.685,1000.7333333333332,24.041666666666668,24,333.5728789316279,100.07333333333332,0.577,Complete,5.2563996,3,0,65,1,1.0,6.123233995736766e-17,0.0,1.0,0.8992961915530253,0.4373400963303323,-0.4450591162553267,0.8955011909752145,6.2216897,6.4347887,6.4398265,2.6712072,3.3246365,6.365434966666665,0.12451253400378541,4.168140085714286,2.0590187482864133,4.197990735714286,1.51772300105296,-0.2130990000000006,2.1674442309523796,5.2563996
2023-03-07,23.8,26.4,22.0,92.875,5.0,1.08625,1003.1666666666666,171.125,24,232.92260771784555,100.31666666666666,4.107,Complete,5.085823,3,1,66,1,1.0,6.123233995736766e-17,0.7818314824680298,0.6234898018587336,0.9066860720977985,0.4218060770826634,-0.7978218800026833,-0.6028932308369236,5.2563996,6.2216897,6.4347887,2.5274005,3.2827215,5.970959333333333,0.6279327235670429,4.537453285714286,1.9759429927256895,4.3359738142857145,1.5200255940754483,-0.9652900999999998,1.6349855190476186,5.085823
2023-03-08,24.42083333333333,27.7,21.9,76.91666666666667,0.2,1.2345833333333334,1003.8166666666666,201.91666666666663,24,123.96328743783096,100.38166666666666,4.846,Complete,5.547065,3,2,67,1,1.0,6.123233995736766e-17,0.9749279121818236,-0.22252093395631434,0.9138076496466615,0.40614723863057883,0.8293957080401028,-0.5586615786723269,5.085823,5.2563996,6.2216897,2.549207,4.121418,5.521304099999999,0.6125186410489232,4.902942214285714,1.767834188437015,4.464766778571429,1.5001773757447332,-0.17057659999999952,1.0565373214285705,5.547065
2023-03-09,24.379166666666663,28.0,21.9,75.0,0.2,1.3029166666666667,1004.9166666666666,186.83333333333331,24,64.20184404924079,100.49166666666666,4.484,Complete,7.0651183,3,3,68,1,1.0,6.123233995736766e-17,0.43388373911755823,-0.900968867902419,0.9206588168102428,0.3903682146763026,0.9003327787316685,0.43520212262960356,5.547065,5.085823,5.2563996,2.332861,5.3629456,5.2964291999999995,0.23321196859965065,5.331207642857143,1.4342461475040946,4.566598707142857,1.5232864960074242,0.4612419999999995,0.7298304928571424,7.0651183
2023-03-10,23.8,29.2,19.4,76.70833333333333,0.0,1.461666666666667,1004.8875,320.0,24,109.9666444966278,100.48875,7.68,Complete,3.9801905,3,4,69,1,1.0,6.123233995736766e-17,-0.433883739117558,-0.9009688679024191,0.9272375462179537,0.374473674486883,0.9398915731320642,-0.34147303078769425,7.0651183,5.547065,5.085823,6.4398265,4.0746284,5.899335433333332,1.035602875044861,6.007244399999999,0.7256670226930703,4.688182471428571,1.6540555742160845,1.5180533,1.2111529619047605,3.9801905
2023-03-11,24.183333333333334,30.1,19.4,78.125,0.0,1.3416666666666668,1003.6291666666666,272.0416666666667,24,144.65517648492664,100.36291666666666,6.529,Complete,5.5791035,3,5,70,1,1.0,6.123233995736766e-17,-0.9749279121818236,-0.2225209339563146,0.9335418911179212,0.35846832151248087,0.5784959265499806,-0.8156852720045149,3.9801905,7.0651183,5.547065,6.4347887,5.4178104,5.530791266666665,1.5425282845383013,5.655867828571429,1.017932344065478,4.681436907142857,1.6569402976537158,-3.0849278,0.849354359523808,5.5791035
2023-03-12,24.52083333333333,29.6,21.2,87.0,5.800000000000001,1.295,1003.3666666666668,247.625,24,58.9636676867356,100.33666666666667,5.943,Complete,4.768211,3,6,71,1,1.0,6.123233995736766e-17,-0.7818314824680299,0.6234898018587334,0.9395699859530622,0.342356891994542,0.8568405332207971,0.5155815169591517,5.5791035,3.9801905,7.0651183,6.2216897,4.0107293,5.5414707666666665,1.542808170112806,5.533627085714286,0.9584443112201785,4.692957842857142,1.6630039107536945,1.5989130000000005,0.8485129238095244,4.768211
2023-03-13,24.058333333333334,27.7,21.3,94.375,9.8,0.99625,1003.6833333333334,294.9166666666667,24,19.026966996858768,100.36833333333334,7.078,Complete,4.432117,3,0,72,1,1.0,6.123233995736766e-17,0.0,1.0,0.945320046913132,0.3261441535642696,0.32601313888041716,0.9453652380309622,4.768211,5.5791035,3.9801905,5.2563996,2.6712072,4.775835,0.79948376432811,5.325987271428572,0.9418354918294877,4.747063678571429,1.651381919342829,-0.8108925000000005,0.02877132142857075,4.432117
2023-03-14,24.725,30.8,22.1,93.375,14.6,1.0329166666666667,1004.3208333333332,288.375,24,321.5280524196883,100.43208333333334,6.921,Complete,2.7347653,3,1,73,1,1.0,6.123233995736766e-17,0.7818314824680298,0.6234898018587336,0.9507903724625832,0.3098349038318025,-0.622131391540137,0.7829128506164226,4.432117,4.768211,5.5791035,5.085823,2.5274005,4.9264771666666665,0.589644505129219,5.2082326142857145,1.0016172809674078,4.87284295,1.5447263761919892,-0.3360940000000001,0.05363421666666657,2.7347653
2023-03-15,25.308333333333334,30.0,22.4,90.625,6.6,1.4683333333333335,1004.275,298.8333333333333,24,359.1618851971576,100.4275,7.172,Complete,2.780915,3,2,74,1,1.0,6.123233995736766e-17,0.9749279121818236,-0.22252093395631434,0.9559793438440766,0.2934339689665273,-0.014627341160260944,0.9998930147223658,2.7347653,4.432117,4.768211,5.547065,2.549207,3.978364433333333,1.090020136295445,4.872367228571428,1.3743386655114274,4.887654721428571,1.5213237863045876,-1.6973517,-0.9092902880952378,2.780915
2023-03-16,24.70833333333333,27.5,22.9,95.58333333333331,9.5,1.3558333333333332,1004.5458333333332,297.0,24,33.505453582265005,100.45458333333332,7.128,Complete,3.736048,3,3,75,1,1.0,6.123233995736766e-17,0.43388373911755823,-0.900968867902419,0.9608854255574977,0.27694620226893646,0.5520163545380303,0.8338332832902172,2.780915,2.7347653,4.432117,7.0651183,2.332861,3.3159324333333324,0.9669195617274092,4.477202942857143,1.536159293921884,4.904205292857143,1.4949586674058797,0.04614969999999996,-1.5882728595238107,3.736048
2023-03-17,25.433333333333334,30.7,22.3,85.29166666666667,3.2,1.5266666666666666,1005.3125,273.75,24,37.96281055760002,100.53125,6.57,Complete,4.662873,3,4,76,1,1.0,6.123233995736766e-17,-0.433883739117558,-0.9009688679024191,0.9655071658143364,0.2603764827344581,0.6151498650568905,0.7884102000357995,3.736048,2.780915,2.7347653,3.9801905,6.4398265,3.0839094333333326,0.5652397555931641,4.001621471428572,1.0350098920330835,5.004432935714285,1.3492408203597046,0.955133,-1.9205235023809526,4.662873
2023-03-18,25.391666666666666,31.3,21.3,82.5,0.0,1.15625,1005.3,293.4166666666667,24,273.3053854524188,100.53,7.042,Complete,4.196856,3,5,77,1,1.0,6.123233995736766e-17,-0.9749279121818236,-0.2225209339563146,0.969843196967294,0.24372971360968387,-0.9983364015379007,0.057657864722478074,4.662873,3.736048,2.780915,5.5791035,6.4347887,3.7266119999999994,0.9410144828922513,4.0991475428571436,1.0644002861456512,4.877507685714286,1.2859186636944542,0.9268250000000005,-1.1508956857142865,4.196856
2023-03-19,24.8875,31.9,21.4,88.66666666666667,12.6,1.19125,1003.8625,280.7916666666667,24,281.3149597105392,100.38625,6.739,Complete,3.991758,3,6,78,1,1.0,6.123233995736766e-17,-0.7818314824680299,0.6234898018587334,0.9738922359149924,0.22701082094141847,-0.980563464327881,0.19620217232565085,4.196856,4.662873,3.736048,4.768211,6.2216897,4.198592333333333,0.46341493965593566,3.9016836142857136,0.8508839620054169,4.71765535,1.2145607726453427,-0.4660169999999999,-0.5190630166666672,3.991758
2023-03-20,24.45,30.6,21.4,91.58333333333331,11.1,1.22875,1003.0958333333332,268.5,24,290.03277459274955,100.30958333333334,6.444,Complete,5.9917865,3,0,79,1,1.0,6.123233995736766e-17,0.0,1.0,0.9776530844816641,0.2102247521189836,-0.9394968231370795,0.3425576145925458,3.991758,4.196856,4.662873,4.432117,5.2563996,4.283829,0.3439070555440568,3.7907617571428567,0.7654126530629336,4.558374514285714,1.1464552246558952,-0.20509800000000045,-0.2745455142857143,5.9917865
2023-03-21,24.8375,32.0,21.2,88.70833333333333,8.7,1.163333333333333,1002.8958333333334,233.79166666666663,24,310.33479905639786,100.28958333333334,5.611,Complete,7.094009,3,1,80,1,1.0,6.123233995736766e-17,0.7818314824680298,0.6234898018587336,0.981124629771712,0.19337647441020586,-0.7622753560332973,0.6472528729826619,5.9917865,3.991758,4.196856,2.7347653,5.085823,4.726800166666666,1.1002995569575933,4.013571685714285,1.1255223008343005,4.61090215,1.1966452251427762,2.0000285,0.11589801666666588,7.094009
2023-03-22,24.9125,33.4,21.4,90.79166666666669,6.9,1.0933333333333335,1002.825,238.04166666666663,24,294.2549797833773,100.2825,5.713,Complete,3.0593271,3,2,81,1,1.0,6.123233995736766e-17,0.9749279121818236,-0.22252093395631434,0.984305844499033,0.17647097349152166,-0.9117263430727915,0.410798095598208,7.094009,5.9917865,3.991758,2.780915,5.547065,5.692517833333333,1.5726288875276961,4.636320785714285,1.4571568139300453,4.754344007142857,1.3662888876460202,1.1022224999999999,0.938173826190476,3.0593271
2023-03-23,24.04583333333333,28.8,21.8,94.79166666666669,18.4,0.8379166666666666,1003.9541666666668,141.91666666666666,24,288.1544358501559,100.39541666666668,3.406,Complete,4.6211925,3,3,82,1,1.0,6.123233995736766e-17,0.43388373911755823,-0.900968867902419,0.9871957872910085,0.15951325197263655,-0.9502201337168189,0.3115793598414226,3.0593271,7.094009,5.9917865,3.736048,7.0651183,5.381707533333333,2.0853804851210516,4.676093942857142,1.4007819845365823,4.576648442857143,1.4161243147193965,-4.0346819,0.8050590904761901,4.6211925
2023-03-24,25.15416666666667,31.1,22.1,89.58333333333333,5.9,1.04625,1003.8166666666666,245.45833333333331,24,281.32417650159863,100.38166666666666,5.891,Complete,2.645841,3,4,83,1,1.0,6.123233995736766e-17,-0.433883739117558,-0.9009688679024191,0.9897936029670716,0.14250832791617088,-0.9805318899021813,0.19635990651061286,4.6211925,3.0593271,7.094009,4.662873,3.9801905,4.9248428666666655,2.0344083089265785,4.802543157142857,1.3404317075980154,4.402082314285714,1.2232736736790015,1.5618654000000003,0.5227605523809515,2.645841
2023-03-25,24.304166666666664,28.4,22.2,95.91666666666669,25.3,0.8500000000000001,1004.425,265.6666666666667,24,300.91864262280353,100.4425,6.376,Complete,5.983857,3,5,84,1,1.0,6.123233995736766e-17,-0.9749279121818236,-0.2225209339563146,0.992098522791769,0.12546123335273648,-0.8578977667438896,0.5138204178658597,2.645841,4.6211925,3.0593271,4.196856,5.5791035,3.4421201999999993,1.0418259476485174,4.5143957285714285,1.572216950364825,4.306771635714286,1.3077400748577337,-1.9753515000000004,-0.8646514357142867,5.983857
2023-03-26,25.45,30.2,22.7,88.41666666666667,1.5,0.95,1003.5458333333332,207.33333333333331,24,177.91681569774053,100.35458333333332,4.976,Complete,6.5306196,3,6,85,1,1.0,6.123233995736766e-17,-0.7818314824680299,0.6234898018587334,0.9941098647022418,0.10837701279187609,0.03635041495023771,-0.9993391052755544,5.983857,2.645841,4.6211925,3.991758,4.768211,4.4169635,1.6783533052950252,4.769681585714286,1.65496655057305,4.3356826,1.3420557845879413,3.3380160000000005,0.08128089999999943,6.5306196
2023-03-27,25.975,31.2,22.9,89.58333333333333,3.6,1.1445833333333333,1002.4416666666666,274.5416666666667,24,5.500187044554875,100.24416666666666,6.589,Complete,4.045191,3,0,86,1,1.0,6.123233995736766e-17,0.0,1.0,0.9958270335100595,0.09126072172931188,0.09584900203373382,0.9953958854692626,6.5306196,5.983857,2.645841,5.9917865,4.432117,5.053439199999999,2.1028870998396756,5.1323761,1.7324545261559428,4.461568928571428,1.4629601957191805,0.5467625999999992,0.5918702714285704,4.045191
2023-03-28,25.7875,29.9,23.2,89.20833333333333,7.1,1.4129166666666668,1001.925,270.0833333333333,24,240.57126911515485,100.1925,6.482,Complete,0.9696919,3,1,87,1,1.0,6.123233995736766e-17,0.7818314824680298,0.6234898018587336,0.9972495210773451,0.07411742515094437,-0.8709675386275421,-0.4913405607692907,4.045191,6.5306196,5.983857,7.094009,2.7347653,5.519889199999999,1.3060583528319605,4.854291028571429,1.7277373531376747,4.433931357142857,1.4672080344787097,-2.4854285999999997,1.085957842857142,0.9696919
2023-03-29,25.71666666666667,32.1,21.2,81.75,1.3,1.3145833333333334,1001.3916666666668,283.125,24,261.9827649836559,100.13916666666668,6.795,Complete,17.14406,3,2,88,1,1.0,6.123233995736766e-17,0.9749279121818236,-0.22252093395631434,0.998376906467142,0.056952196034039754,-0.9902261595880482,-0.13947097500019626,0.9696919,4.045191,6.5306196,3.0593271,2.780915,3.8485008333333326,2.7856766659833867,3.979388585714286,1.9419085103362888,4.307854685714285,1.684233392407024,-3.0754991,-0.4593538523809526,17.14406
2023-03-30,26.1625,31.6,22.4,84.79166666666667,0.7000000000000001,1.0854166666666667,1002.2875,228.33333333333331,24,20.24236166519519,100.22875,5.48,Complete,9.552565,3,3,89,1,1.0,6.123233995736766e-17,0.43388373911755823,-0.900968867902419,0.9992088560679753,0.03977011384605572,0.3459919798763533,0.9382374698663666,17.14406,0.9696919,4.045191,4.6211925,3.736048,7.3863142999999996,8.589230148152199,5.991493285714286,5.271751053451171,5.333793614285715,3.76805663067599,16.1743681,2.052520685714285,9.552565
2023-03-31,25.825,31.4,22.5,87.20833333333333,1.9,1.17625,1003.875,246.70833333333331,24,17.392241819467007,100.3875,5.921,Complete,2.9346979,3,4,90,1,1.0,6.123233995736766e-17,-0.433883739117558,-0.9009688679024191,0.9997451236925734,0.022576263041545485,0.29891157984546324,0.9542808116242772,9.552565,17.14406,0.9696919,2.645841,4.662873,9.222105633333333,8.092246190232835,6.695975071428571,5.386365509684546,5.749259114285715,3.89680282015364,-7.591495,3.4728465190476188,2.9346979
2023-04-01,26.08333333333333,31.3,23.0,84.83333333333333,1.0,1.2591666666666663,1003.8958333333334,262.125,24,43.99127396451709,100.38958333333332,6.291,Complete,3.7366304,4,5,91,1,0.8660254037844387,-0.4999999999999998,-0.9749279121818236,-0.2225209339563146,0.9999855506507186,0.005375731557583884,0.6945488083544746,0.719445587110922,2.9346979,9.552565,17.14406,5.983857,4.196856,9.877107633333333,7.110238305631356,6.737240342857143,5.351157205516332,5.625818035714285,3.960712164889912,-6.6178671,4.251289597619048,3.7366304
2023-04-02,25.7,30.6,22.6,82.5,0.8,1.39,1004.1416666666668,268.5,24,57.09832387752291,100.41416666666667,6.444,Complete,3.1589806,4,6,92,1,0.8660254037844387,-0.4999999999999998,-0.7818314824680299,0.6234898018587334,0.9999300657962057,-0.011826390691832589,0.8396039742280641,0.5431990118367672,3.7366304,2.9346979,9.552565,6.5306196,3.991758,5.4079644333333325,3.6116560365778643,6.4162079714285705,5.469977783505147,5.592944778571429,3.975367417942654,0.8019324999999999,-0.18498034523809626,3.1589806
2023-04-03,25.54583333333333,31.2,21.4,80.375,0.1,1.235,1004.9958333333334,281.2083333333333,24,34.83958183406376,100.49958333333332,6.749,Complete,3.125571,4,0,93,1,0.8660254037844387,-0.4999999999999998,0.0,1.0,0.9995786855478958,-0.029025013321975237,0.5712807086938447,0.8207547452645391,3.1589806,3.7366304,2.9346979,4.045191,5.9917865,3.2767696333333323,0.41373859611986447,5.934545257142858,5.605003554092521,5.533460678571428,4.007271706707102,-0.5776498000000001,-2.256691045238096,3.125571
2023-04-04,25.104166666666668,29.9,22.5,85.375,5.3,1.3091666666666666,1005.1916666666666,236.70833333333331,24,72.56875673546301,100.51916666666666,5.681,Complete,5.3658624,4,1,94,1,0.8660254037844387,-0.4999999999999998,0.7818314824680298,0.6234898018587336,0.9989315138848577,-0.046215046983708354,0.9540771203561438,0.2995610929558917,3.125571,3.1589806,3.7366304,0.9696919,7.094009,3.3403939999999985,0.3435571478760626,5.803170971428571,5.6671017209860395,5.328731,4.054987581081518,-0.03340960000000015,-1.9883370000000018,5.3658624
2023-04-05,25.191666666666663,30.2,19.8,72.75,0.0,1.2433333333333334,1004.1,277.375,24,79.27242265774808,100.41,6.657,Complete,2.9164581,4,2,95,1,0.8660254037844387,-0.4999999999999998,0.9749279121818236,-0.22252093395631434,0.9979887423155984,-0.06339140486951038,0.9825233185236042,0.18613954055322116,5.3658624,3.125571,3.1589806,17.14406,3.0593271,3.883471333333332,1.2838969998574195,6.4311953285714285,5.272002595418108,5.205291957142857,4.023296268530134,2.2402914000000003,-1.3218206238095251,2.9164581
2023-04-06,24.23333333333333,30.6,19.6,79.125,0.0,1.8091666666666668,1002.9125,274.9166666666667,24,358.02996408932734,100.29125,6.598,Complete,2.9662318,4,3,96,1,0.8660254037844387,-0.4999999999999998,0.43388373911755823,-0.900968867902419,0.9967506498213929,-0.08054900421874167,-0.034376838518122003,0.9994089418118586,2.9164581,5.3658624,3.125571,9.552565,4.6211925,3.802630499999999,1.3578300818290177,4.398680771428571,2.4301635246471136,5.195087028571429,4.0293347850135435,-2.4494043000000003,-1.3924565285714299,2.9662318
2023-04-07,25.0625,33.1,20.6,88.91666666666667,7.8,1.2716666666666667,1003.3208333333332,224.16666666666663,24,323.2392102055452,100.33208333333332,5.38,Complete,3.1541703,4,4,97,1,0.8660254037844387,-0.4999999999999998,-0.433883739117558,-0.9009688679024191,0.9952176027737294,-0.09768276782171598,-0.5984754800263126,0.8011411235277307,2.9662318,2.9164581,5.3658624,2.9346979,2.645841,3.7495174333333323,1.4000170155231717,3.4577760285714283,0.8875475393336822,5.07687555,4.071522205184569,0.049773700000000254,-1.3273581166666673,3.1541703
2023-04-08,26.054166666666664,33.2,21.8,82.625,1.6,1.7670833333333331,1005.4416666666666,263.6666666666667,24,4.45143172896154,100.54416666666664,6.328,Complete,9.303221,4,5,98,1,0.8660254037844387,-0.4999999999999998,-0.9749279121818236,-0.2225209339563146,0.9933900548258936,-0.11478762552212701,0.07761400450179565,0.9969834834665995,3.1541703,2.9662318,2.9164581,3.7366304,5.983857,3.012286733333332,0.12536971392815838,3.4891292285714286,0.8696865676057829,5.113184785714286,4.050386679752866,0.1879385,-2.100898052380954,9.303221
2023-04-09,25.916666666666668,31.3,22.2,85.125,1.2000000000000002,1.62125,1006.6166666666668,268.625,24,12.040157415638411,100.66166666666666,6.447,Complete,2.3462262,4,6,99,1,0.8660254037844387,-0.4999999999999998,-0.7818314824680299,0.6234898018587334,0.9912685467787256,-0.13185851571739118,0.20859720292681388,0.9780016395339578,9.303221,3.1541703,2.9662318,3.1589806,6.5306196,5.141207699999999,3.605633959788244,4.284356457142857,2.375353666177901,5.3502822142857145,4.1996752624015405,6.1490507,-0.20907451428571555,2.3462262
2023-04-10,25.79583333333333,31.0,22.8,85.25,2.3,1.5325,1006.5375,263.6666666666667,24,48.38337458821128,100.65375,6.328,Complete,3.6546907,4,0,100,1,0.8660254037844387,-0.4999999999999998,0.0,1.0,0.9888537064205885,-0.1488903868564548,0.7476054087622431,0.6641431719060578,2.3462262,9.303221,3.1541703,3.125571,4.045191,4.934539166666666,3.8048954174659966,4.1682486857142855,2.4579578653921437,5.051396971428572,4.25770832888773,-6.9569948,-0.11685780476190555,3.6546907
2023-04-11,25.5625,30.6,22.8,85.25,4.6,1.4958333333333331,1006.525,269.4583333333333,24,67.9259939878419,100.6525,6.467,Complete,4.895398,4,1,101,1,0.8660254037844387,-0.4999999999999998,0.7818314824680298,0.6234898018587336,0.986146248341595,-0.16587819893463143,0.926699221191184,0.37580387630205875,3.6546907,2.3462262,9.303221,5.3658624,0.9696919,5.101379299999999,3.697245608670629,4.243837214285714,2.4285081455186255,5.023504092857142,4.266078081389895,1.3084645000000004,0.07787520714285634,4.895398
2023-04-12,25.620833333333334,30.5,21.8,80.58333333333333,0.6,1.555,1005.8,260.3333333333333,24,34.38911376677121,100.58,6.248,Complete,4.1672907,4,2,102,1,0.8660254037844387,-0.4999999999999998,0.9749279121818236,-0.22252093395631434,0.9831469737221499,-0.1828169249850199,0.5648102211577081,0.8252208274612202,4.895398,3.6546907,2.3462262,2.9164581,17.14406,3.6321049666666654,1.2747359738359336,4.176628014285714,2.3986066191733357,5.303911671428571,4.1051066573709285,1.2407073,-1.6718067047619054,4.1672907
2023-04-13,25.133333333333336,29.8,22.7,87.45833333333333,2.7,1.7408333333333337,1005.3125,227.125,24,46.46840206650791,100.53125,5.451,Complete,4.590106,4,3,103,1,0.8660254037844387,-0.4999999999999998,0.43388373911755823,-0.900968867902419,0.9798567700958665,-0.1997015525660636,0.724994641452319,0.6887545062396496,4.1672907,4.895398,3.6546907,2.9662318,9.552565,4.239126466666665,0.623465262943944,4.355318385714286,2.334824387112483,4.376999578571428,2.2895948430439637,-0.7281073000000005,-0.1378731119047627,4.590106
2023-04-14,25.454166666666666,29.5,22.3,83.625,2.3,1.4545833333333331,1004.825,177.125,24,62.90206706115629,100.4825,4.251,Complete,5.70774,4,4,104,1,0.8660254037844387,-0.4999999999999998,-0.433883739117558,-0.9009688679024191,0.9762766110869321,-0.21652708524481437,0.8902292387358977,0.4555127907092227,4.590106,4.1672907,4.895398,3.1541703,2.9346979,4.550931566666665,0.3656310124272412,4.587300414285714,2.2530454782390623,4.022538221428571,1.7464054523567247,0.4228152999999999,0.5283933452380936,5.70774
2023-04-15,24.1375,26.3,22.6,96.91666666666669,21.8,1.2920833333333333,1003.7375,202.95833333333331,24,46.271458623401735,100.37375,4.871,Complete,4.8095,4,5,105,1,0.8660254037844387,-0.4999999999999998,-0.9749279121818236,-0.2225209339563146,0.9724075561219968,-0.23328854407545518,0.7226228993721923,0.6912424649158401,5.70774,4.590106,4.1672907,9.303221,3.7366304,4.821712233333332,0.795912744562353,4.9520960857142855,2.188122304990925,4.220612657142857,1.7706225713590966,1.1176340000000007,0.6010995761904754,4.8095
2023-04-16,23.941666666666663,27.2,22.6,95.5,31.4,1.5433333333333332,1004.1166666666668,80.0,24,23.75637815586601,100.41166666666666,1.92,Complete,6.442484,4,6,106,1,0.8660254037844387,-0.4999999999999998,-0.7818314824680299,0.6234898018587334,0.9682507501166718,-0.2499809690726521,0.40284857967224874,0.9152666397591752,4.8095,5.70774,4.590106,2.3462262,3.1589806,5.035781999999998,0.5921816420086152,4.310135942857142,1.0747504499817446,4.2972462,1.7712813148322106,-0.8982400000000004,0.7385357999999984,6.442484
2023-04-17,24.3,30.2,21.7,92.79166666666669,12.2,0.90625,1004.7,158.95833333333334,24,321.3815999911462,100.47,3.815,Complete,8.787389,4,0,107,1,0.8660254037844387,-0.4999999999999998,0.0,1.0,0.9638074231367307,-0.26659942067929354,-0.6241305425947044,0.7813200789692019,6.442484,4.8095,5.70774,3.6546907,3.125571,5.653241333333333,0.8178549777102113,4.895315628571429,0.9330461836657055,4.531782157142858,1.8255238338048254,1.6329840000000004,1.1214591761904753,8.787389
2023-04-18,23.29583333333333,25.8,22.0,97.5,4.4,0.9229166666666666,1003.4708333333332,47.958333333333336,24,285.0787289661246,100.34708333333332,1.151,Complete,6.6338544,4,1,108,1,0.8660254037844387,-0.4999999999999998,0.7818314824680298,0.6234898018587336,0.9590788900341131,-0.28313898122818354,-0.9655692765317607,0.2601460593934341,8.787389,6.442484,4.8095,4.895398,5.3658624,6.679790999999998,1.9995339915257917,5.628558242857143,1.5847724800150087,4.936197728571429,2.0969944958287323,2.344904999999999,1.7435932714285691,6.6338544
2023-04-19,24.85,31.2,22.1,91.45833333333331,6.1,1.0079166666666668,1002.3083333333334,243.125,24,256.07775068464707,100.23083333333334,5.835,Complete,3.4320352,4,2,109,1,0.8660254037844387,-0.4999999999999998,0.9749279121818236,-0.22252093395631434,0.9540665500578387,-0.2995947563972602,-0.9706231221222185,-0.24060497667695283,6.6338544,8.787389,6.442484,4.1672907,2.9164581,7.287909133333332,1.3021081216255186,5.876909157142856,1.5869452871240572,5.026768585714286,2.143839119678846,-2.1535345999999995,2.2611405476190463,3.4320352
2023-04-20,24.5,27.3,22.6,95.45833333333331,8.7,0.97875,1002.9375,251.95833333333331,24,184.7293631394567,100.29375,6.047,Complete,6.5452924,4,3,110,1,0.8660254037844387,-0.4999999999999998,0.43388373911755823,-0.900968867902419,0.9487718864399473,-0.31596187665790293,-0.08244925802614315,-0.9965952638112117,3.4320352,6.6338544,8.787389,4.590106,2.9662318,6.284426199999998,2.694722366220701,5.771872657142858,1.7362678748270013,5.063595521428572,2.1089439085900583,-3.2018191999999996,1.220830678571426,6.5452924
2023-04-21,23.85833333333333,26.9,22.0,95.79166666666669,25.6,0.9254166666666668,1004.1041666666666,251.54166666666663,24,38.40953521211461,100.41041666666666,6.037,Complete,7.504902,4,4,111,1,0.8660254037844387,-0.4999999999999998,-0.433883739117558,-0.9009688679024191,0.9431964659565866,-0.33223549871590435,0.6212781946044746,0.7835900745345136,6.5452924,3.4320352,6.6338544,5.70774,3.1541703,5.537060666666665,1.8235432455654694,6.051184999999999,1.6704916826859604,5.319242707142856,2.051282743415431,3.1132572,0.217817959523809,7.504902
2023-04-22,24.225,28.5,22.0,83.625,2.2,1.18625,1005.4125,193.16666666666663,24,59.47909574257068,100.54125,4.636,Complete,5.3432956,4,5,112,1,0.8660254037844387,-0.4999999999999998,-0.9749279121818236,-0.2225209339563146,0.9373419384643772,-0.3484108069446808,0.8614439286806519,0.5078526929526357,7.504902,6.5452924,3.4320352,4.8095,9.303221,5.827409866666666,2.129219925555933,6.307922428571429,1.7453363892096159,5.6300092571428575,2.0274728064293766,0.9596096000000003,0.19740060952380833,5.3432956
2023-04-23,23.225,27.6,20.3,90.75,4.9,1.16625,1005.3375,214.25,24,23.570519867298007,100.53375,5.142,Complete,4.8582826,4,6,113,1,0.8660254037844387,-0.4999999999999998,-0.7818314824680299,0.6234898018587334,0.9312100364121947,-0.3644830148102912,0.39987748770296955,0.9165685979938225,5.3432956,7.504902,6.5452924,6.442484,2.3462262,6.4644966666666654,1.083065796719641,6.384178942857143,1.679371133348849,5.347157442857143,1.7300076896236505,-2.1616064,1.1173392238095223,4.8582826
2023-04-24,24.266666666666666,28.9,21.0,82.79166666666667,0.3,1.2070833333333333,1003.6166666666668,251.625,24,22.645624419231424,100.36166666666666,6.039,Complete,2.3199434,4,0,114,1,0.8660254037844387,-0.4999999999999998,0.0,1.0,0.9248025743285089,-0.38044736628785164,0.38503034965584865,0.9229039114901914,4.8582826,5.3432956,7.504902,8.787389,3.6546907,5.902160066666666,1.4090406953637273,6.157864457142857,1.7742677769293964,5.526590042857142,1.5112580433447427,-0.48501300000000036,0.37557002380952387,2.3199434
2023-04-25,23.304166666666664,26.2,20.7,88.625,0.1,0.7704166666666666,1003.3333333333334,68.79166666666667,24,9.375247605577128,100.33333333333334,1.651,Complete,4.5608673,4,1,115,1,0.8660254037844387,-0.4999999999999998,0.7818314824680298,0.6234898018587336,0.9181214482844365,-0.39629913726891813,0.16289973720435943,0.9866426281175726,2.3199434,4.8582826,5.3432956,6.6338544,4.895398,4.173840533333332,1.6237334566604251,5.2339436571428575,1.8586728272329092,5.43125095,1.6719871480470085,-2.5383392,-1.2574104166666675,4.5608673
2023-04-26,23.508333333333336,29.0,20.2,90.95833333333331,6.7,1.5279166666666668,1005.0083333333332,237.70833333333331,24,29.70721149795727,100.50083333333332,5.705,Complete,4.96231,4,2,116,1,0.8660254037844387,-0.4999999999999998,0.9749279121818236,-0.22252093395631434,0.9111686353326631,-0.41203363695942635,0.4955679942775573,0.8685691469582136,4.5608673,2.3199434,4.8582826,3.4320352,4.1672907,3.913031099999999,1.387645588789509,4.937802642857143,1.7610306293165612,5.4073559,1.6825911562552147,2.2409239,-1.4943248000000007,4.96231
2023-04-27,24.5875,29.5,21.2,85.29166666666667,0.3,1.79625,1004.8416666666668,207.58333333333331,24,28.745327615302703,100.48416666666668,4.982,Complete,3.8409882,4,3,117,1,0.8660254037844387,-0.4999999999999998,0.43388373911755823,-0.900968867902419,0.9039461929224011,-0.42764620926777464,0.4809172715710323,0.876765976703404,4.96231,4.5608673,2.3199434,6.5452924,4.590106,3.9477068999999987,1.4239029353488262,5.156413328571429,1.6333046184332758,5.464142992857142,1.6506321937238946,0.4014427000000005,-1.5164360928571434,3.8409882
2023-04-28,24.995833333333334,31.4,21.7,91.125,7.2,1.4258333333333333,1003.0041666666666,216.33333333333331,24,324.072215899171,100.30041666666666,5.192,Complete,4.326722,4,4,118,1,0.8660254037844387,-0.4999999999999998,-0.433883739117558,-0.9009688679024191,0.8964562582905575,-0.44313223418263453,-0.5867650964414601,0.8097571991640728,3.8409882,4.96231,4.5608673,7.504902,5.70774,4.454721833333333,0.5681468030881005,4.770084157142857,1.568582717642525,5.410634578571428,1.6927499932983878,-1.1213218000000005,-0.9559127452380949,4.326722
2023-04-29,24.98333333333333,31.5,21.6,90.45833333333331,4.3,1.2229166666666669,1004.1583333333332,237.58333333333331,24,351.3204937238693,100.41583333333332,5.702,Complete,1.9984157,4,5,119,1,0.8660254037844387,-0.4999999999999998,-0.9749279121818236,-0.2225209339563146,0.8887010478292915,-0.45848712914008766,-0.15090724316190568,0.9885479269925528,4.326722,3.8409882,4.96231,5.3432956,4.8095,4.376673399999999,0.5623273082114044,4.316058442857143,1.0030849396294776,5.311990435714286,1.7142075659080858,0.4857338000000002,-0.935317035714287,1.9984157
2023-04-30,25.5875,30.4,22.7,87.70833333333333,0.9,1.2320833333333334,1006.5916666666668,220.79166666666663,24,40.07983999124728,100.65916666666666,5.299,Complete,4.779608,4,6,120,1,0.8660254037844387,-0.4999999999999998,-0.7818314824680299,0.6234898018587334,0.8806828564301475,-0.47370635037968,0.643854445774596,0.7651479939569127,1.9984157,4.326722,3.8409882,4.8582826,6.442484,3.3887086333333323,1.2282793499334945,3.8382184571428577,1.2079604518595424,5.1111987,1.9287986879553631,-2.3283063000000004,-1.7224900666666678,4.779608
2023-05-01,25.079166666666666,29.6,22.9,92.83333333333331,8.2,1.3862500000000002,1008.1166666666668,231.33333333333331,24,71.12880824172123,100.81166666666668,5.552,Complete,5.866241,5,0,121,0,0.49999999999999994,-0.8660254037844387,0.0,1.0,0.8724040568049612,-0.48878539428899265,0.946248104479398,0.32344168681409385,4.779608,1.9984157,4.326722,2.3199434,8.787389,3.701581899999999,1.4922659819435073,3.8269792285714286,1.1972057671641074,4.9924218428571425,1.8913478624798121,2.7811923,-1.2908399428571435,5.866241
2023-05-02,23.554166666666664,26.2,21.8,96.20833333333331,12.3,1.575416666666667,1008.9291666666668,222.95833333333331,24,78.51277077078377,100.89291666666666,5.351,Complete,12.149897,5,1,122,0,0.49999999999999994,-0.8660254037844387,0.7818314824680298,0.6234898018587336,0.8638670987837349,-0.503719798736334,0.9799691177959973,0.19914951209112927,5.866241,4.779608,1.9984157,4.5608673,6.6338544,4.214754899999999,1.9948213970841422,4.333593171428571,1.2035113673273725,4.783768414285715,1.5751882483305522,1.086633,-0.5690135142857162,12.149897
2023-05-03,23.1,27.1,21.0,89.25,9.9,2.2154166666666666,1007.0291666666668,182.875,24,85.93693774912151,100.70291666666668,4.389,Complete,11.634761,5,2,123,0,0.49999999999999994,-0.8660254037844387,0.9749279121818236,-0.22252093395631434,0.8550745085896932,-0.518505144391157,0.9974866690042347,0.07085439406865598,12.149897,5.866241,4.779608,4.96231,3.4320352,7.598581999999998,3.9788244483881243,5.4177402714285705,3.2017173812833337,5.177771457142858,2.4949106481246344,6.283656,2.42081054285714,11.634761
2023-05-04,22.579166666666666,25.5,20.7,97.0,18.4,1.37375,1004.3166666666666,228.08333333333331,24,33.19789150933351,100.43166666666666,5.474,Complete,9.284961,5,3,124,0,0.49999999999999994,-0.8660254037844387,0.43388373911755823,-0.900968867902419,0.8460288880917339,-0.533137056031809,0.5475324301077141,0.8367844632761421,11.634761,12.149897,5.866241,3.8409882,6.5452924,9.883632999999998,3.4886845853232566,6.370947557142856,3.9494654962887616,5.763680442857143,2.9711251037939097,-0.515136,4.119952557142855,9.284961
2023-05-05,22.829166666666666,25.2,21.0,97.41666666666669,18.1,1.0091666666666663,1003.5791666666668,225.25,24,10.576241584293651,100.35791666666668,5.406,Complete,5.9748545,5,4,125,0,0.49999999999999994,-0.8660254037844387,-0.433883739117558,-0.9009688679024191,0.8367329140344921,-0.5476112038402312,0.18354374830263862,0.9830115423834136,9.284961,11.634761,12.149897,4.326722,7.504902,11.023206333333333,1.5272406175077524,7.148657957142857,3.9039853989381363,5.9593710571428575,3.1133826403795446,-2.3498,5.063835276190475,5.9748545
2023-05-06,24.77083333333333,29.8,22.0,89.91666666666667,4.5,0.9608333333333332,1003.7833333333332,197.75,24,24.603408799084814,100.37833333333332,4.746,Complete,2.8754315,5,5,126,0,0.49999999999999994,-0.8660254037844387,-0.9749279121818236,-0.2225209339563146,0.8271893372462497,-0.5619233046832195,0.4163348863146029,0.9092113409089256,5.9748545,9.284961,11.634761,1.9984157,5.3432956,8.964858833333333,2.843498627573815,7.384105457142857,3.7521783740409598,5.850081950000001,3.0816494754861123,-3.310106499999999,3.114776883333332,2.8754315
2023-05-07,24.59166666666667,31.1,21.7,91.04166666666669,8.6,1.1304166666666666,1003.425,225.16666666666663,24,327.5762948679932,100.3425,5.404,Complete,4.7117686,5,6,127,0,0.49999999999999994,-0.8660254037844387,-0.7818314824680299,0.6234898018587334,0.8174009818249189,-0.5760691233798758,-0.5361760750995647,0.8441061642298473,2.8754315,5.9748545,9.284961,4.779608,4.8582826,6.045082333333332,3.205341801473537,7.509393428571428,3.5516583559621813,5.673805942857142,3.18182353415277,-3.0994230000000003,0.37127639047619,4.7117686
2023-05-08,23.808333333333334,30.9,20.2,89.20833333333333,2.3,1.1870833333333335,1002.3208333333332,221.41666666666663,24,268.823239212003,100.23208333333334,5.314,Complete,4.0849743,5,0,128,0,0.49999999999999994,-0.8660254037844387,0.0,1.0,0.8073707443023492,-0.5900444739548627,-0.9997890954981896,-0.020536906361765632,4.7117686,2.8754315,5.9748545,5.866241,2.3199434,4.520684866666666,1.5585218888712216,7.4997020857142855,3.560430245662493,5.663340657142856,3.184951602672807,1.8363371000000002,-1.1426557904761907,4.0849743
2023-05-09,23.854166666666668,29.8,20.2,86.0,0.0,1.09875,1003.2125,233.79166666666663,24,237.0713190892773,100.32125,5.611,Complete,1.4751649,5,1,129,0,0.49999999999999994,-0.8660254037844387,0.7818314824680298,0.6234898018587336,0.7971015927871943,-0.6038452208771035,-0.8393478590814385,-0.5435946757055349,4.0849743,4.7117686,2.8754315,12.149897,4.5608673,3.890724799999999,0.9334522684084046,7.245235414285714,3.7549717914892615,5.789414292857143,3.0754778055720817,-0.6267943000000002,-1.8986894928571436,1.4751649
2023-05-10,23.9125,29.4,20.3,84.33333333333333,0.1,1.034166666666667,1006.5416666666666,228.625,24,251.76245538723708,100.65416666666668,5.487,Complete,1.0789094,5,2,130,0,0.49999999999999994,-0.8660254037844387,0.9749279121818236,-0.22252093395631434,0.7865965660866021,-0.6174672802835514,-0.949767181663491,-0.31295734635088746,1.4751649,4.0849743,4.7117686,11.634761,4.96231,3.4239692666666657,1.7165653550862612,5.720273685714285,3.595328670267284,5.569006978571429,3.2744305113174317,-2.6098093999999996,-2.1450377119047634,1.0789094
2023-05-11,23.84583333333333,29.1,20.3,85.5,0.0,1.08375,1008.2666666666668,200.16666666666663,24,185.66790634259675,100.82666666666668,4.804,Complete,1.4967725,5,3,131,0,0.49999999999999994,-0.8660254037844387,0.43388373911755823,-0.900968867902419,0.7758587728069828,-0.6309066211876704,-0.09876236377396398,-0.995111046819288,1.0789094,1.4751649,4.0849743,9.284961,3.8409882,2.213016199999999,1.6332253216983716,4.212294885714285,2.8343556380180086,5.291621221428572,3.4873434045942395,-0.3962555000000001,-3.0786050214285727,1.4967725
2023-05-12,23.40833333333333,25.9,21.6,94.16666666666669,11.5,1.4129166666666666,1009.0708333333332,222.91666666666663,24,156.75569994227726,100.90708333333332,5.35,Complete,4.2880116,5,4,132,0,0.49999999999999994,-0.8660254037844387,-0.433883739117558,-0.9009688679024191,0.7648913904341226,-0.6441592666722685,0.3946524505456952,-0.9188304758105695,1.4967725,1.0789094,1.4751649,5.9748545,4.326722,1.3502822666666656,0.23526399356163527,3.099696528571428,1.8787596035088674,5.124177242857143,3.6162490993654837,0.41786310000000015,-3.773894976190477,4.2880116
2023-05-13,23.379166666666663,25.9,21.9,95.91666666666669,18.9,1.6516666666666666,1008.0375,203.79166666666663,24,120.3696148947529,100.80375,4.891,Complete,7.76393,5,5,133,0,0.49999999999999994,-0.8660254037844387,-0.9749279121818236,-0.2225209339563146,0.753697664392914,-0.6572212950663319,0.862781907799888,-0.5055762846229891,4.2880116,1.4967725,1.0789094,2.8754315,1.9984157,2.2878978333333326,1.7447044741997209,2.8587189714285715,1.5230175066650873,5.121412214285714,3.616920483751698,2.7912391,-2.8335143809523813,7.76393
2023-05-14,22.70833333333333,23.8,22.1,95.45833333333331,17.2,2.5620833333333333,1007.875,78.20833333333333,24,120.00035575711875,100.7875,1.877,Complete,11.593457,5,6,134,0,0.49999999999999994,-0.8660254037844387,-0.7818314824680299,0.6234898018587334,0.742280907086982,-0.6700888411055113,0.8660222992012149,-0.5000053772573266,7.76393,4.2880116,1.4967725,4.7117686,4.779608,4.516238033333333,3.1398059272995873,3.5570759,2.400152532724797,5.533234664285715,3.561794102914274,3.4759184000000003,-1.0169966309523817,11.593457
2023-05-15,21.104166666666668,22.5,18.9,96.5,15.6,1.7133333333333332,1007.2416666666668,15.833333333333334,24,99.76856304049464,100.72416666666666,0.38,Complete,7.1335506,5,0,135,0,0.49999999999999994,-0.8660254037844387,0.0,1.0,0.7306444969184916,-0.6827580970759147,0.9855011404354581,-0.16966880149400332,11.593457,7.76393,4.2880116,4.0849743,5.866241,7.881799533333333,3.6541487439979137,4.540174242857143,3.8954914660621083,6.019938164285714,3.900344377917753,3.8295270000000006,1.8618613690476193,7.1335506
2023-05-16,21.22083333333333,24.8,19.2,96.66666666666669,8.4,0.7854166666666668,1006.4833333333332,74.58333333333333,24,41.88848532947432,100.64833333333333,1.79,Complete,9.626305,5,1,136,0,0.49999999999999994,-0.8660254037844387,0.7818314824680298,0.6234898018587336,0.7187918772884232,-0.6952253139408722,0.6676829585033284,0.7444457447821451,7.1335506,11.593457,7.76393,1.4751649,12.149897,8.830312533333334,2.4136217712680557,4.975685142857143,4.004993306416692,6.110460278571429,3.911194109975894,-4.4599064,2.7198522547619053,9.626305
2023-05-17,23.191666666666663,27.1,19.6,87.29166666666667,2.2,1.30875,1006.7083333333334,188.0,24,62.57669793792115,100.67083333333332,4.512,Complete,6.5539465,5,2,137,0,0.49999999999999994,-0.8660254037844387,0.9749279121818236,-0.22252093395631434,0.7067265555776158,-0.7074868024503348,0.8876281495212152,0.4605608191949716,9.626305,7.1335506,11.593457,1.0789094,11.634761,9.4511042,2.2351091168958233,6.1401337285714295,4.002558927949508,5.930203707142857,3.6616325269168826,2.4927544,3.520900492857143,6.5539465
2023-05-18,23.78333333333333,26.4,21.2,95.79166666666669,9.3,1.76625,1005.1625,199.66666666666663,24,46.85509373339647,100.51625,4.792,Complete,3.9113743,5,3,138,0,0.49999999999999994,-0.8660254037844387,0.43388373911755823,-0.900968867902419,0.6944521021088763,-0.719538934232584,0.7296265282515302,0.6838458373578208,6.5539465,9.626305,7.1335506,1.4967725,9.284961,7.771267366666666,1.6324394916800036,6.922281885714286,3.3265554496573535,5.567288385714286,3.2851807308327152,-3.0723585,2.20397898095238,3.9113743
2023-05-19,25.5125,31.2,22.8,92.04166666666669,4.4,1.7679166666666666,1002.5708333333332,188.625,24,12.194518326182465,100.25708333333333,4.527,Complete,5.0121403,5,4,139,0,0.49999999999999994,-0.8660254037844387,-0.433883739117558,-0.9009688679024191,0.6819721490904629,-0.7313781428679254,0.2112312829266696,0.9774361079442243,3.9113743,6.5539465,9.626305,4.2880116,5.9748545,6.6972086,2.8601575565732333,7.267224999999999,2.744459239038308,5.183460764285714,3.1275425648669035,-2.6425722000000005,1.5137478357142857,5.0121403
2023-05-20,24.1125,30.5,22.2,95.79166666666669,15.6,1.4108333333333334,1004.725,117.0,24,245.30112858126444,100.4725,2.808,Complete,7.975615,5,5,140,0,0.49999999999999994,-0.8660254037844387,-0.9749279121818236,-0.2225209339563146,0.6692903895412567,-0.7430009249440493,-0.908516408270004,-0.41784917841749,5.0121403,3.9113743,6.5539465,7.76393,2.8754315,5.159153699999999,1.3274059902260047,7.370671957142858,2.6244721596064506,5.114695464285714,3.119376635970266,1.1007660000000006,0.04445823571428509,7.975615
2023-05-21,23.975,26.4,22.6,90.25,4.6,1.4641666666666666,1008.1,102.125,24,173.32268592258245,100.81,2.451,Complete,4.348223,5,6,141,0,0.49999999999999994,-0.8660254037844387,-0.7818314824680299,0.6234898018587334,0.6564105761979381,-0.7544038410927472,0.11627748796199026,-0.993216766770099,7.975615,5.0121403,3.9113743,11.593457,4.7117686,5.6330431999999995,2.1020593296349754,7.400912671428571,2.6309702706581444,5.478994285714286,3.1355186592362982,2.9634747,0.15404891428571332,4.348223
2023-05-22,23.675,27.6,21.7,88.375,0.4,0.7245833333333334,1007.9416666666666,85.41666666666667,24,77.72447572283181,100.79416666666664,2.05,Complete,3.3990517,5,0,142,0,0.49999999999999994,-0.8660254037844387,0.0,1.0,0.6433365204044917,-0.765583517007675,0.9771364880205656,0.21261299061636624,4.348223,7.975615,5.0121403,7.1335506,4.0849743,5.778659433333332,1.9313614024155545,6.365879242857143,2.072617277972863,5.453026742857143,3.14385569830906,-3.6273920000000004,0.3256326904761888,3.3990517
2023-05-23,24.425,27.9,22.2,82.125,0.0,1.02875,1007.0958333333332,141.875,24,148.02424254916147,100.70958333333331,3.405,Complete,3.2781742,5,1,143,0,0.49999999999999994,-0.8660254037844387,0.7818314824680298,0.6234898018587336,0.6300720909843687,-0.7765366444428655,0.5295603972276492,-0.8482722355989818,3.3990517,4.348223,7.975615,9.626305,1.4751649,5.240963233333332,2.4153616194859446,5.8323794,2.309215092691593,5.404032271428572,3.172034193824806,-0.9491713000000002,-0.16306903809523998,3.2781742
2023-05-24,22.883333333333336,25.8,21.8,86.70833333333333,3.0,1.9029166666666668,1006.4666666666668,101.5,24,191.9141496322496,100.64666666666668,2.436,Complete,8.177323,5,2,144,0,0.49999999999999994,-0.8660254037844387,0.9749279121818236,-0.22252093395631434,0.6166212130956382,-0.7872599821916922,-0.20644582940589512,-0.978458031558284,3.2781742,3.3990517,4.348223,6.5539465,1.0789094,3.675149633333332,0.5860236003682184,4.925503571428572,1.7496653219082454,5.53281865,3.03384096139662,-0.12087749999999975,-1.857669016666668,8.177323
2023-05-25,21.995833333333334,24.7,20.7,79.0,0.3,1.1620833333333334,1006.1041666666666,52.29166666666666,24,188.28568839250997,100.61041666666668,1.255,Complete,8.266646,5,3,145,0,0.49999999999999994,-0.8660254037844387,0.43388373911755823,-0.900968867902419,0.6029878670694714,-0.7977503570459932,-0.14410902812556717,-0.9895618161654706,8.177323,3.2781742,3.3990517,3.9113743,1.4967725,4.951516299999998,2.7942842539414676,5.1574145,2.07822026844341,6.039848192857143,2.8176841687803185,4.899148799999999,-1.0883318928571448,8.266646
2023-05-26,21.316666666666663,24.2,19.3,85.08333333333333,2.6,1.1387500000000002,1004.8625,182.95833333333331,24,223.08340950826775,100.48625,4.391,Complete,6.2698007,5,4,146,0,0.49999999999999994,-0.8660254037844387,-0.433883739117558,-0.9009688679024191,0.5891760872322963,-0.8080046647350754,-0.6830623201960248,-0.730360093877276,8.266646,8.177323,3.2781742,5.0121403,4.2880116,6.574047733333331,2.854659596235188,5.7795961714285715,2.284692941431396,6.523410585714286,2.545839871525018,0.08932300000000026,0.05063714761904503,6.2698007
2023-05-27,21.65833333333333,27.1,16.8,82.70833333333333,0.2,0.9775,1005.5,216.25,24,11.042025463421169,100.55,5.19,Complete,2.365283,5,5,147,0,0.49999999999999994,-0.8660254037844387,-0.9749279121818236,-0.2225209339563146,0.5751899607119775,-0.8180198708443175,0.19152895054783203,0.9814869643057141,6.2698007,8.266646,8.177323,7.975615,7.76393,7.571256566666666,1.1279783593859962,5.959261942857142,2.2636358827867786,6.66496695,2.4658230480811576,-1.9968452999999995,0.9062896166666654,2.365283
2023-05-28,23.47083333333333,27.6,19.7,90.41666666666669,2.2,1.1225,1006.6625,192.41666666666663,24,2.8688633197632387,100.66625,4.618,Complete,4.549101,5,6,148,0,0.49999999999999994,-0.8660254037844387,-0.7818314824680299,0.6234898018587334,0.5610336262283677,-0.8277930117131022,0.050050190993933624,0.9987467038150718,2.365283,6.2698007,8.266646,4.348223,11.593457,5.633909899999998,3.001631081026738,5.157785942857143,2.418634015295219,6.279349307142858,2.6924600091550785,-3.9045177000000004,-0.6454394071428595,4.549101
2023-05-29,24.85833333333333,29.6,22.1,90.75,1.7,1.2908333333333333,1007.9916666666668,192.25,24,6.076619646141944,100.79916666666666,4.614,Complete,2.5328717,5,0,149,0,0.49999999999999994,-0.8660254037844387,0.0,1.0,0.5467112728685939,-0.8373211953118121,0.10585830882708021,0.9943812239037252,4.549101,2.365283,6.2698007,3.3990517,7.1335506,4.394728233333332,1.956831068518575,5.1864828,2.4085986116966707,5.776181021428571,2.243811211932087,2.1838180000000005,-1.3814527880952392,2.5328717
2023-05-30,24.829166666666666,28.6,22.8,92.70833333333331,2.8,1.30375,1007.4666666666668,198.625,24,17.976807510070444,100.74666666666668,4.767,Complete,2.4752467,5,1,150,0,0.49999999999999994,-0.8660254037844387,0.7818314824680298,0.6234898018587336,0.5322271388474397,-0.8466016020976267,0.30863199536133296,0.951181523916062,2.5328717,4.549101,2.365283,3.2781742,9.626305,3.1490852333333312,1.2153413525747898,5.0627428,2.5346809284141587,5.447561100000001,2.3634343045546764,-2.0162293000000004,-2.2984758666666694,2.4752467
2023-05-31,24.73333333333333,29.4,22.2,90.08333333333331,3.3000000000000003,1.169166666666667,1007.475,198.0,24,7.31713333238882,100.7475,4.752,Complete,5.3593397,5,2,151,0,0.49999999999999994,-0.8660254037844387,0.9749279121818236,-0.22252093395631434,0.5175855102531889,-0.8556314858488706,0.12736121214819407,0.9918564017236279,2.4752467,2.5328717,4.549101,8.177323,6.5539465,3.185739799999998,1.1810569340236259,4.9480388714285715,2.6446800844336535,4.936771221428572,2.1543470609130657,-0.057624999999999815,-1.7510314214285736,5.3593397
2023-06-01,23.65,27.7,21.6,95.375,5.5,0.975,1007.5083333333332,182.33333333333331,24,57.22959696736744,100.75083333333332,4.376,Complete,4.6401567,6,3,152,0,1.2246467991473532e-16,-1.0,0.43388373911755823,-0.900968867902419,0.5027907197793043,-0.8644081744776648,0.8408463185818934,0.5412739311358686,5.3593397,2.4752467,2.5328717,8.266646,3.9113743,3.4558193666666646,1.6487487391098425,4.545469828571429,2.2573013401948123,4.851442164285714,2.108537953741718,2.8840929999999996,-1.3956227976190498,4.6401567
2023-06-02,23.366666666666664,25.3,21.8,98.0,34.7,1.13625,1008.1083333333332,186.0,24,66.97095201434453,100.81083333333332,4.464,Complete,4.775714,6,4,153,0,1.2246467991473532e-16,-1.0,-0.433883739117558,-0.9009688679024191,0.4878471454423119,-0.8729290708206411,0.9203066411253364,0.39119775855774186,4.6401567,5.3593397,2.4752467,6.2698007,5.0121403,4.158247699999998,1.5012246072366984,4.027399928571429,1.5735042950096458,4.9034980500000005,2.0924791419865096,-0.7191829999999992,-0.7452503500000027,4.775714
2023-06-03,22.225,23.6,20.9,98.45833333333331,41.4,1.2075,1008.4666666666668,35.833333333333336,24,81.26237760307822,100.84666666666666,0.86,Complete,5.1138473,6,5,154,0,1.2246467991473532e-16,-1.0,-0.9749279121818236,-0.2225209339563146,0.47275920928627757,-0.881191653407483,0.9883943506086654,0.15190986697668635,4.775714,4.6401567,5.3593397,2.365283,7.975615,4.925070133333332,0.3821472069706386,3.8139589714285713,1.295389776153298,4.886610457142857,2.0924889381067047,0.13555729999999944,0.038459676190474745,5.1138473
2023-06-04,21.879166666666663,24.0,20.7,95.125,10.2,1.1108333333333331,1008.9625,143.83333333333334,24,70.11698822134665,100.89625,3.452,Complete,5.719201,6,6,155,0,1.2246467991473532e-16,-1.0,-0.7818314824680299,0.6234898018587334,0.4575313760742512,-0.8891934772070711,0.9403890083490254,0.3401007394527931,5.1138473,4.775714,4.6401567,4.549101,4.348223,4.843239333333332,0.2439578838927291,4.2066110142857145,1.1958279030457974,4.682198478571428,1.898285407504459,0.33813329999999997,0.16104085476190377,5.719201
2023-06-05,21.79583333333333,24.4,19.8,93.33333333333331,4.4,0.91125,1008.1708333333332,163.375,24,39.49278807285705,100.81708333333331,3.921,Complete,4.438135,6,0,156,0,1.2246467991473532e-16,-1.0,0.0,1.0,0.44216815196707204,-0.8969321743510065,0.6359810894067145,0.7717046416324373,5.719201,5.1138473,4.775714,2.5328717,3.3990517,5.202920766666664,0.4780088823863701,4.373768157142857,1.3263398724766897,4.780125478571428,1.9150199074087377,0.6053537000000002,0.42279528809523637,4.438135
2023-06-06,22.21666666666667,26.2,19.9,89.66666666666667,1.0,0.8216666666666667,1007.8208333333332,167.20833333333334,24,352.38192353821006,100.78208333333332,4.013,Complete,9.282274,6,1,157,0,1.2246467991473532e-16,-1.0,0.7818314824680298,0.6234898018587336,0.42667408318992467,-0.9044054548343001,-0.13256910600275243,0.9911737648533838,4.438135,5.719201,5.1138473,2.4752467,3.2781742,5.090394433333331,0.6408549381920716,4.6459486285714275,1.0529112502388807,4.8543457142857145,1.8771375076297625,-1.281066,0.23604871904761637,9.282274
2023-06-07,20.870833333333334,24.5,19.1,97.25,16.7,1.05625,1006.6291666666666,42.833333333333336,24,326.6212123114726,100.66291666666666,1.028,Complete,5.462347,6,2,158,0,1.2246467991473532e-16,-1.0,0.9749279121818236,-0.22252093395631434,0.4110537546870351,-0.9116111071930239,-0.5501716210852236,0.8350516075982712,9.282274,4.438135,5.719201,5.3593397,8.177323,6.479869999999998,2.5100565050414763,5.6183811,1.6741129149445813,5.283209985714286,2.1546849897879543,4.844138999999999,1.1966600142857127,5.462347
2023-06-08,20.454166666666666,25.7,18.8,95.70833333333331,18.3,0.88875,1005.0875,87.83333333333333,24,0.0127804862963591,100.50875,2.108,Complete,4.532922,6,3,159,0,1.2246467991473532e-16,-1.0,0.43388373911755823,-0.900968867902419,0.3953117887649151,-0.9185469991587165,0.00022306156402768966,0.999999975121769,5.462347,9.282274,4.438135,4.6401567,8.266646,6.394251999999998,2.5529895925363717,5.633096428571428,1.6719077286685387,5.089283128571429,1.9900593233399368,-3.819926999999999,1.304968871428569,4.532922
2023-06-09,21.58333333333333,25.3,19.4,86.16666666666667,0.5,1.882083333333333,1005.4916666666668,140.125,24,229.30775598110043,100.54916666666666,3.363,Complete,3.3568597,6,4,160,0,1.2246467991473532e-16,-1.0,-0.433883739117558,-0.9009688679024191,0.37945284372454435,-0.925211078289358,-0.7582226021212155,-0.6519957711768789,4.532922,5.462347,9.282274,4.775714,6.2698007,6.425847666666665,2.517009387343711,5.617777185714286,1.6829767493632874,4.822588557142857,1.7694525098937015,-0.9294250000000002,1.6032591095238082,3.3568597
2023-06-10,20.854166666666668,25.0,17.4,78.0,0.0,1.3808333333333334,1008.5625,186.66666666666663,24,208.5521698304166,100.85625,4.48,Complete,1.7366517,6,5,161,0,1.2246467991473532e-16,-1.0,-0.9749279121818236,-0.2225209339563146,0.36348161248290634,-0.9316013725767187,-0.4779587563619284,-0.8783822785194147,3.3568597,4.532922,5.462347,5.1138473,2.365283,4.4507095666666645,1.055148499388238,5.415083714285714,1.8757020640433746,4.614521342857143,1.7574097849474606,-1.1760623000000003,-0.16381177619047893,1.7366517
2023-06-11,21.15833333333333,25.1,17.6,75.75,0.0,0.8825,1010.0583333333334,159.91666666666666,24,124.94410266192727,101.00583333333334,3.838,Complete,4.847877,6,6,162,0,1.2246467991473532e-16,-1.0,-0.7818314824680299,0.6234898018587334,0.3474028211842774,-0.9377159910299093,0.8197112312961385,-0.5727770048517735,1.7366517,3.3568597,4.532922,5.719201,4.549101,3.2088111333333313,1.4040016671053217,4.9326272,2.3423747952143468,4.569619107142858,1.8259916712774082,-1.6202079999999999,-1.3608079738095262,4.847877
2023-06-12,20.6125,24.3,17.3,87.41666666666667,3.2,0.9545833333333332,1008.7666666666668,136.875,24,358.0416389499531,100.87666666666668,3.285,Complete,5.4882035,6,0,163,0,1.2246467991473532e-16,-1.0,0.0,1.0,0.3312212278016865,-0.9435531242349544,-0.03417319348506469,0.9994159258522111,4.847877,1.7366517,3.3568597,4.438135,2.5328717,3.3137961333333315,1.556059629294625,4.808152342857142,2.3166191030127345,4.59096025,1.8274787766290792,3.1112253000000005,-1.2771641166666687,5.4882035
2023-06-13,21.383333333333336,24.0,18.7,95.04166666666669,6.4,0.7554166666666666,1007.2833333333332,141.29166666666666,24,18.516412587301243,100.72833333333332,3.391,Complete,4.9119534,6,1,164,0,1.2246467991473532e-16,-1.0,0.7818314824680298,0.6234898018587336,0.31494162072895193,-0.9491110448902284,0.3175762941907186,0.948232723210969,5.4882035,4.847877,1.7366517,9.282274,2.4752467,4.0242440666666655,2.006816791257797,4.958162128571429,2.322655829085429,4.802055378571429,1.7400548985840727,0.6403264999999996,-0.7778113119047632,4.9119534
2023-06-14,22.008333333333336,23.9,20.6,97.41666666666669,14.7,0.7158333333333333,1006.6166666666668,175.625,24,57.227880808922826,100.66166666666666,4.215,Complete,3.8421319,6,2,165,0,1.2246467991473532e-16,-1.0,0.9749279121818236,-0.22252093395631434,0.2985688173637202,-0.9543881083175908,0.840830105634854,0.5412991164394048,4.9119534,5.4882035,4.847877,5.462347,5.3593397,5.082677966666664,0.35265374646840864,4.333830614285715,1.350558125008679,4.976105857142857,1.6061232022934306,-0.5762501000000002,0.10657210952380769,3.8421319
2023-06-15,21.9625,23.2,21.0,98.54166666666669,12.1,0.6979166666666666,1005.8666666666668,48.083333333333336,24,62.62752526305433,100.58666666666667,1.154,Complete,4.1004,6,3,166,0,1.2246467991473532e-16,-1.0,0.43388373911755823,-0.900968867902419,0.2821076626819194,-0.9593827529490743,0.8880363656313559,0.45977321944220795,3.8421319,4.9119534,5.4882035,4.532922,4.6401567,4.7474295999999985,0.83527779131045,4.1023713142857146,1.260770137262069,4.867733871428571,1.6292947640816144,-1.0698214999999998,-0.12030427142857292,4.1004
2023-06-16,22.320833333333336,24.3,21.5,98.95833333333331,21.4,0.5495833333333333,1004.3541666666666,48.66666666666666,24,70.41177783437527,100.43541666666668,1.168,Complete,2.458563,6,4,167,0,1.2246467991473532e-16,-1.0,-0.433883739117558,-0.9009688679024191,0.26556302780405594,-0.9640935007889755,0.9421263889749059,0.3352579114608698,4.1004,3.8421319,4.9119534,3.3568597,4.775714,4.284828433333331,0.5582471636577174,4.040582457142857,1.246672436736606,4.829179821428572,1.6414350818231125,0.25826809999999956,-0.5443513880952411,2.458563
2023-06-17,22.52083333333333,24.2,21.2,97.41666666666669,10.9,0.6045833333333334,1003.1583333333332,192.66666666666663,24,142.78683389428903,100.31583333333332,4.624,Complete,2.0736337,6,5,168,0,1.2246467991473532e-16,-1.0,-0.9749279121818236,-0.2225209339563146,0.24893980855376657,-0.9685189578512204,0.6047821350167902,-0.7963909650194011,2.458563,4.1004,3.8421319,1.7366517,5.1138473,3.467031633333331,0.8828546546189062,3.912254357142857,1.3690133328124185,4.663669035714285,1.7597961136114568,-1.6418369999999998,-1.1966374023809543,2.0736337
2023-06-18,21.6625,24.8,19.3,89.95833333333333,1.9,1.5875,1004.5916666666668,174.16666666666666,24,210.035266017938,100.45916666666668,4.18,Complete,2.787232,6,6,169,0,1.2246467991473532e-16,-1.0,-0.7818314824680299,0.6234898018587334,0.23224292400907015,-0.9726578145718654,-0.5005329509280736,-0.865717485693361,2.0736337,2.458563,4.1004,4.847877,5.719201,2.8775322333333313,1.0763813555444997,3.960394642857143,1.2829810093329388,4.446510921428571,1.8832232233691042,-0.38492930000000003,-1.5689786880952394,2.787232
2023-06-19,20.525,24.2,17.6,85.04166666666667,0.7000000000000001,1.53,1006.2708333333334,181.625,24,209.45117756535373,100.62708333333332,4.359,Complete,3.5687718,6,0,170,0,1.2246467991473532e-16,-1.0,0.0,1.0,0.21547731504673012,-0.976508846196619,-0.4916817406840876,-0.8707749800481556,2.787232,2.0736337,2.458563,5.4882035,4.438135,2.4398095666666646,0.3571685902861633,3.666016785714286,1.2818163554618733,4.2370845642857144,1.8938020596257303,0.7135983000000001,-1.7972749976190499,3.5687718
2023-06-20,20.6,23.9,18.2,88.66666666666667,3.1,0.73375,1007.0541666666668,190.54166666666663,24,97.0533914592539,100.70541666666666,4.573,Complete,4.6649475,6,1,171,0,1.2246467991473532e-16,-1.0,0.7818314824680298,0.6234898018587336,0.19864794288017112,-0.9800709131432666,0.9924321559445294,-0.12279420119571355,3.5687718,2.787232,2.0736337,4.9119534,9.282274,2.809879166666665,0.7478262867380191,3.391812257142857,1.0017563173314652,4.1749871928571425,1.900942208428881,0.7815398,-1.3651080261904776,4.6649475
2023-06-21,20.0125,23.9,18.2,93.375,2.6,0.8745833333333334,1006.9125,130.16666666666666,24,30.16252013549914,100.69125,3.124,Complete,4.996977,6,2,172,0,1.2246467991473532e-16,-1.0,0.9749279121818236,-0.22252093395631434,0.18175978759137534,-0.9833429613388902,0.5024544762449854,0.8646036660235586,4.6649475,3.5687718,2.787232,3.8421319,5.462347,3.6736504333333317,0.9432409663137169,3.3565256999999997,0.9418441644343222,3.845178157142857,1.228175733129961,1.0961757000000003,-0.1715277238095254,4.996977
2023-06-22,21.1625,26.8,18.1,91.79166666666669,3.1,1.17,1005.7666666666668,187.79166666666663,24,303.470202889748,100.57666666666668,4.507,Complete,5.3088627,6,3,173,0,1.2246467991473532e-16,-1.0,0.43388373911755823,-0.900968867902419,0.16481784665719793,-0.9863240225317866,-0.8341727483567586,0.5515032419659307,4.996977,4.6649475,3.5687718,4.1004,4.532922,4.410232099999998,0.7473971331056996,3.521503571428571,1.124512174251533,3.811937442857143,1.1866351745014498,0.3320295,0.5982946571428553,5.3088627
2023-06-23,21.075,25.1,18.0,84.04166666666667,0.0,2.025416666666666,1005.8375,201.08333333333331,24,231.9067619338277,100.58375,4.826,Complete,3.7867806,6,4,174,0,1.2246467991473532e-16,-1.0,-0.433883739117558,-0.9009688679024191,0.14782713347053048,-0.9890132145779883,-0.7870078378263788,-0.6169429983392697,5.3088627,4.996977,4.6649475,2.458563,3.3568597,4.990262399999998,0.32201010944942765,3.6941411,1.3062714971638154,3.8673617785714285,1.2398293921626624,0.3118856999999995,1.1229006214285695,3.7867806
2023-06-24,20.579166666666666,26.0,16.3,80.875,0.0,1.6329166666666666,1006.5208333333334,183.875,24,244.168261349158,100.65208333333334,4.413,Complete,5.767973,6,5,175,0,1.2246467991473532e-16,-1.0,-0.9749279121818236,-0.2225209339563146,0.13079267585675922,-0.9914097417023038,-0.9000775396438192,-0.4357297587137342,3.7867806,5.3088627,4.996977,2.0736337,1.7366517,4.6975400999999986,0.8040089070379164,3.8838864714285717,1.187993900077371,3.8980704142857143,1.2315087260856352,-1.5220820999999995,0.7994696857142842,5.767973
2023-06-25,19.875,24.7,16.5,78.95833333333333,0.0,1.8770833333333328,1006.725,209.75,24,246.04605195501745,100.6725,5.034,Complete,3.8675835,6,6,176,0,1.2246467991473532e-16,-1.0,-0.7818314824680299,0.6234898018587334,0.11371951458594969,-0.9935128947338007,-0.913872080448969,-0.4060022420823231,5.767973,3.7867806,5.3088627,2.787232,4.847877,4.954538766666665,1.0370341936281777,4.411649228571428,1.0638772873798756,4.186021935714286,1.1562525133916939,1.9811923999999994,0.7685168309523789,3.8675835
2023-06-26,19.6375,25.1,16.0,76.41666666666667,0.0,1.82625,1006.6708333333332,209.79166666666663,24,244.99417928596773,100.66708333333332,5.035,Complete,4.788376,6,0,177,0,1.2246467991473532e-16,-1.0,0.0,1.0,0.0966127018812031,-0.9953220513156602,-0.9062648483066673,-0.4227103319339301,3.8675835,5.767973,3.7867806,3.5687718,5.4882035,4.474112366666665,1.1212443003330683,4.5659851571428565,0.8447433957724307,4.116000971428571,1.142691431075249,-1.9003894999999997,0.3581113952380939,4.788376
2023-06-27,19.8875,25.3,16.2,81.54166666666667,0.0,1.3104166666666666,1006.4208333333332,117.625,24,257.5425758542876,100.64208333333332,2.823,Complete,4.8882213,6,1,178,0,1.2246467991473532e-16,-1.0,0.7818314824680298,0.6234898018587336,0.07947729992362097,-0.9968366760893436,-0.9764565714205513,-0.2157140795813332,4.788376,3.8675835,5.767973,4.6649475,4.9119534,4.807977499999998,0.9503463721345222,4.740214328571428,0.7215817124314022,4.066013292857143,1.0922395424077986,0.9207925000000006,0.7419642071428552,4.8882213
2023-06-28,20.475,27.0,15.5,77.25,0.2,1.8525,1004.9041666666668,210.0,24,260.2542002670605,100.49041666666668,5.04,Complete,7.5662003,6,2,179,0,1.2246467991473532e-16,-1.0,0.9749279121818236,-0.22252093395631434,0.062318379354325076,-0.998056320853012,-0.9855684711661645,-0.1692772537678616,4.8882213,4.788376,3.8675835,4.996977,3.8421319,4.514726933333331,0.5626617442681292,4.772110585714286,0.7226341139496534,4.064318142857142,1.0908431794032332,0.09984529999999925,0.45040879047618887,7.5662003
2023-06-29,20.254166666666663,25.9,16.4,79.08333333333333,0.0,1.4695833333333337,1005.2083333333334,206.25,24,247.25047439127087,100.52083333333334,4.95,Complete,5.6283655,6,3,180,0,1.2246467991473532e-16,-1.0,0.43388373911755823,-0.900968867902419,0.04514101777397193,-0.9989806246941579,-0.9222041734855764,-0.38670332608575386,7.5662003,4.8882213,4.788376,5.3088627,4.1004,5.747599199999999,1.5757457731734374,5.139142485714286,1.2875419665486025,4.330323028571429,1.432920537641262,2.6779790000000006,1.4172761714285702,5.6283655
2023-06-30,20.141666666666666,26.0,16.0,85.25,0.0,1.4054166666666663,1007.4083333333332,201.0,24,258.81061460872246,100.74083333333331,4.824,Complete,9.070803,6,4,181,0,1.2246467991473532e-16,-1.0,-0.433883739117558,-0.9009688679024191,0.02795029824021032,-0.999609314096404,-0.9809911223460512,-0.19405261626227746,5.6283655,7.5662003,4.8882213,3.7867806,2.458563,6.027595699999998,1.382906882459666,5.1847857428571436,1.3001626149482486,4.439463421428572,1.4717253970751052,-1.9378348,1.5881322785714262,9.070803
2023-07-01,20.641666666666666,25.7,17.1,85.54166666666667,0.0,1.3479166666666669,1009.775,206.08333333333331,24,231.8567311508209,100.9775,4.946,Complete,4.909708,7,5,182,0,-0.4999999999999997,-0.8660254037844388,-0.9749279121818236,-0.2225209339563146,0.01075130776352193,-0.9999422030204416,-0.7864688220627052,-0.6176299797802087,9.070803,5.6283655,7.5662003,5.767973,2.0736337,7.421789599999999,1.7257563046552955,5.939646085714286,1.7935323496145197,4.911766278571428,1.809378204829546,3.4424374999999996,2.510023321428571,4.909708
2023-07-02,22.2875,28.2,17.6,82.45833333333333,0.0,0.9945833333333334,1009.4708333333332,186.16666666666663,24,277.774340109149,100.94708333333332,4.468,Complete,3.3408015,7,6,183,0,-0.4999999999999997,-0.8660254037844388,-0.7818314824680299,0.6234898018587334,-0.00645086419810515,-0.9999791929590823,-0.9908085212748962,0.1352718528336687,4.909708,9.070803,5.6283655,3.8675835,2.787232,6.536292166666665,2.2241686140645065,5.8170367999999995,1.836056430147925,5.114343014285714,1.6155620211527126,-4.1610949999999995,1.421949152380951,3.3408015
2023-07-03,21.60833333333333,23.6,19.7,87.75,1.4,2.075833333333333,1010.3791666666666,93.95833333333331,24,206.0279782025648,101.03791666666666,2.255,Complete,9.900702,7,0,184,0,-0.4999999999999997,-0.8660254037844388,0.0,1.0,-0.023651127245231586,-0.9997202729664083,-0.4388099862040189,-0.8985798773662966,3.3408015,4.909708,9.070803,4.788376,3.5687718,5.773770833333331,2.9611117392732087,5.741782228571429,1.9372811543743533,5.153883692857144,1.560045455227853,-1.5689065000000002,0.6198871404761874,9.900702
2023-07-04,21.308333333333334,24.7,19.6,78.91666666666667,0.6000000000000001,1.4179166666666667,1010.6291666666666,111.08333333333331,24,135.4223127518813,101.06291666666668,2.666,Complete,6.6441717,7,1,185,0,-0.4999999999999997,-0.8660254037844388,0.7818314824680298,0.6234898018587336,-0.04084439154329611,-0.9991655196610109,0.7018757147543387,-0.7122994321478056,9.900702,3.3408015,4.909708,4.8882213,4.6649475,6.050403833333331,3.425487393147597,6.472114514285715,2.421166493041743,5.606164421428572,1.9373760608484412,6.559900500000001,0.4442394119047597,6.6441717
2023-07-05,21.229166666666668,24.9,18.8,80.41666666666667,0.3,1.0091666666666663,1010.7708333333334,118.0,24,59.75988740997842,101.07708333333332,2.832,Complete,4.868042,7,2,186,0,-0.4999999999999997,-0.8660254037844388,0.9749279121818236,-0.22252093395631434,-0.05802556932878035,-0.9983150972033183,0.863922427538044,0.5036248993018246,6.6441717,9.900702,3.3408015,7.5662003,4.996977,6.628558399999999,3.279978120937361,6.722964571428572,2.31850126967415,5.747537578571429,1.9356235063483642,-3.2565303000000005,0.88102082142857,4.868042
2023-07-06,20.258333333333333,26.3,15.9,85.54166666666667,0.0,1.1391666666666669,1010.4416666666666,153.0,24,264.1740197620279,101.04416666666664,3.672,Complete,1.9875301,7,3,187,0,-0.4999999999999997,-0.8660254037844388,0.43388373911755823,-0.900968867902419,-0.07518957641475855,-0.9971692572470178,-0.9948347835149808,-0.10150740617660055,4.868042,6.6441717,9.900702,5.6283655,5.3088627,7.1376385666666655,2.552361422344694,6.337513385714286,2.378457895393561,5.7383279357142865,1.9397716460288625,-1.7761297000000003,1.399310630952379,1.9875301
2023-07-07,22.179166666666664,24.5,18.4,89.125,0.8,1.0566666666666666,1009.3291666666668,66.625,24,61.47961523866876,100.93291666666669,1.599,Complete,4.3497295,7,4,188,0,-0.4999999999999997,-0.8660254037844388,-0.433883739117558,-0.9009688679024191,-0.09233133369539122,-0.9957283388645872,0.8786472929276052,0.4774713966626599,1.9875301,4.868042,6.6441717,9.070803,3.7867806,4.499914599999999,2.350045975015319,5.817394042857143,2.9002346660066833,5.501089892857143,2.1840572701986405,-2.8805119,-1.0011752928571438,4.3497295
2023-07-08,23.683333333333334,28.4,21.3,90.83333333333331,2.8000000000000003,1.36,1007.9375,185.08333333333331,24,38.312259393164766,100.79375,4.442,Complete,3.7344563,7,5,189,0,-0.4999999999999997,-0.8660254037844388,-0.9749279121818236,-0.2225209339563146,-0.10944576864891556,-0.993992768446958,0.6199469336756812,0.7846437404492057,4.3497295,1.9875301,4.868042,4.909708,5.767973,3.735100533333332,1.5354685853216505,5.142954971428572,2.544715427701692,5.541300528571428,2.155056985559567,2.3621993999999997,-1.8061999952380963,3.7344563
2023-07-09,22.9875,28.7,19.7,88.66666666666667,1.2000000000000002,1.1166666666666667,1007.5458333333332,197.04166666666663,24,232.3567246661463,100.75458333333331,4.729,Complete,4.8345327,7,6,190,0,-0.4999999999999997,-0.8660254037844388,-0.7818314824680299,0.6234898018587334,-0.12652781683868314,-0.9919630595773397,-0.7918285765599726,-0.6107434038473174,3.7344563,4.3497295,1.9875301,3.3408015,3.8675835,3.3572386333333317,1.225445379188371,4.975061871428571,2.600820619036749,5.396049335714286,2.2065192372005025,-0.6152731999999994,-2.0388107023809545,4.8345327
2023-07-10,22.066666666666663,26.0,19.9,89.70833333333333,4.4,1.3412499999999998,1007.7666666666668,168.04166666666666,24,180.85301150877575,100.77666666666669,4.033,Complete,4.3913956,7,0,191,0,-0.4999999999999997,-0.8660254037844388,0.0,1.0,-0.1435724234118113,-0.9896398128792412,-0.014887309413373987,-0.9998891778684428,4.8345327,3.7344563,4.3497295,9.900702,4.788376,4.306239499999998,0.5513261798012349,5.188452042857143,2.503857067406356,5.465117135714286,2.1698238308682485,1.1000763999999994,-1.1588776357142878,4.3913956
2023-07-11,20.429166666666667,23.5,18.4,94.0,6.4,1.28875,1009.475,149.45833333333334,24,177.76113484167112,100.9475,3.587,Complete,3.8057947,7,1,192,0,-0.4999999999999997,-0.8660254037844388,0.7818314824680298,0.6234898018587336,-0.16057454459499376,-0.9870237158387383,0.03906562519888767,-0.9992366471100927,4.3913956,4.8345327,3.7344563,6.6441717,4.8882213,4.320128199999999,0.5534901111910618,4.401408271428571,1.397004850355465,5.436761392857143,2.1819081916523637,-0.4431370999999995,-1.1166331928571438,3.8057947
2023-07-12,21.2375,24.5,19.0,83.375,1.9,1.155,1009.2666666666668,139.58333333333334,24,103.5076977512443,100.92666666666668,3.35,Complete,2.9192224,7,2,193,0,-0.4999999999999997,-0.8660254037844388,0.9749279121818236,-0.22252093395631434,-0.17752914918703497,-0.984115542601034,0.9723385479796186,-0.23357600072115073,3.8057947,4.3913956,4.8345327,4.868042,7.5662003,4.343907666666666,0.5160104611538298,3.995925842857143,0.9902517392285747,5.3594452071428575,2.221656877580436,-0.5856009000000002,-1.015537540476192,2.9192224
2023-07-13,21.304166666666667,24.3,18.3,83.16666666666667,1.8,1.5829166666666667,1008.7625,80.625,24,135.5531486940698,100.87625,1.935,Complete,6.8407927,7,3,194,0,-0.4999999999999997,-0.8660254037844388,0.43388373911755823,-0.900968867902419,-0.19443122004766195,-0.9809161537413774,0.7002473376651582,-0.7139003194374253,2.9192224,3.8057947,4.3913956,1.9875301,5.6283655,3.7054708999999986,0.741196418862339,3.717523042857143,0.9780710541031953,5.027518214285714,2.2137217629790937,-0.8865722999999996,-1.3220473142857156,6.8407927
2023-07-14,20.775,21.8,20.3,88.29166666666667,3.3000000000000003,2.384583333333333,1008.375,17.791666666666668,24,114.7924642039452,100.8375,0.427,Complete,6.811206,7,4,195,0,-0.4999999999999997,-0.8660254037844388,-0.433883739117558,-0.9009688679024191,-0.2112757555821793,-0.9774264960104055,0.9078326388867405,-0.4193326838823048,6.8407927,2.9192224,3.8057947,4.3497295,9.070803,4.521936599999999,2.056531745478834,4.410846271428571,1.2340175576279302,5.114120157142857,2.2622194839995555,3.9215702999999995,-0.5921835571428575,6.811206
2023-07-15,19.329166666666666,21.2,18.6,93.91666666666669,28.9,2.5316666666666667,1008.25,6.291666666666667,24,116.03814054046192,100.825,0.151,Complete,7.639187,7,5,196,0,-0.4999999999999997,-0.8660254037844388,-0.9749279121818236,-0.2225209339563146,-0.2280577712215198,-0.9736476020539838,0.8985020331482371,-0.43896935704953743,6.811206,6.8407927,2.9192224,3.7344563,4.909708,5.523740366666665,2.255627234766716,4.7624857714285715,1.529119310598965,4.952720371428571,2.0265420280084383,-0.02958669999999941,0.5710199952380943,7.639187
2023-07-16,19.475,20.1,18.8,97.41666666666669,38.3,1.9725,1008.6041666666666,7.416666666666667,24,101.35024932498564,100.86041666666668,0.178,Complete,5.054346,7,6,197,0,-0.4999999999999997,-0.8660254037844388,-0.7818314824680299,0.6234898018587334,-0.24477230089725957,-0.9695805901076308,0.9804424335086374,-0.1968060836855944,7.639187,6.811206,6.8407927,4.8345327,3.3408015,7.097061899999999,0.4697271135902136,5.320304442857143,1.7827726004390954,5.147683157142858,2.149641289210877,0.8279809999999994,1.9493787428571414,5.054346
2023-07-17,20.791666666666668,22.8,19.4,94.79166666666669,15.0,2.05875,1008.0541666666668,179.25,24,107.97154529041718,100.80541666666667,4.302,Complete,7.429648,7,0,198,0,-0.4999999999999997,-0.8660254037844388,0.0,1.0,-0.2614143985111562,-0.965226663665613,0.9512098656108763,-0.30854463463904014,5.054346,7.639187,6.811206,4.3913956,9.900702,6.5015796666666645,1.3199439755309235,5.351706342857142,1.7747077703649083,5.270079192857142,2.0867090244948425,-2.584841,1.2315004738095228,7.429648
2023-07-18,20.508333333333333,22.8,19.2,90.125,4.8,1.9725,1007.5666666666666,88.95833333333333,24,117.34199705560737,100.75666666666666,2.135,Complete,7.941381,7,1,199,0,-0.4999999999999997,-0.8660254037844388,0.7818314824680298,0.6234898018587336,-0.2779791393987801,-0.9605871111248129,0.8882808098579473,-0.45930077600425334,7.429648,5.054346,7.639187,3.8057947,6.6441717,6.707726999999998,1.4356978082107152,5.785742399999999,1.8696906935151718,5.093575335714285,1.7407232907914882,2.3753020000000005,1.6141516642857132,7.941381
2023-07-19,20.691666666666663,22.7,18.6,92.25,5.9,1.7175,1006.8666666666668,141.33333333333334,24,86.11554433943046,100.68666666666668,3.392,Complete,9.512007,7,2,200,0,-0.4999999999999997,-0.8660254037844388,0.9749279121818236,-0.22252093395631434,-0.2944616217868012,-0.9556633054034704,0.9977026946605506,0.06774461651730061,7.941381,7.429648,5.054346,2.9192224,4.868042,6.8084583333333315,1.540503237350181,6.376540442857142,1.7915425533820173,5.186233142857143,1.8600450764556493,0.5117329999999995,1.6222251904761888,9.512007
2023-07-20,21.291666666666668,22.6,19.8,98.66666666666669,6.8,1.22875,1004.775,16.125,24,43.39022539229713,100.4775,0.387,Complete,5.7161317,7,3,201,0,-0.4999999999999997,-0.8660254037844388,0.43388373911755823,-0.900968867902419,-0.3108569682435036,-0.9504567035349151,0.6869635478306375,0.726691876899655,9.512007,7.941381,7.429648,6.8407927,1.9875301,8.294345333333332,1.0851233186483606,7.318366814285715,1.34948091301427,5.517944928571429,2.1846949419262005,1.5706260000000007,2.7764004047619038,5.7161317
2023-07-21,21.758333333333336,24.3,19.6,95.75,10.7,1.9575,1003.375,96.83333333333331,24,216.7879973933408,100.3375,2.324,Complete,3.8464236,7,4,202,0,-0.4999999999999997,-0.8660254037844388,-0.433883739117558,-0.9009688679024191,-0.3271603271220951,-0.9449688462364056,-0.5988558441577798,-0.8008568398397262,5.7161317,9.512007,7.941381,6.811206,4.3497295,7.723173233333331,1.907322284083852,7.157700957142858,1.4767632461339895,5.7842736142857145,1.9341070575632002,-3.7958753000000005,1.9388996190476169,3.8464236
2023-07-22,21.67083333333333,26.0,18.9,90.20833333333331,0.6000000000000001,1.5920833333333333,1004.1291666666666,203.625,24,232.26303248992556,100.41291666666666,4.887,Complete,3.1492107,7,5,203,0,-0.4999999999999997,-0.8660254037844388,-0.9749279121818236,-0.2225209339563146,-0.34336687399638804,-0.939201357453208,-0.7908288081444524,-0.6120374140596511,3.8464236,5.7161317,9.512007,7.639187,3.7344563,6.358187433333332,2.886846980551373,6.734160614285714,1.943955252279996,5.748323192857143,1.9672171526594462,-1.8697081,0.6098642404761891,3.1492107
2023-07-23,20.85833333333333,26.3,17.5,84.125,0.0,1.3241666666666667,1004.8458333333332,210.625,24,228.68492135048191,100.48458333333332,5.055,Complete,3.751552,7,6,204,0,-0.4999999999999997,-0.8660254037844388,-0.7818314824680299,0.6234898018587334,-0.3594718130884232,-0.9331559438780432,-0.7510904134770923,-0.6601993568482255,3.1492107,3.8464236,5.7161317,5.054346,4.8345327,4.237255333333333,1.327340550836696,6.092735428571428,2.303134870280785,5.706519935714285,2.0188443752724448,-0.6972129000000002,-1.4692646023809521,3.751552
2023-07-24,21.64583333333333,24.6,19.0,82.66666666666667,0.0,1.1629166666666666,1007.2416666666668,107.54166666666669,24,203.75485628817373,100.72416666666666,2.581,Complete,3.834856,7,0,205,0,-0.4999999999999997,-0.8660254037844388,0.0,1.0,-0.3754703786876202,-0.9268343944460494,-0.4028242685819247,-0.9152773397399486,3.751552,3.1492107,3.8464236,7.429648,4.3913956,3.582395433333332,0.3781361064701191,5.9066220000000005,2.449047473577091,5.629164171428571,2.074799101323132,0.6023413000000004,-2.0467687380952393,3.834856
2023-07-25,21.508333333333336,23.4,20.6,90.16666666666669,0.6000000000000001,0.60875,1009.7291666666666,40.91666666666666,24,107.7838304316086,100.97291666666666,0.982,Complete,2.638842,7,1,206,0,-0.4999999999999997,-0.8660254037844388,0.7818314824680298,0.6234898018587336,-0.3913578365610259,-0.9202385798054075,0.9522156257721262,-0.3054265902559864,3.834856,3.751552,3.1492107,7.941381,3.8057947,3.5785395666666653,0.3741354646634038,5.393080285714286,2.45334912867103,5.589411342857143,2.105444111663373,0.0833039999999996,-2.0108717761904775,2.638842
2023-07-26,19.816666666666663,20.7,19.2,97.25,11.6,0.8570833333333333,1010.3125,15.0,24,158.11394828863644,101.03125,0.36,Complete,4.0172524,7,2,207,0,-0.4999999999999997,-0.8660254037844388,0.9749279121818236,-0.22252093395631434,-0.4071294853542516,-0.9133704517637858,0.372761895763177,-0.9279270278782931,2.638842,3.834856,3.751552,9.512007,2.9192224,3.4084166666666653,0.6677714914439409,4.635574714285714,2.3519077664651094,5.506057578571428,2.202357740336071,-1.196014,-2.097640911904763,4.0172524
2023-07-27,18.8125,20.2,17.4,96.95833333333331,16.3,1.492916666666667,1010.25,10.208333333333334,24,155.03527178432947,101.025,0.245,Complete,5.6413684,7,3,208,0,-0.4999999999999997,-0.8660254037844388,0.43388373911755823,-0.900968867902419,-0.4227806579826773,-0.9062320427107697,0.42206025067358366,-0.9065677827947295,4.0172524,2.638842,3.834856,5.7161317,6.8407927,3.496983466666665,0.7487470829945104,3.8506097714285716,0.9555418853838328,5.584488292857143,2.1212050340617523,1.3784104000000004,-2.0875048261904783,5.6413684
2023-07-28,19.433333333333334,23.0,17.0,80.66666666666667,0.7,1.1645833333333333,1010.7583333333332,139.29166666666666,24,124.31168816800437,101.07583333333334,3.343,Complete,5.366417,7,4,209,0,-0.4999999999999997,-0.8660254037844388,-0.433883739117558,-0.9009688679024191,-0.4383067230125192,-0.898825465016444,0.825983319675639,-0.5636945587972366,5.6413684,4.0172524,2.638842,3.8464236,6.811206,4.099154266666665,1.502937833876308,3.8399293,0.9313259061565529,5.498815128571429,2.0905615083578306,1.624116,-1.3996608619047635,5.366417
2023-07-29,19.229166666666668,22.7,16.5,75.08333333333333,0.0,0.9979166666666668,1009.9166666666666,139.41666666666666,24,56.79783680931092,100.99166666666666,3.346,Complete,2.7220323,7,5,210,0,-0.4999999999999997,-0.8660254037844388,-0.9749279121818236,-0.2225209339563146,-0.45370308603134424,-0.8911529104063088,0.8367436397226735,0.547594814971483,5.366417,5.6413684,4.0172524,3.1492107,7.639187,5.008345933333333,0.869252185474296,4.057071214285714,1.0957703459675527,5.395615914285715,2.0561703543310292,-0.27495139999999996,-0.3872699809523823,2.7220323
2023-07-30,19.433333333333334,23.4,16.9,76.95833333333333,0.4,0.9570833333333332,1009.3041666666668,115.58333333333331,24,55.66958067256615,100.93041666666667,2.774,Complete,3.5275605,7,6,211,0,-0.4999999999999997,-0.8660254037844388,-0.7818314824680299,0.6234898018587334,-0.46896519100763184,-0.8832166493127127,0.8257989922863092,0.5639645594706428,2.7220323,5.366417,5.6413684,3.751552,5.054346,4.576605899999999,1.6119807680159157,3.9960457285714286,1.164497411369851,5.044390578571429,2.063404275501355,-2.6443847000000003,-0.46778467857143013,3.5275605
2023-07-31,19.141666666666666,24.0,14.9,87.41666666666667,2.3,0.9554166666666668,1008.3833333333332,122.375,24,29.56186890423405,100.83833333333334,2.937,Complete,4.390927,7,0,212,0,-0.4999999999999997,-0.8660254037844388,0.0,1.0,-0.48408852163897587,-0.8750190302029955,0.4933630969160657,0.8698234617446168,3.5275605,2.7220323,5.366417,3.834856,7.429648,3.8720032666666655,1.3554236330499074,3.9640469428571428,1.1753622914227373,4.935334471428571,2.1028086117201137,0.8055281999999999,-1.0633312047619055,4.390927
2023-08-01,19.7375,21.1,19.0,97.91666666666669,7.2,0.855,1008.7375,23.666666666666668,24,81.9611024688228,100.87375,0.568,Complete,6.0557427,8,1,213,0,-0.8660254037844384,-0.5000000000000004,0.7818314824680298,0.6234898018587336,-0.4990686026885319,-0.8665624788845385,0.9901733573205997,0.13984535191579237,4.390927,3.5275605,2.7220323,2.638842,7.941381,3.5468399333333323,0.8346143734289494,4.043485657142857,1.1839356552595703,4.718282971428572,1.978707295818249,0.8633664999999997,-1.1714430380952394,6.0557427
2023-08-02,20.20416666666667,22.5,18.8,96.125,5.4,1.17625,1010.5625,71.25,24,87.4832906702123,101.05625,1.71,Complete,5.7213397,8,2,214,0,-0.8660254037844384,-0.5000000000000004,0.9749279121818236,-0.22252093395631434,-0.5139010013093103,-0.8578494977869301,0.9990354582526916,0.043910740757070535,6.0557427,4.390927,3.5275605,4.0172524,9.512007,4.658076733333332,1.285088730054947,4.531614328571428,1.2123317215632874,4.583594521428572,1.7983996568893914,1.6648157000000001,0.07448221190476012,5.7213397
2023-08-03,20.604166666666668,22.8,18.9,94.95833333333331,9.7,2.1729166666666666,1012.4166666666666,167.95833333333334,24,112.66567572749726,101.24166666666666,4.031,Complete,7.0667315,8,3,215,0,-0.8660254037844384,-0.5000000000000004,0.43388373911755823,-0.900968867902419,-0.5285813283559292,-0.8488826652214553,0.9227691092371557,-0.3853533067688224,5.7213397,6.0557427,4.390927,5.6413684,5.7161317,5.389336466666665,0.8806659065442818,4.7750553714285715,1.2619114268361016,4.312832571428571,1.1774804685354856,-0.334403,1.076503895238094,7.0667315
2023-08-04,20.28333333333333,21.8,19.1,86.58333333333333,2.7,2.835833333333333,1011.8083333333334,40.66666666666666,24,113.9195578025934,101.18083333333334,0.976,Complete,8.167291,8,4,216,0,-0.8660254037844384,-0.5000000000000004,-0.433883739117558,-0.9009688679024191,-0.5431052396834317,-0.8396646346181327,0.9141156076827006,-0.4054536419751178,7.0667315,5.7213397,6.0557427,5.366417,3.8464236,6.281271299999999,0.7004763635843175,4.978678671428571,1.5146818572309975,4.409303985714286,1.3447447539008646,1.3453918000000007,1.8719673142857136,8.167291
2023-08-05,18.85833333333333,19.9,17.7,97.75,44.1,2.77625,1008.7916666666666,15.041666666666666,24,101.5251443053612,100.87916666666666,0.361,Complete,7.0426297,8,5,217,0,-0.8660254037844384,-0.5000000000000004,-0.9749279121818236,-0.2225209339563146,-0.5574684374327892,-0.8301981337405212,0.9798371174609523,-0.1997979560601458,8.167291,7.0667315,5.7213397,2.7220323,3.1492107,6.985120733333332,1.2250161951663812,5.378803528571429,1.943440893239689,4.7179373714285715,1.6636490945394344,1.1005595000000001,2.2671833619047606,7.0426297
2023-08-06,21.3625,23.2,19.3,99.04166666666669,9.2,1.1825,1004.5791666666668,66.5,24,30.233448826515907,100.45791666666668,1.596,Complete,4.5902767,8,6,218,0,-0.8660254037844384,-0.5000000000000004,-0.7818314824680299,0.6234898018587334,-0.5716666713027052,-0.8204859638785327,0.5035244177316005,0.8639809955942623,7.0426297,8.167291,7.0667315,3.5275605,3.751552,7.425550733333332,0.6424789425241355,5.996031728571428,1.617861996830835,4.9960387285714285,1.706120069089426,-1.1246613000000005,2.4295120047619037,4.5902767
2023-08-07,23.4125,29.7,20.3,91.25,1.6,1.0520833333333333,1003.0666666666666,217.83333333333331,24,262.283054399562,100.30666666666666,5.228,Complete,11.884538,8,0,219,0,-0.8660254037844384,-0.5000000000000004,0.0,1.0,-0.5856957398073508,-0.8105309990194823,-0.9909435290857016,-0.13427926929788964,4.5902767,7.0426297,8.167291,4.390927,3.834856,6.600065799999999,1.8291131539050745,6.1478483285714285,1.3799953912094987,5.055947635714285,1.6734727250199826,-2.4523529999999996,1.544118164285714,11.884538
2023-08-08,23.08333333333333,28.5,19.8,87.75,0.0,1.3808333333333334,1004.4208333333332,226.54166666666663,24,250.27003391923003,100.44208333333331,5.437,Complete,2.0776412,8,1,220,0,-0.8660254037844384,-0.5000000000000004,0.7818314824680298,0.6234898018587336,-0.5995514915196489,-0.8003361849976323,-0.9412941129535739,-0.3375876077686272,11.884538,4.5902767,7.0426297,6.0557427,2.638842,7.839148133333332,3.7117911025742467,7.218364185714285,2.353264757285173,5.630924921428571,2.4324226570231895,7.294261299999999,2.2082232119047607,2.0776412
2023-08-09,22.6375,26.5,20.0,84.0,0.1,2.094583333333333,1006.9416666666666,216.75,24,220.217611740625,100.69416666666666,5.202,Complete,3.5191333,8,2,221,0,-0.8660254037844384,-0.5000000000000004,0.9749279121818236,-0.22252093395631434,-0.6132298262997502,-0.7899045386224707,-0.6456924350359055,-0.7635975899237786,2.0776412,11.884538,4.5902767,5.7213397,4.0172524,6.184151966666665,5.094029346767781,6.650063971428572,3.0561882105325537,5.59083915,2.4894795347385545,-9.806896799999999,0.593312816666665,3.5191333
2023-08-10,21.09583333333333,24.2,18.8,97.91666666666669,11.7,1.1104166666666666,1008.0166666666668,55.5,24,203.84156404078823,100.80166666666668,1.332,Complete,5.733355,8,3,222,0,-0.8660254037844384,-0.5000000000000004,0.43388373911755823,-0.900968867902419,-0.6267266965083301,-0.7792391467859886,-0.40420892872005143,-0.9146666835208268,3.5191333,2.0776412,11.884538,7.0667315,5.6413684,5.827104166666665,5.295172646146595,6.335463057142857,3.2733545540534514,5.555259214285714,2.5171057161879666,1.4414921,0.27184495238095074,5.733355
2023-08-11,18.558333333333334,20.0,17.4,97.5,4.2,1.79125,1008.725,11.041666666666666,24,233.1839004139384,100.8725,0.265,Complete,7.0920835,8,4,223,0,-0.8660254037844384,-0.5000000000000004,-0.433883739117558,-0.9009688679024191,-0.6400381082043503,-0.7683431655492202,-0.8005630192285769,-0.5992485730009086,5.733355,3.5191333,2.0776412,8.167291,5.366417,3.776709833333332,1.84141795901163,6.1449807,3.2624861710443454,5.561829685714286,2.5174678112029323,2.2142217000000004,-1.7851198523809537,7.0920835
2023-08-12,20.116666666666667,23.3,18.4,75.125,0.3,1.91125,1010.1625,140.08333333333334,24,167.27425891153297,101.01625,3.362,Complete,5.391868,8,5,224,0,-0.8660254037844384,-0.5000000000000004,-0.9749279121818236,-0.2225209339563146,-0.65316012232693,-0.7572198192083127,0.22028445738209484,-0.975435675908912,7.0920835,5.733355,3.5191333,7.0426297,2.7220323,5.448190599999999,1.8034639819498821,5.991379628571429,3.1755578994828415,5.685091578571428,2.5492103761591207,1.3587284999999998,-0.23690097857142867,5.391868
2023-08-13,20.6125,23.4,18.3,78.45833333333333,0.0,1.3279166666666666,1010.775,123.875,24,91.5819279012724,101.0775,2.973,Complete,6.0640984,8,6,225,0,-0.8660254037844384,-0.5000000000000004,-0.7818314824680299,0.6234898018587334,-0.666088855860977,-0.7458723993404063,0.9996188722924514,-0.027606342690904995,5.391868,7.0920835,5.733355,4.5902767,3.5275605,6.072435499999998,0.8993969511401892,5.755556528571428,3.1456320927190924,5.875794128571428,2.4063581060239985,-1.7002155000000005,0.1966413714285702,6.0640984
2023-08-14,21.275,22.6,20.0,96.20833333333331,2.7,0.875,1010.5458333333332,50.625,24,62.06134777673488,101.05458333333333,1.215,Complete,6.0424128,8,0,226,0,-0.8660254037844384,-0.5000000000000004,0.0,1.0,-0.6788204829862355,-0.734304263829602,0.8834497595554284,0.46852590359707513,6.0640984,5.391868,7.0920835,11.884538,4.390927,6.182683299999998,0.8562884855532581,5.966102485714285,3.1036811848601804,6.056975407142858,2.3094947081720965,0.6722304000000001,0.12570789285714046,6.0424128
2023-08-15,22.433333333333334,24.2,21.5,98.58333333333331,11.8,0.9820833333333332,1008.925,128.91666666666666,24,68.1920877023708,100.8925,3.094,Complete,3.3748932,8,1,227,0,-0.8660254037844384,-0.5000000000000004,0.7818314824680298,0.6234898018587336,-0.6913512362094071,-0.722518835873311,0.9284345337469825,0.37149605185792123,6.0424128,6.0640984,5.391868,2.0776412,6.0557427,5.832793066666665,0.38200622000577716,5.131513171428572,1.7271937956407417,6.174938678571428,2.2594865924478653,-0.02168559999999964,-0.34214561190476367,3.3748932
2023-08-16,22.620833333333334,23.9,22.0,98.83333333333331,10.7,1.0291666666666666,1007.4541666666668,51.5,24,54.80770057586168,100.74541666666669,1.236,Complete,4.7876368,8,2,228,0,-0.8660254037844384,-0.5000000000000004,0.9749279121818236,-0.22252093395631434,-0.7036774074790128,-0.7105196029692745,0.8172223636903048,0.5763224863602247,3.3748932,6.0424128,6.0640984,3.5191333,5.7213397,5.160468133333332,1.546391266214045,5.316834885714285,1.3795144790736675,5.983449428571428,2.3807130273143358,-2.6675196000000003,-0.8229812952380966,4.7876368
2023-08-17,22.89583333333333,27.5,20.7,95.95833333333331,13.8,1.0216666666666667,1006.6958333333332,218.875,24,357.4566735229742,100.66958333333334,5.253,Complete,6.800633,8,3,229,0,-0.8660254037844384,-0.5000000000000004,0.43388373911755823,-0.900968867902419,-0.7157953492826642,-0.6983101158835584,-0.04437484477443216,0.9990149514152654,4.7876368,3.3748932,6.0424128,5.733355,7.0667315,4.734980933333333,1.334539128057631,5.4980496714285705,1.1716661370712682,5.916756364285715,2.4016072112845293,1.4127435999999998,-1.1817754309523822,6.800633
2023-08-18,23.7875,28.4,21.7,92.5,5.3,1.4854166666666666,1007.1791666666668,228.125,24,41.81884592440841,100.71791666666668,5.475,Complete,1.5308359,8,4,230,0,-0.8660254037844384,-0.5000000000000004,-0.433883739117558,-0.9009688679024191,-0.7277014757264236,-0.6858939875998223,0.6667776387126726,0.7452567212127327,6.800633,4.7876368,3.3748932,7.0920835,8.167291,4.987720999999999,1.7216121978085595,5.650517957142857,1.2724934776345351,5.897749328571428,2.3928428685356926,2.012996200000001,-0.9100283285714292,1.5308359
2023-08-19,22.46666666666667,26.4,20.9,92.58333333333331,2.4000000000000004,1.4329166666666666,1009.1875,130.375,24,132.35604416571914,100.91875,3.129,Complete,3.4305642,8,5,231,0,-0.8660254037844384,-0.5000000000000004,-0.9749279121818236,-0.2225209339563146,-0.7393922635959241,-0.673274892250183,0.7389724305465809,-0.6737356654446006,1.5308359,6.800633,4.7876368,5.391868,7.0426297,4.373035233333332,2.6592501223284546,4.856054014285715,1.8344343472319355,5.423716821428571,2.56015743146063,-5.2697971,-1.0506815880952391,3.4305642
2023-08-20,23.60833333333333,28.6,20.7,85.41666666666667,0.0,1.3854166666666667,1008.3166666666666,244.83333333333331,24,6.068782255261097,100.83166666666666,5.876,Complete,4.175476,8,6,232,0,-0.8660254037844384,-0.5000000000000004,-0.7818314824680299,0.6234898018587334,-0.7508642533989489,-0.6604565640279754,0.1057222881442021,0.9943956947762567,3.4305642,1.5308359,6.800633,6.0640984,4.5902767,3.9206776999999993,2.668866576086885,4.575867757142857,1.8879570289216843,5.165712142857143,2.566457115375753,1.8997283,-1.2450344428571438,4.175476
2023-08-21,22.454166666666666,26.6,20.4,92.75,3.5,1.9775,1009.3625,188.875,24,202.12513890054345,100.93625,4.533,Complete,4.3872175,8,0,233,0,-0.8660254037844384,-0.5000000000000004,0.0,1.0,-0.7621140503891487,-0.6474427960827475,-0.3766307474511712,-0.9263634708225341,4.175476,3.4305642,1.5308359,6.0424128,11.884538,3.0456253666666657,1.363694886581281,4.306064557142856,1.7711680328748236,5.136083521428572,2.575987925835186,0.7449117999999997,-2.090458154761906,4.3872175
2023-08-22,20.933333333333334,22.3,20.1,89.66666666666667,1.8,1.9225,1011.3583333333332,61.833333333333336,24,144.0260079269954,101.13583333333332,1.484,Complete,6.611728,8,1,234,0,-0.8660254037844384,-0.5000000000000004,0.7818314824680298,0.6234898018587336,-0.7731383255706026,-0.6342374393978054,0.58741795955348,-0.8092837208260316,4.3872175,4.175476,3.4305642,3.3748932,2.0776412,3.997752566666666,0.5024794504922625,4.069608085714285,1.6032527427890753,4.600560628571429,1.693163971079335,0.21174150000000047,-0.6028080619047635,6.611728
2023-08-23,20.70416666666667,23.3,18.7,72.66666666666667,0.3,1.81625,1011.5333333333332,148.16666666666666,24,124.8699003837678,101.15333333333334,3.556,Complete,6.966502,8,2,235,0,-0.8660254037844384,-0.5000000000000004,0.9749279121818236,-0.22252093395631434,-0.7839338166829201,-0.620844401650647,0.8204523323169313,-0.5717149380554156,6.611728,4.3872175,4.175476,4.7876368,3.5191333,5.0581404999999995,1.3496052036883708,4.532013057142857,1.8214249241791511,4.924423971428572,1.6047933553403306,2.2245105,0.13371652857142724,6.966502
2023-08-24,19.95833333333333,23.7,16.2,71.95833333333333,0.2,1.247083333333333,1008.7083333333334,140.66666666666666,24,87.22138369839456,100.87083333333334,3.376,Complete,4.4948506,8,3,236,0,-0.8660254037844384,-0.5000000000000004,0.43388373911755823,-0.900968867902419,-0.7944973291665992,-0.6072676460566135,0.9988242992919993,0.04847699602746129,6.966502,6.611728,4.3872175,6.800633,5.733355,5.988482499999999,1.3980355317150424,4.843279514285714,2.044860133363311,5.170664592857142,1.6367430338719082,0.3547739999999999,0.8178179071428566,4.4948506
2023-08-25,19.508333333333333,26.4,14.3,85.125,1.8,1.22,1006.5791666666668,215.625,24,6.053321728660987,100.65791666666668,5.175,Complete,2.9876618,8,4,237,0,-0.8660254037844384,-0.5000000000000004,-0.433883739117558,-0.9009688679024191,-0.8048257371083452,-0.593511190196115,0.10545395945469697,0.9944241863688389,4.4948506,6.966502,6.611728,1.5308359,7.0920835,6.024360199999999,1.3364190436154868,4.5138820285714285,1.8537965056076993,5.082199992857143,1.6374605368908541,-2.4716514,0.9421602071428561,2.9876618
2023-08-26,20.6625,26.7,16.4,87.04166666666667,1.4,1.149166666666667,1006.4,252.91666666666663,24,175.3566197683471,100.64,6.07,Complete,5.9739165,8,5,238,0,-0.8660254037844384,-0.5000000000000004,-0.9749279121818236,-0.2225209339563146,-0.8149159841660791,-0.5795791048257612,0.08095359034175532,-0.9967178719230328,2.9876618,4.4948506,6.966502,3.4305642,5.391868,4.816338133333333,2.0088076089686995,4.722000014285714,1.5136578881576432,4.789027014285715,1.6172330149963317,-1.5071888000000002,0.02731111904761807,5.9739165
2023-08-27,19.8375,22.4,18.1,95.95833333333331,9.1,1.60625,1007.3041666666668,156.29166666666666,24,93.54786958914616,100.73041666666668,3.751,Complete,5.625694,8,6,239,0,-0.8660254037844384,-0.5000000000000004,-0.7818314824680299,0.6234898018587334,-0.8247650844733614,-0.5654755126737576,0.9980834451113889,-0.06188244173092276,5.9739165,2.9876618,4.4948506,4.175476,6.0640984,4.485476299999998,1.493149420333862,5.085336057142858,1.456156932865922,4.830601907142857,1.6412261213354102,2.9862546999999995,-0.345125607142859,5.625694
2023-08-28,19.72083333333333,23.2,18.2,88.45833333333333,4.8,1.7708333333333333,1008.3916666666668,118.41666666666669,24,98.19782082903188,100.83916666666669,2.842,Complete,4.9343214,8,0,240,0,-0.8660254037844384,-0.5000000000000004,0.0,1.0,-0.8343701235229537,-0.5512045872199277,0.9897816548991687,-0.14259128874185434,5.625694,5.9739165,2.9876618,4.3872175,6.0424128,4.862424099999999,1.632900789546781,5.292510057142857,1.4074830962687581,4.7992873071428575,1.6199247546011941,-0.34822249999999944,0.0631367928571418,4.9343214
2023-08-29,20.229166666666668,23.7,17.0,84.33333333333333,1.1,1.340833333333333,1008.8375,127.625,24,65.97517824689925,100.88375,3.063,Complete,6.1932893,8,1,241,0,-0.8660254037844384,-0.5000000000000004,0.7818314824680298,0.6234898018587336,-0.8437282590292712,-0.5367705514607103,0.9133691649362035,0.4071323722620721,4.9343214,5.625694,5.9739165,6.611728,3.3748932,5.5113106333333315,0.5291523021904918,5.370667757142857,1.3633314658888758,4.720137921428572,1.581119350310059,-0.6913726000000002,0.7911727119047596,6.1932893
2023-08-30,21.9125,26.3,18.4,83.625,1.8,2.3495833333333334,1009.3541666666666,230.29166666666663,24,79.14369709112157,100.93541666666668,5.527,Complete,10.630174,8,2,242,0,-0.8660254037844384,-0.5000000000000004,0.9749279121818236,-0.22252093395631434,-0.8528367217694595,-0.522177676659508,0.9821026422794558,0.18834648928958372,6.1932893,4.9343214,5.625694,6.966502,4.7876368,5.584434899999998,0.6304972468672699,5.3108908,1.3078926306232408,4.921451928571429,1.5760785857523447,1.2589679,0.6629829714285691,10.630174
2023-08-31,22.6,25.8,20.4,87.66666666666667,3.5,2.88875,1010.1083333333332,169.625,24,77.15447454911805,101.01083333333332,4.071,Complete,8.006026,8,3,243,0,-0.8660254037844384,-0.5000000000000004,0.43388373911755823,-0.900968867902419,-0.8616928164028521,-0.5074302810827518,0.9749730109280293,0.22232325106010112,10.630174,6.1932893,4.9343214,4.4948506,6.800633,7.252594899999998,2.9920361755625993,5.834272514285715,2.3769632301085255,5.338776014285714,2.1913409648504474,4.4368847,1.9138188857142842,8.006026
2023-09-01,23.241666666666664,26.4,21.3,87.20833333333333,0.5,2.0345833333333334,1009.1416666666668,161.125,24,49.57723944417568,100.91416666666667,3.867,Complete,5.035801,9,4,244,0,-1.0,-1.8369701987210297e-16,-0.433883739117558,-0.9009688679024191,-0.8702939222685674,-0.49253272872205434,0.76128078400409,0.6484223684498538,8.006026,10.630174,6.1932893,2.9876618,1.5308359,8.276496433333332,2.230773890772943,6.335869000000001,2.417333037343863,5.4248755142857155,2.2752699048687637,-2.624148,2.8516209190476163,5.035801
2023-09-02,23.579166666666666,27.8,20.6,88.08333333333333,0.3,1.4395833333333332,1008.3375,232.91666666666663,24,41.85296661071897,100.83375,5.59,Complete,3.4073508,9,5,245,0,-1.0,-1.8369701987210297e-16,-0.9749279121818236,-0.2225209339563146,-0.8786374941610001,-0.4774894280028391,0.6672213344827019,0.7448595107878548,5.035801,8.006026,10.630174,5.9739165,3.4305642,7.890666999999998,2.7989700051881723,6.628460314285715,2.0388481916157426,5.675230164285714,1.9886106663309366,-2.970225,2.215436835714284,3.4073508
2023-09-03,23.15833333333333,28.4,20.1,86.04166666666667,0.2,1.20375,1008.4416666666666,244.20833333333331,24,10.20469452632574,100.84416666666668,5.861,Complete,3.8944137,9,6,246,0,-1.0,-1.8369701987210297e-16,-0.7818314824680299,0.6234898018587334,-0.886721063082993,-0.46230483047981086,0.1771653797343524,0.9841810952378545,3.4073508,5.035801,8.006026,5.625694,4.175476,5.483059266666665,2.331733982811934,6.261808071428571,2.378637338147822,5.673572064285715,1.9906348813067916,-1.6284502,-0.19051279761904993,3.8944137
2023-09-04,23.120833333333334,27.9,20.4,86.875,0.7000000000000001,1.2391666666666663,1010.3291666666668,230.58333333333331,24,71.61090768947696,101.03291666666668,5.534,Complete,3.0539126,9,0,247,0,-1.0,-1.8369701987210297e-16,0.0,1.0,-0.8945422369764496,-0.4469834295196741,0.9489360861646756,0.3154683888672005,3.8944137,3.4073508,5.035801,4.9343214,4.3872175,4.112521833333331,0.8358474034413,6.014482314285714,2.5403155416064616,5.653496185714286,2.0082450067649504,0.48706289999999974,-1.540974352380955,3.0539126
2023-09-05,22.916666666666668,28.2,19.9,84.66666666666667,1.3,1.5320833333333337,1011.4125,226.625,24,120.6398304572762,101.14125,5.439,Complete,2.389001,9,1,248,0,-1.0,-1.8369701987210297e-16,0.7818314824680298,0.6234898018587336,-0.9020987014301837,-0.43152975897147144,0.860387947393501,-0.5096396569930544,3.0539126,3.8944137,3.4073508,6.1932893,6.611728,3.4518923666666645,0.42201716570070913,5.745852485714287,2.763220037214162,5.558260121428572,2.1023250588813216,-0.8405011,-2.1063677547619073,2.389001
2023-09-06,22.20833333333333,24.9,19.0,77.375,0.0,1.507083333333333,1011.7666666666668,127.125,24,135.18732704207736,101.17666666666668,3.051,Complete,6.3250384,9,2,249,0,-1.0,-1.8369701987210297e-16,0.9749279121818236,-0.22252093395631434,-0.9093882203647925,-0.4159483918249421,0.7047911390170466,-0.7094148647745225,2.389001,3.0539126,3.8944137,10.630174,6.966502,3.1124424333333316,0.754411131527596,5.202382728571429,3.0225002453882626,5.256636764285714,2.238092494911737,-0.6649115999999999,-2.1441943309523825,6.3250384
2023-09-07,21.5,23.8,20.2,77.125,0.7000000000000001,1.2666666666666666,1011.3166666666666,106.70833333333331,24,117.28068014368073,101.13166666666666,2.561,Complete,4.5427837,9,3,250,0,-1.0,-1.8369701987210297e-16,0.43388373911755823,-0.900968867902419,-0.9164086366943458,-0.4002439388573056,0.8887718365180146,-0.45834989103565366,6.3250384,2.389001,3.0539126,8.006026,4.4948506,3.9226506666666645,2.1069235806992213,4.587363357142857,1.9985303883937826,5.210817935714286,2.206741524463905,3.9360374000000005,-1.2881672690476216,4.5427837
2023-09-08,21.316666666666663,25.8,17.7,78.08333333333333,1.1,1.4625,1009.9666666666668,249.54166666666663,24,64.2082342405203,100.99666666666668,5.989,Complete,6.025729,9,4,251,0,-1.0,-1.8369701987210297e-16,-0.433883739117558,-0.9009688679024191,-0.9231578729647039,-0.38442104726885545,0.9003813111714811,0.43510170591842595,4.5427837,6.3250384,2.389001,5.035801,2.9876618,4.418941033333332,1.970938953421687,4.092614457142857,1.3270292663066334,5.214241728571428,2.205582121425679,-1.7822547000000002,-0.7953006952380965,6.025729
2023-09-09,20.33333333333333,24.0,17.7,91.625,12.9,1.89125,1008.0125,230.375,24,76.89443860757673,100.80125,5.529,Complete,8.87858,9,5,252,0,-1.0,-1.8369701987210297e-16,-0.9749279121818236,-0.2225209339563146,-0.9296339319682695,-0.3684843993077793,0.973953962870424,0.22674584496523115,6.025729,4.5427837,6.3250384,3.4073508,5.9739165,5.6311836999999985,0.9543885211129073,4.234032742857143,1.4873565534332118,5.431246528571428,2.117351042346485,1.4829453,0.19993717142857026,8.87858
2023-09-10,21.42083333333333,25.9,18.2,84.0,1.9,1.5933333333333335,1007.3125,255.54166666666663,24,101.41618919651803,100.73125,6.133,Complete,7.3812885,9,6,253,0,-1.0,-1.8369701987210297e-16,-0.7818314824680299,0.6234898018587334,-0.9358348973349941,-0.35243871088460327,0.980215286464591,-0.1979343127937643,8.87858,6.025729,4.5427837,3.8944137,5.625694,6.482364233333331,2.2036717521024953,5.0156369142857145,2.231795156589934,5.638722492857142,2.30831690564606,2.8528509999999994,0.8436417404761887,7.3812885
2023-09-11,21.558333333333334,26.6,18.7,90.625,5.9,1.16375,1007.2541666666666,266.0416666666667,24,63.47867547648029,100.72541666666666,6.385,Complete,6.5837326,9,0,254,0,-1.0,-1.8369701987210297e-16,0.0,1.0,-0.9417589340994617,-0.33628873017668287,0.8947682323163786,0.44653086168530753,7.3812885,8.87858,6.025729,3.0539126,4.9343214,7.428532499999998,1.4270121596196372,5.513761885714286,2.3269337565590495,5.764122100000001,2.354773643647333,-1.4972914999999993,1.6644103999999977,6.5837326
2023-09-12,22.9625,28.1,19.3,86.83333333333333,1.8,1.3491666666666668,1007.1125,257.1666666666667,24,41.61605760021853,100.71125,6.172,Complete,6.346454,9,1,255,0,-1.0,-1.8369701987210297e-16,0.7818314824680298,0.6234898018587336,-0.9474042892438845,-0.32003923622313857,0.6641357629682051,0.7476119905048608,6.5837326,7.3812885,8.87858,2.389001,6.1932893,7.614533699999999,1.1650680837676515,6.018021885714286,2.0737147036290566,5.8819371857142855,2.351322582238696,-0.7975558999999999,1.7325965142857136,6.346454
2023-09-13,22.945833333333336,27.1,20.5,90.25,4.4,0.9895833333333334,1008.2375,248.45833333333331,24,103.52819017603272,100.82375,5.963,Complete,4.6826186,9,2,256,0,-1.0,-1.8369701987210297e-16,0.9749279121818236,-0.22252093395631434,-0.9527692922168511,-0.30369503751065885,0.9722549449313816,-0.23392375265559515,6.346454,6.5837326,7.3812885,6.3250384,10.630174,6.770491699999998,0.5421068452548835,6.583372314285714,1.3230320824672952,5.892877521428572,2.3532382365442377,-0.23727860000000067,0.8776141785714264,4.6826186
2023-09-14,22.058333333333334,24.6,20.3,95.79166666666669,11.1,1.1770833333333333,1008.8166666666666,245.95833333333331,24,84.86269430623192,100.88166666666666,5.903,Complete,4.238956,9,3,257,0,-1.0,-1.8369701987210297e-16,0.43388373911755823,-0.900968867902419,-0.9578523554276669,-0.28726097055059635,0.9959829745682757,0.08954280747290382,4.6826186,6.346454,6.5837326,4.5427837,8.006026,5.870935066666664,1.0359282321753067,6.348740914285714,1.509042100222606,5.468052135714286,1.9312524590432907,-1.6638354,0.40288293095237826,4.238956
2023-09-15,22.504166666666663,24.5,20.5,97.20833333333331,15.1,1.8420833333333333,1007.5958333333332,252.375,24,50.942241631039074,100.75958333333332,6.057,Complete,7.7203736,9,4,258,0,-1.0,-1.8369701987210297e-16,-0.433883739117558,-0.9009688679024191,-0.9626519747161487,-0.2707418984477642,0.7765111653509686,0.6301034915672826,4.238956,4.6826186,6.346454,6.025729,5.035801,5.089342866666665,1.1110604964729107,6.305336957142857,1.5726713982749685,5.198975707142857,1.809001106019597,-0.4436625999999997,-0.10963284047619215,7.7203736
2023-09-16,24.691666666666663,30.1,22.1,89.79166666666667,7.1,2.4125,1005.65,238.29166666666663,24,5.4061519895439885,100.565,5.719,Complete,6.2167444,9,5,259,0,-1.0,-1.8369701987210297e-16,-0.9749279121818236,-0.2225209339563146,-0.9671667297977312,-0.2541427094613622,0.09421520872608333,0.9955518542219187,7.7203736,4.238956,4.6826186,8.87858,3.4073508,5.5473160666666645,1.8949520859489424,6.547429042857142,1.6509421556031392,5.390730892857143,1.9286971619387667,3.4814176000000003,0.1565851738095212,6.2167444
2023-09-17,24.541666666666668,29.0,22.2,91.79166666666669,10.3,1.1241666666666668,1007.2791666666668,260.8333333333333,24,231.2104952882572,100.72791666666669,6.26,Complete,3.8529322,9,6,260,0,-1.0,-1.8369701987210297e-16,-0.7818314824680299,0.6234898018587334,-0.97139528468375,-0.23746831555846842,-0.7794527314728185,-0.6264610438004604,6.2167444,7.7203736,4.238956,7.3812885,3.8944137,6.058691333333331,1.746082101537469,6.167166814285714,1.2920624351253283,5.591401864285714,1.8510513359984573,-1.5036292000000007,0.4672894690476168,3.8529322
2023-09-18,23.9875,27.9,21.9,91.41666666666669,4.6000000000000005,1.92625,1008.1708333333332,237.83333333333331,24,62.27176988954965,100.81708333333331,5.708,Complete,5.8188334,9,0,261,0,-1.0,-1.8369701987210297e-16,0.0,1.0,-0.9753363880767837,-0.2207236509605022,0.8851644867246821,0.46527823013916103,3.8529322,6.2167444,7.7203736,6.5837326,3.0539126,5.930016733333332,1.9495987565990545,5.663115914285714,1.4212477634853535,5.5884389,1.8540074820659465,-2.3638121999999995,0.34157783333333214,5.8188334
2023-09-19,22.429166666666664,25.0,20.6,94.33333333333331,9.7,2.3129166666666667,1009.2083333333334,208.54166666666663,24,98.36683530298876,100.92083333333332,5.005,Complete,10.339306,9,1,262,0,-1.0,-1.8369701987210297e-16,0.7818314824680298,0.6234898018587336,-0.9789888737409319,-0.20391367068311472,0.9893567249322921,-0.14551038049310736,5.8188334,3.8529322,6.2167444,6.346454,2.389001,5.296169999999997,1.2656163721649083,5.553844599999999,1.367040754314116,5.785933242857142,1.7044888814319135,1.9659011999999998,-0.489763242857145,10.339306
2023-09-20,21.7125,26.1,19.3,84.95833333333333,3.6,2.127083333333333,1008.8291666666668,225.16666666666663,24,97.42815532053534,100.88291666666667,5.404,Complete,9.522665,9,2,263,0,-1.0,-1.8369701987210297e-16,0.9749279121818236,-0.22252093395631434,-0.9823516608469237,-0.18704334906991657,0.9916077521043958,-0.12928289123649384,10.339306,5.8188334,3.8529322,4.6826186,6.3250384,6.670357199999998,3.325970663551691,6.124252028571429,2.2806308064389254,6.353812171428571,1.8069931383748143,4.520472600000001,0.31654502857142663,9.522665
2023-09-21,20.991666666666667,23.7,18.6,94.08333333333331,23.5,1.26,1007.2958333333332,284.1666666666667,24,69.12921680049165,100.72958333333332,6.82,Complete,8.295039,9,3,264,0,-1.0,-1.8369701987210297e-16,0.43388373911755823,-0.900968867902419,-0.9854237542919524,-0.17011767832049052,0.9343862640351425,0.35626157466452796,9.522665,10.339306,5.8188334,4.238956,4.5427837,8.560268133333333,2.409008910021952,6.815687228571428,2.4943932656752312,6.582214071428572,1.995347877053986,-0.8166410000000006,1.9780540619047606,8.295039
2023-09-22,21.08333333333333,22.2,20.1,96.66666666666669,66.7,2.355,1006.3333333333334,73.54166666666667,24,55.01379126271062,100.63333333333334,1.765,Complete,9.792728,9,4,265,0,-1.0,-1.8369701987210297e-16,-0.433883739117558,-0.9009688679024191,-0.9882042449941422,-0.15314166701312007,0.8192900820935496,0.5733792474297834,8.295039,9.522665,10.339306,7.7203736,6.025729,9.38567,1.0289959253277587,7.395127657142857,2.255758037798973,6.850232307142858,1.9518667811296204,-1.2276260000000008,2.5354376928571414,9.792728
2023-09-23,21.8375,23.5,20.8,96.45833333333331,40.7,3.6208333333333336,1006.8791666666666,184.875,24,70.49898995485594,100.68791666666668,4.437,Complete,13.61488,9,5,266,0,-1.0,-1.8369701987210297e-16,-0.9749279121818236,-0.2225209339563146,-0.9906923101615609,-0.13612033862266704,0.9426356063936497,0.333823476644283,9.792728,8.295039,9.522665,6.2167444,8.87858,9.20347733333333,0.7982347149143898,7.691178285714286,2.434469367526489,7.119303664285715,2.084596894666884,1.4976890000000012,2.0841736690476154,13.61488
2023-09-24,22.8375,24.6,21.7,96.45833333333331,12.6,3.82,1006.0583333333334,216.75,24,64.54708153065216,100.60583333333334,5.202,Complete,12.396953,9,6,267,0,-1.0,-1.8369701987210297e-16,-0.7818314824680299,0.6234898018587334,-0.9928872135356962,-0.11905873003404988,0.9029387424857456,0.42976927218946276,13.61488,9.792728,8.295039,3.8529322,7.3812885,10.567548999999998,2.7432531332072094,8.7480548,3.1795496945295283,7.457610807142857,2.688826014328495,3.822151999999999,3.1099381928571406,12.396953
2023-09-25,23.104166666666668,23.4,22.8,97.875,12.7,2.6787500000000004,1005.5125,10.458333333333334,24,45.20771884377788,100.55125,0.251,Complete,9.247558,9,0,268,0,-1.0,-1.8369701987210297e-16,0.0,1.0,-0.994788305609327,-0.10196189005174576,0.7096656578812337,0.7045386107403878,12.396953,13.61488,9.792728,5.8188334,6.5837326,11.934853666666664,1.9525274193149138,9.968629199999999,2.5684248513853087,7.815872557142856,2.9946306414298087,-1.2179269999999995,4.118981109523808,9.247558
2023-09-26,23.633333333333336,26.0,22.7,98.08333333333331,17.1,1.86625,1005.9458333333332,116.0,24,0.7534068740502315,100.59458333333332,2.784,Complete,6.4345756,9,1,269,0,-1.0,-1.8369701987210297e-16,0.7818314824680298,0.6234898018587336,-0.9963950238187231,-0.08483487790576538,0.013149051623364078,0.9999135474836842,9.247558,12.396953,13.61488,10.339306,6.346454,11.753130333333331,2.2537204978671497,10.458446999999998,1.879739585539967,8.0061458,2.994947854403015,-3.149395,3.7469845333333307,6.4345756
2023-09-27,22.254166666666663,22.9,21.6,99.0,11.6,2.24375,1007.5583333333334,16.25,24,203.91776992664396,100.75583333333334,0.39,Complete,4.8777337,9,2,270,0,-1.0,-1.8369701987210297e-16,0.9749279121818236,-0.22252093395631434,-0.9977068927101168,-0.06768276175455162,-0.4054251174200175,-0.9141282591436308,6.4345756,9.247558,12.396953,9.522665,4.6826186,9.359695533333332,2.982770052282674,9.90062837142857,2.4221113573995585,8.012440199999999,2.9912817654959794,-2.8129824,1.347255333333333,4.8777337
2023-09-28,21.84166666666667,22.4,21.0,98.29166666666669,4.5,2.0854166666666667,1008.1708333333332,27.25,24,174.93424524380825,100.81708333333331,0.654,Complete,3.4358792,9,3,271,0,-1.0,-1.8369701987210297e-16,0.43388373911755823,-0.900968867902419,-0.9987235240803972,-0.050510617185222886,0.08829895499071462,-0.9960940189297132,4.8777337,6.4345756,9.247558,8.295039,4.238956,6.853289099999998,2.214798376721762,9.237066757142857,3.087721841539304,8.026376992857143,2.974984414726304,-1.5568418999999993,-1.1730878928571453,3.4358792
2023-09-29,20.42083333333333,21.7,19.8,87.83333333333333,1.7000000000000002,2.4658333333333333,1008.9333333333334,62.375,24,170.59943076114214,100.89333333333336,1.497,Complete,5.2041926,9,4,272,0,-1.0,-1.8369701987210297e-16,-0.433883739117558,-0.9009688679024191,-0.9994446170919858,-0.033323525711631344,0.16333576391904772,-0.9865705388997692,3.4358792,4.8777337,6.4345756,9.792728,7.7203736,4.916062833333331,1.4997155952679073,8.54290107142857,3.7990668987632663,7.969014364285714,3.0601529008448116,-1.4418545000000003,-3.0529515309523827,5.2041926
2023-09-30,21.041666666666668,24.1,19.3,72.83333333333333,0.0,1.6295833333333334,1009.1625,195.125,24,140.7652388059646,100.91625,4.683,Complete,6.0972667,9,5,273,0,-1.0,-1.8369701987210297e-16,-0.9749279121818236,-0.2225209339563146,-0.9998699583618592,-0.016126573270657762,0.6324993430363587,-0.7745608956425406,5.2041926,3.4358792,4.8777337,13.61488,6.2167444,4.505935166666665,0.9409615731773845,7.887396014285714,3.9406969466897612,7.78928715,3.148493608695711,1.7683133999999998,-3.2833519833333344,6.0972667
2023-10-01,20.9875,24.0,18.8,67.91666666666667,0.0,2.275416666666666,1011.1375,256.625,24,139.54110749812523,101.11375,6.159,Complete,6.775835,10,6,274,0,-0.8660254037844386,0.5000000000000001,-0.7818314824680299,0.6234898018587334,-0.9999994220246925,0.001075151282798226,0.6489023194565079,-0.7608717236196678,6.0972667,5.2041926,3.4358792,12.396953,3.8529322,4.912446166666665,1.3544677339497875,6.813451257142857,3.0414235515459165,7.780753028571428,3.1532422741998243,0.8930740999999998,-2.868306861904763,6.775835
2023-10-02,20.391666666666666,24.1,17.3,78.75,2.3000000000000003,2.0066666666666664,1012.9041666666668,147.70833333333334,24,95.92276526569972,101.29041666666669,3.545,Complete,12.835059,10,0,275,0,-0.8660254037844386,0.5000000000000001,0.0,1.0,-0.999832969770105,0.018276557681691223,0.9946618961617175,-0.10318775278092147,6.775835,6.0972667,5.2041926,9.247558,5.8188334,6.025764766666665,0.7882571618591563,6.0104344,1.8172146304950978,7.9895318,2.9642747542723176,0.6785683000000002,-1.963767033333335,12.835059
2023-10-03,21.070833333333333,24.3,19.1,79.95833333333333,2.5,2.3158333333333334,1012.7666666666668,212.70833333333331,24,104.25395503620014,101.27666666666669,5.105,Complete,9.830408,10,1,276,0,-0.8660254037844386,0.5000000000000001,0.7818314824680298,0.6234898018587336,-0.9993706508539969,0.03547255575312556,0.9692139158287236,-0.24622019690503028,12.835059,6.775835,6.0972667,6.4345756,10.339306,8.569386899999998,3.7097281009502745,6.522934542857143,3.0019868707785475,8.490690771428572,3.1559587174566888,6.0592239999999995,0.07869612857142627,9.830408
2023-10-04,21.204166666666666,24.9,19.1,85.95833333333333,3.1,1.9308333333333332,1011.5,177.54166666666666,24,107.34376077042177,101.15,4.261,Complete,9.970833,10,2,277,0,-0.8660254037844386,0.5000000000000001,0.9749279121818236,-0.22252093395631434,-0.9986126020839734,0.052658056924614005,0.9545333951810168,-0.2981040044752851,9.830408,12.835059,6.775835,4.8777337,9.522665,9.813767333333331,3.0296462754560105,7.008053457142857,3.249506164375804,8.454340914285714,3.1358957272868366,-3.004650999999999,1.359426419047617,9.970833
2023-10-05,20.89583333333333,24.4,18.4,79.54166666666667,2.3,2.8212500000000005,1010.5208333333334,242.41666666666663,24,132.1729580577938,101.05208333333334,5.818,Complete,9.826671,10,3,278,0,-0.8660254037844386,0.5000000000000001,0.43388373911755823,-0.900968867902419,-0.9975590477788613,0.06982797572987089,0.7411215463550934,-0.6713708762883859,9.970833,9.830408,12.835059,3.4358792,8.295039,10.878766666666664,1.6956531382480668,7.735639071428571,3.2631752543340626,8.486352914285714,3.1498965953883276,0.14042500000000047,2.39241375238095,9.826671
2023-10-06,19.8125,24.8,16.2,73.08333333333333,0.0,1.7225,1009.6791666666668,325.0,24,111.70171126233924,100.96791666666668,7.8,Complete,8.377526,10,4,279,0,-0.8660254037844386,0.5000000000000001,-0.433883739117558,-0.9009688679024191,-0.9962102997023297,0.0869772313136861,0.9291215278332757,-0.36977450766211484,9.826671,9.970833,9.830408,5.2041926,9.792728,9.875970666666666,0.08217443645367921,8.648609328571428,2.7061581988849763,8.5957552,3.169279447551338,-0.14416200000000146,1.2802154666666663,8.377526
2023-10-07,20.60833333333333,25.4,16.3,74.54166666666667,0.0,1.5958333333333332,1009.125,258.9583333333333,24,54.54938594176397,100.9125,6.215,Complete,6.24317,10,5,280,0,-0.8660254037844386,0.5000000000000001,-0.9749279121818236,-0.2225209339563146,-0.9945667569706337,0.1041007489354256,0.8146157512073204,0.5800010154171569,8.377526,9.826671,9.970833,6.0972667,13.61488,9.391676666666664,0.8812331425828586,9.10194267142857,2.26239750843726,8.494669342857142,3.1506793163638607,-1.4491449999999997,0.8970073238095218,6.24317
2023-10-08,20.370833333333334,25.8,15.2,78.0,0.0,1.3966666666666665,1008.6,240.0,24,7.649752571760408,100.86,5.76,Complete,6.575789,10,6,281,0,-0.8660254037844386,0.5000000000000001,-0.7818314824680299,0.6234898018587334,-0.9926289059345095,0.121193461470736,0.13311705852305203,0.9911003222329061,6.24317,8.377526,9.826671,6.775835,12.396953,8.149122333333333,1.8026358563116427,9.122786,2.2305499060509644,7.968118628571429,2.828688945575578,-2.1343559999999995,0.18100370476190353,6.575789
2023-10-09,21.65833333333333,26.6,17.2,80.33333333333333,1.1,1.7779166666666668,1008.8208333333332,294.7083333333333,24,199.91623660170168,100.88208333333333,7.073,Complete,5.307172,10,0,282,0,-0.8660254037844386,0.5000000000000001,0.0,1.0,-0.9903973200352558,0.1382503109109819,-0.3406459974218596,-0.9401916317647517,6.575789,6.24317,8.377526,12.835059,9.247558,7.0654949999999985,1.1483587673332039,9.094208,2.266620652988489,7.552321200000001,2.5407878524226004,0.3326190000000002,-0.4868262000000021,5.307172
2023-10-10,20.72083333333333,23.7,17.7,79.04166666666667,0.9,1.8129166666666665,1010.0375,209.29166666666663,24,172.8920147574004,101.00375,5.023,Complete,4.577586,10,1,283,0,-0.8660254037844386,0.5000000000000001,0.7818314824680298,0.6234898018587336,-0.9878726596350429,0.15526624985999563,0.12373977562615929,-0.9923147020617944,5.307172,6.575789,6.24317,9.830408,6.4345756,6.042043666666665,0.6577888146223902,8.018795571428571,1.9611861771105727,7.270865057142857,2.5567506289232904,-1.2686170000000008,-1.2288213904761927,4.577586
2023-10-11,21.42083333333333,24.6,19.5,77.25,0.1,1.13125,1010.75,170.66666666666666,24,95.20998806583216,101.075,4.096,Complete,6.4876814,10,2,284,0,-0.8660254037844386,0.5000000000000001,0.9749279121818236,-0.22252093395631434,-0.9850556718215013,0.172236243027682,0.9958685839926131,-0.09080618600374993,4.577586,5.307172,6.575789,9.970833,4.8777337,5.4868489999999985,1.0111462186790656,7.268392428571429,2.1484784116984392,7.138222942857142,2.6499450809586564,-0.7295859999999994,-1.651373942857144,6.4876814
2023-10-12,21.666666666666668,25.4,18.4,84.04166666666667,1.0,1.075416666666667,1010.4291666666668,143.08333333333334,24,86.65184985820143,101.04291666666668,3.434,Complete,5.4677753,10,3,285,0,-0.8660254037844386,0.5000000000000001,0.43388373911755823,-0.900968867902419,-0.981947190186646,0.18915526872004093,0.99829308851607,0.05840299154192414,6.4876814,4.577586,5.307172,9.826671,3.4358792,5.457479799999998,0.9638778114112238,6.770799342857144,1.7920607052859892,7.253219207142856,2.5782667229089493,1.9100953999999994,-1.7957394071428583,5.4677753
2023-10-13,22.96666666666667,27.3,19.5,82.16666666666667,0.6000000000000001,1.3716666666666668,1010.1375,246.625,24,79.38823996866127,101.01375,5.919,Complete,6.4540586,10,4,286,0,-0.8660254037844386,0.5000000000000001,-0.433883739117558,-0.9009688679024191,-0.9785481345802031,0.20601832032517084,0.9828975721974492,0.1841530954623355,5.4677753,6.4876814,4.577586,8.377526,5.2041926,5.511014233333331,0.9557815196435407,6.148099957142857,1.218888005870706,7.398354642857142,2.3977200054281695,-1.0199061,-1.8873404095238113,6.4540586
2023-10-14,22.90833333333333,25.1,21.6,95.625,14.2,1.6841666666666668,1010.2,150.25,24,102.91074693045276,101.02,3.606,Complete,5.6955047,10,5,287,0,-0.8660254037844386,0.5000000000000001,-0.9749279121818236,-0.2225209339563146,-0.9748595108374125,0.22282040779479959,0.974719302171674,-0.2234329473778765,6.4540586,5.4677753,6.4876814,6.24317,6.0972667,6.136505099999997,0.5793809474136923,5.8733189,0.7647293235899761,7.487630785714286,2.332109653185755,0.9862833000000002,-1.3511256857142886,5.6955047
2023-10-15,23.02916666666667,26.0,21.3,89.29166666666667,3.7,1.74375,1010.6708333333332,212.58333333333331,24,89.63203863406632,101.06708333333331,5.102,Complete,6.312625,10,6,288,0,-0.8660254037844386,0.5000000000000001,-0.7818314824680299,0.6234898018587334,-0.9708824104813836,0.23955655912092708,0.9999793781467696,0.006422093210159694,5.6955047,6.4540586,5.4677753,6.575789,6.775835,5.872446199999998,0.5164009176806303,5.795081000000001,0.7484256254215526,7.4589335000000005,2.3529136566854345,-0.7585538999999999,-1.5864873000000026,6.312625
2023-10-16,22.6125,26.0,20.4,83.58333333333333,1.7000000000000002,1.94,1011.4166666666666,192.16666666666663,24,116.5500415690436,101.14166666666668,4.612,Complete,6.6202474,10,0,289,0,-0.8660254037844386,0.5000000000000001,0.0,1.0,-0.9666180104000972,0.2562218218071163,0.8945443155473457,-0.44697926967805873,6.312625,5.6955047,6.4540586,5.307172,12.835059,6.154062766666665,0.4033701664489352,5.757486142857142,0.7082017954430677,7.425847071428572,2.3664759329743736,0.6171202999999998,-1.2717843047619066,6.6202474
2023-10-17,22.79583333333333,26.4,20.7,84.29166666666667,3.5,1.6137500000000002,1010.1166666666668,220.58333333333331,24,97.59580814972315,101.01166666666668,5.294,Complete,6.629243,10,1,290,0,-0.8660254037844386,0.5000000000000001,0.7818314824680298,0.6234898018587336,-0.9620675724981452,0.27281126433401914,0.9912252136864114,-0.13218387099918105,6.6202474,6.312625,5.6955047,4.577586,9.830408,6.2094590333333315,0.4709242803355165,5.945068342857143,0.7421324326655353,6.981931957142857,1.785266124920192,0.3076224000000005,-0.7724729238095254,6.629243
2023-10-18,22.704166666666666,26.9,20.0,84.83333333333333,2.2,1.6408333333333334,1009.0916666666668,238.41666666666663,24,65.2751786095041,100.90916666666666,5.722,Complete,5.440015,10,2,291,0,-0.8660254037844386,0.5000000000000001,0.9749279121818236,-0.22252093395631434,-0.957232443323312,0.28931997761869527,0.9083270660003341,0.418260613937321,6.629243,6.6202474,6.312625,6.4876814,9.970833,6.520705133333332,0.1802588045585194,6.238162199999999,0.46571132429699047,6.753277314285714,1.5862847079841305,0.008995599999999548,-0.2325721809523813,5.440015
2023-10-19,23.179166666666664,27.8,19.6,84.5,2.0,1.87125,1006.65,287.4583333333333,24,45.60274747511595,100.665,6.899,Complete,7.463157,10,3,292,0,-0.8660254037844386,0.5000000000000001,0.43388373911755823,-0.900968867902419,-0.9521140536681102,0.3057430764672831,0.7145062294085099,0.699629078967158,5.440015,6.629243,6.6202474,5.4677753,9.826671,6.2298351333333315,0.6840190877956952,6.088495571428571,0.5353037532115718,6.429647457142857,1.3190198752093942,-1.189228,-0.19981232380952552,7.463157
2023-10-20,23.48333333333333,28.0,20.4,81.29166666666667,1.1,1.8816666666666664,1006.65,285.4166666666667,24,47.67506919740576,100.665,6.85,Complete,6.230806,10,4,293,0,-0.8660254037844386,0.5000000000000001,-0.433883739117558,-0.9009688679024191,-0.9467139181463862,0.3220757010206104,0.7393381806751153,0.673334281465017,7.463157,5.440015,6.629243,6.4540586,8.377526,6.510804999999998,1.0167578659267962,6.3735501,0.6651952654722898,6.260825028571429,0.9505841708604067,2.023142,0.24997997142856843,6.230806
2023-10-21,24.558333333333334,31.0,19.6,79.5,0.0,1.1245833333333333,1005.6875,276.2083333333333,24,8.541416544787811,100.56875,6.629,Complete,5.211547,10,5,294,0,-0.8660254037844386,0.5000000000000001,-0.9749279121818236,-0.2225209339563146,-0.9410336347451197,0.3383130181923076,0.14852428758318015,0.9889087601987905,6.230806,7.463157,5.440015,5.6955047,6.24317,6.377992666666665,1.0195704115824178,6.3416568714285715,0.6660433495091359,6.107487885714286,0.7305550937414317,-1.2323509999999995,0.27050478095237906,5.211547
2023-10-22,24.516666666666666,30.8,20.9,86.54166666666667,9.4,1.0016666666666667,1005.7333333333332,223.33333333333331,24,261.89204552408864,100.57333333333332,5.36,Complete,2.812868,10,6,295,0,-0.8660254037844386,0.5000000000000001,-0.7818314824680299,0.6234898018587334,-0.9350748843515574,0.3544502230989869,-0.9900040866046933,-0.14103867734067477,5.211547,6.230806,7.463157,6.312625,6.575789,6.301836666666666,1.1274843301484672,6.272520057142857,0.7624367580094206,6.033800528571428,0.7669380953360445,-1.019259,0.26803613809523785,2.812868
2023-10-23,23.0375,24.7,22.2,91.20833333333331,2.3000000000000003,1.3870833333333332,1007.6625,75.29166666666667,24,139.24388849147772,100.76625,1.807,Complete,5.787456,10,0,296,0,-0.8660254037844386,0.5000000000000001,0.0,1.0,-0.9288394302558068,0.3704825404820963,0.6528405551348404,-0.7574953528380444,2.812868,5.211547,6.230806,6.6202474,5.307172,4.7517403333333315,1.7547483212684034,5.772554771428572,1.511383792059402,5.765020457142858,1.1339440775214549,-2.3986790000000004,-1.0132801238095261,5.787456
2023-10-24,22.45833333333333,25.0,20.7,84.125,1.4,1.6775,1009.9666666666668,95.375,24,95.18925795794942,100.99666666666668,2.289,Complete,9.318207,10,1,297,0,-0.8660254037844386,0.5000000000000001,0.7818314824680298,0.6234898018587336,-0.9223291176290545,0.3864052261209853,0.9959013732719401,-0.09044586621324362,5.787456,2.812868,5.211547,6.629243,4.577586,4.603956999999998,1.577630390335753,5.6535845714285715,1.4656197606053591,5.799326457142857,1.1262661505123566,2.974588,-1.195369457142859,9.318207
2023-10-25,22.6,25.5,20.0,79.08333333333333,0.8,1.9891666666666667,1011.05,189.04166666666663,24,96.14735785749065,101.105,4.537,Complete,11.399479,10,2,298,0,-0.8660254037844386,0.5000000000000001,0.9749279121818236,-0.22252093395631434,-0.9155458729775467,0.40221356823680365,0.9942497718589104,-0.10708590550816996,9.318207,5.787456,2.812868,5.440015,6.4876814,5.972843666666665,3.256629441070065,6.037722285714286,2.0138215489483002,6.137942242857143,1.4080756691002996,3.5307509999999995,-0.16509857619047796,11.399479
2023-10-26,22.4875,26.5,20.0,83.08333333333333,0.8,1.49625,1010.75,164.33333333333334,24,70.42783515172309,101.075,3.944,Complete,10.083568,10,3,299,0,-0.8660254037844386,0.5000000000000001,0.43388373911755823,-0.900968867902419,-0.9084917035725082,0.41790288888678667,0.9422203090300252,0.3349938644980887,11.399479,9.318207,5.787456,7.463157,5.4677753,8.83504733333333,2.8370377131353814,6.889074285714286,2.818109379664411,6.4887849285714285,1.9925435131995481,2.0812720000000002,2.3462624047619016,10.083568
2023-10-27,23.041666666666668,27.5,20.3,85.625,1.4,1.538333333333333,1009.6875,191.41666666666663,24,76.69941447540425,100.96875,4.594,Complete,8.537483,10,4,300,0,-0.8660254037844386,0.5000000000000001,-0.433883739117558,-0.9009688679024191,-0.9011686968561569,0.4334685453485363,0.9731765217716197,0.230059682414134,10.083568,11.399479,9.318207,6.230806,6.4540586,10.267084666666664,1.0527022654599418,7.263418714285714,3.069873116918331,6.818484407142857,2.1833489748641943,-1.3159109999999998,3.4486002595238068,8.537483
2023-10-28,23.675,28.4,19.6,83.29166666666667,1.5,1.96625,1007.9291666666668,296.2083333333333,24,53.80701705084814,100.79291666666668,7.109,Complete,6.281226,10,5,301,0,-0.8660254037844386,0.5000000000000001,-0.9749279121818236,-0.2225209339563146,-0.8935790198239952,0.4489059314938798,0.8070326379465377,0.5905068342441538,8.537483,10.083568,11.399479,5.211547,5.6955047,10.00684333333333,1.4325398011435784,7.592944,3.064353333435397,6.967300435714285,2.22716219482626,-1.5460849999999997,3.0395428976190457,6.281226
2023-10-29,24.35,29.4,20.7,82.83333333333333,0.0,1.6575,1006.4791666666666,230.29166666666663,24,42.344883139415806,100.64791666666666,5.527,Complete,5.3622384,10,6,302,0,-0.8660254037844386,0.5000000000000001,-0.7818314824680299,0.6234898018587334,-0.8857249183835637,0.4642104791518923,0.6735917033038045,0.7391036579805835,6.281226,8.537483,10.083568,2.812868,6.312625,8.300758999999998,1.9121924224232982,7.745755285714286,2.9503576486431613,7.009137671428571,2.206842462829082,-2.2562569999999997,1.2916213285714262,5.3622384
2023-10-30,25.20833333333333,30.3,21.5,83.75,0.5,1.2779166666666668,1007.2208333333332,269.0416666666667,24,35.82881312310925,100.72208333333332,6.457,Complete,4.123997,10,0,303,0,-0.8660254037844386,0.5000000000000001,0.0,1.0,-0.8776087166898392,0.4793776594606945,0.5853654719133118,0.8107695506688111,5.3622384,6.281226,8.537483,5.787456,6.6202474,6.726982466666665,1.6338814792201648,8.109951057142856,2.3326296813139726,6.941252914285713,2.244216979601819,-0.9189876000000003,-0.21427044761904845,4.123997
2023-10-31,24.879166666666663,29.6,21.6,88.58333333333333,3.6,1.788333333333333,1007.0625,260.875,24,192.5232573653144,100.70625,6.261,Complete,3.2440825,10,1,304,0,-0.8660254037844386,0.5000000000000001,0.7818314824680298,0.6234898018587336,-0.8692328164574792,0.49440298420761813,-0.2168358918281135,-0.97620807004199,4.123997,5.3622384,6.281226,9.318207,6.629243,5.255820466666665,1.0825446050909013,7.872314057142857,2.6691295219509032,6.762949314285714,2.3674625166959626,-1.2382413999999997,-1.5071288476190485,3.2440825
2023-11-01,24.291666666666668,26.7,22.3,95.16666666666669,16.8,1.2758333333333334,1006.3166666666666,274.5416666666667,24,139.5774586677103,100.63166666666666,6.589,Complete,4.092257,11,2,305,1,-0.5000000000000004,0.8660254037844384,0.9749279121818236,-0.22252093395631434,-0.8605996962501181,0.5092820071573356,0.6484194556535245,-0.7612832649743372,3.2440825,4.123997,5.3622384,11.399479,5.440015,4.243439299999999,1.064117451904672,7.004581985714286,3.0769227793237404,6.521152135714286,2.5481433362016426,-0.8799144999999999,-2.2777128357142873,4.092257
2023-11-02,24.40416666666667,28.3,22.0,87.66666666666667,1.7,1.6629166666666666,1006.2625,268.4166666666667,24,59.943145922318855,100.62625,6.442,Complete,6.4979486,11,3,306,1,-0.5000000000000004,0.8660254037844384,0.43388373911755823,-0.900968867902419,-0.8517119107469189,0.5240103253675756,0.8655288320794188,0.5008591027816479,4.092257,3.2440825,4.123997,10.083568,7.463157,3.820112166666665,0.49910869513562806,5.960693128571428,2.5279541192202917,6.424883707142857,2.6166681035401362,0.8481744999999998,-2.6047715404761917,6.4979486
2023-11-03,24.604166666666668,28.5,22.1,90.0,3.6,1.815416666666667,1005.9583333333334,305.9166666666667,24,66.64033009446814,100.59583333333332,7.342,Complete,6.806502,11,4,307,1,-0.5000000000000004,0.8660254037844384,-0.433883739117558,-0.9009688679024191,-0.8425720899866032,0.5385835804920232,0.9180339478979449,0.3965017913035366,6.4979486,4.092257,3.2440825,8.537483,6.230806,4.611429366666665,1.6879176842828976,5.448461785714286,1.81646138454153,6.355940250000001,2.5998691945948833,2.4056916,-1.7445108833333354,6.806502
2023-11-04,25.40416666666667,30.2,22.0,85.16666666666667,0.9,1.8079166666666664,1006.1333333333332,301.875,24,42.91379643374254,100.61333333333332,7.245,Complete,6.5564904,11,5,308,1,-0.5000000000000004,0.8660254037844384,-0.9749279121818236,-0.2225209339563146,-0.8331829385891785,0.5529974600700271,0.680897240566876,0.7323789645998947,6.806502,6.4979486,4.092257,6.281226,5.211547,5.79890253333333,1.4860284426947674,5.201178785714285,1.3947144723246039,6.397061392857142,2.602289403429611,0.3085534000000001,-0.5981588595238119,6.5564904
2023-11-05,25.52916666666667,30.6,22.2,84.29166666666667,0.6000000000000001,1.6741666666666666,1005.8625,337.3333333333333,24,33.42619221435372,100.58625,8.096,Complete,5.8981586,11,6,309,1,-0.5000000000000004,0.8660254037844384,-0.7818314824680299,0.6234898018587334,-0.8235472349556007,0.5672476988027229,0.5508623252212107,0.8345961290659579,6.5564904,6.806502,6.4979486,5.3622384,2.812868,6.620313666666664,0.1638790932026017,5.240502271428572,1.4335802492885052,6.493128778571429,2.5798866976597425,-0.25001159999999967,0.12718488809523532,5.8981586
2023-11-06,25.058333333333334,30.3,21.5,85.45833333333333,1.9,1.6525,1004.8416666666668,319.2083333333333,24,35.470991907950086,100.48416666666668,7.661,Complete,7.2640915,11,0,310,1,-0.5000000000000004,0.8660254037844384,0.0,1.0,-0.8136678304455991,0.5813300798152042,0.5802907054316205,0.814409416196591,5.8981586,6.5564904,6.806502,4.123997,5.787456,6.420383666666665,0.4692181957521457,5.317062300000001,1.4553107390168742,6.713506678571429,2.364079591554891,-0.6583318,-0.29312301190476386,7.2640915
2023-11-07,24.71666666666667,29.8,21.6,83.91666666666667,0.4,1.4883333333333333,1003.95,279.75,24,40.82292076625359,100.395,6.714,Complete,8.324591,11,1,311,1,-0.5000000000000004,0.8660254037844384,0.7818314824680298,0.6234898018587336,-0.8035476485339116,0.5952404359043674,0.6537233821477536,0.7567335988531909,7.2640915,5.8981586,6.5564904,3.2440825,9.318207,6.5729134999999985,0.6831145295525646,5.76564722857143,1.5092213727164954,6.8189806428571424,2.352497319282334,1.3659328999999998,-0.24606714285714393,8.324591
2023-11-08,24.14583333333333,28.7,20.9,84.41666666666667,0.9,1.1783333333333337,1003.4791666666666,237.45833333333331,24,63.62664878460854,100.34791666666666,5.699,Complete,4.6510067,11,2,312,1,-0.5000000000000004,0.8660254037844384,0.9749279121818236,-0.22252093395631434,-0.7931896839451843,0.6089746507720486,0.8959184671871638,0.44421852747606433,8.324591,7.2640915,5.8981586,4.092257,11.399479,7.162280366666664,1.2164159149301845,6.491434157142857,1.301859746436301,6.748008071428572,2.285327412408308,1.0604994999999997,0.41427229523809217,4.6510067
2023-11-09,23.516666666666666,26.6,22.4,90.66666666666669,12.2,1.7770833333333331,1003.125,128.16666666666666,24,110.77927634244752,100.3125,3.076,Complete,6.2001247,11,3,313,1,-0.5000000000000004,0.8660254037844384,0.43388373911755823,-0.900968867902419,-0.7825970017677834,0.6225286602431057,0.9349540560326192,-0.35476881642578745,4.6510067,8.324591,7.2640915,6.4979486,10.083568,6.746563066666664,1.8906829881772838,6.571255542857143,1.1369223672320332,6.265974335714286,1.9095633734535267,-3.6735843,0.48058873095237864,6.2001247
2023-11-10,23.5875,28.3,21.7,90.04166666666667,9.3,2.1766666666666667,1003.6458333333334,221.54166666666663,24,117.258524094639,100.36458333333334,5.317,Complete,7.114686,11,4,314,1,-0.5000000000000004,0.8660254037844384,-0.433883739117558,-0.9009688679024191,-0.7717727365467837,0.6358984534680745,0.8889490121346437,-0.458006172256271,6.2001247,4.6510067,8.324591,6.806502,8.537483,6.391907466666665,1.8442860066959161,6.528709271428572,1.1456619420547827,5.988585528571428,1.5629535818786047,1.549118,0.4033219380952371,7.114686
2023-11-11,22.820833333333336,25.1,21.7,90.79166666666669,8.2,3.0375,1004.1708333333332,145.91666666666666,24,127.21402363464588,100.41708333333332,3.502,Complete,8.71168,11,5,315,1,-0.5000000000000004,0.8660254037844384,-0.9749279121818236,-0.2225209339563146,-0.7607200913564104,0.6490800741100398,0.7963819133354016,-0.6047940542963736,7.114686,6.2001247,4.6510067,6.5564904,6.281226,5.988605799999998,1.245385124009846,6.572735557142857,1.1638928531999815,5.8869571714285716,1.4246008379848278,0.9145612999999999,0.10164862857142687,8.71168
2023-11-12,22.89583333333333,24.1,22.0,96.16666666666669,18.2,2.500833333333333,1002.8333333333334,64.45833333333333,24,102.66416332352009,100.28333333333332,1.547,Complete,6.6811056,11,6,316,1,-0.5000000000000004,0.8660254037844384,-0.7818314824680299,0.6234898018587334,-0.7494423368521953,0.6620696215153815,0.9756718598825621,-0.21923599575184302,8.71168,7.114686,6.2001247,5.8981586,5.3622384,7.342163566666664,1.2711361212482342,6.880619785714286,1.4165186185067522,6.060561028571429,1.6120940294844703,1.5969939999999996,1.2816025380952354,6.6811056
2023-11-13,23.3,23.7,22.6,99.08333333333331,67.6,1.5366666666666668,999.8625,11.541666666666666,24,64.76795368807609,99.98625,0.277,Complete,4.9208426,11,0,317,1,-0.5000000000000004,0.8660254037844384,0.0,1.0,-0.7379428103031386,0.6748632518680403,0.9045887667768207,0.4262853070669816,6.6811056,8.71168,7.114686,7.2640915,4.123997,7.502490533333332,1.069393456843318,6.992469357142857,1.355615089293571,6.154765828571429,1.6066733555691353,-2.030574399999999,1.3477247047619034,4.9208426
2023-11-14,24.925,27.6,22.6,94.91666666666669,19.7,1.92875,1000.0625,233.04166666666663,24,63.73565019405712,100.00625,5.593,Complete,7.4775667,11,1,318,1,-0.5000000000000004,0.8660254037844384,0.7818314824680298,0.6234898018587336,-0.7262249146041543,0.6874571793269664,0.8967619416009798,0.442513299343693,4.9208426,6.6811056,8.71168,8.324591,3.2440825,6.771209399999999,1.8970242669482482,6.657719514285715,1.5523965479913218,6.211683371428571,1.5420111875970355,-1.7602630000000001,0.5595260285714279,7.4775667
2023-11-15,25.616666666666664,28.7,22.9,88.66666666666667,6.9,3.627916666666666,998.5791666666668,152.45833333333334,24,356.06364802697766,99.85791666666668,3.659,Complete,7.090847,11,2,319,1,-0.5000000000000004,0.8660254037844384,0.9749279121818236,-0.22252093395631434,-0.7142921172691032,0.699847677146407,-0.068648269315928,0.9976409249424002,7.4775667,4.9208426,6.6811056,4.6510067,4.092257,6.359838299999997,1.308288591793559,6.536716042857143,1.4289160361759163,6.5140751,1.3134515773657984,2.5567240999999994,-0.15423680000000317,7.090847
2023-11-16,25.691666666666663,31.7,21.8,84.70833333333333,1.3,1.40125,1004.1125,324.2916666666667,24,235.3140048798078,100.41125,7.783,Complete,1.5763817,11,3,320,1,-0.5000000000000004,0.8660254037844384,0.43388373911755823,-0.900968867902419,-0.7021479494046978,0.7120310787787131,-0.8222831661826558,-0.5690785487194424,7.090847,7.4775667,4.9208426,6.2001247,6.4979486,6.496418766666665,1.3781212661874327,6.885264657142858,1.1655874532416453,6.7282601,1.118110546175425,-0.38671969999999956,-0.23184133333333534,1.5763817
2023-11-17,25.454166666666666,31.5,22.1,87.66666666666667,4.8,0.98625,1007.1541666666668,275.6666666666667,24,203.54655232989376,100.71541666666668,6.616,Complete,0.6358079,11,4,321,1,-0.5000000000000004,0.8660254037844384,-0.433883739117558,-0.9009688679024191,-0.6897960046655887,0.7240037789593305,-0.3994940406799663,-0.916735791524032,1.5763817,7.090847,7.4775667,7.114686,6.806502,5.381598466666664,3.3010822486849407,6.224729942857143,2.338526722720192,6.376719607142857,1.7761432531187868,-5.5144653,-0.9951211404761935,0.6358079
2023-11-18,25.34583333333333,29.5,23.1,89.625,3.7,1.3654166666666667,1008.7833333333332,239.54166666666663,24,139.49509322355553,100.87833333333332,5.749,Complete,1.6013644,11,5,322,1,-0.5000000000000004,0.8660254037844384,-0.9749279121818236,-0.2225209339563146,-0.6772399381909491,0.7357622347736527,0.6495131666627032,-0.7603503444674616,0.6358079,1.5763817,7.090847,8.71168,6.5564904,3.1010121999999973,3.4871558707318706,5.299175928571429,3.0892210339939803,5.935955742857144,2.338053734822896,-0.9405738,-2.8349435428571463,1.6013644
2023-11-19,24.254166666666663,27.9,22.2,82.45833333333333,0.3,1.4516666666666669,1009.5958333333332,245.20833333333331,24,141.5128072997507,100.95958333333331,5.885,Complete,3.1716638,11,6,323,1,-0.5000000000000004,0.8660254037844384,-0.7818314824680299,0.6234898018587334,-0.6644834655228552,0.7473029667054297,0.622339685038664,-0.7827472877155031,1.6013644,0.6358079,1.5763817,6.6811056,5.8981586,1.2711846666666642,0.5503941865058575,4.283416557142857,2.945787272813767,5.5820181714285715,2.5975469501382795,0.9655565,-4.3108335047619075,3.1716638
2023-11-20,23.4625,27.9,19.3,72.58333333333333,0.1,1.385,1009.0708333333332,323.4583333333333,24,136.10436718353048,100.90708333333332,7.763,Complete,3.514863,11,0,324,1,-0.5000000000000004,0.8660254037844384,0.0,1.0,-0.6515303615068021,0.75862255966641,0.693346904608148,-0.7206039618752451,3.1716638,1.6013644,0.6358079,4.9208426,7.2640915,1.8029453666666644,1.2798896245312361,3.782067728571428,2.7626558131454275,5.387268542857143,2.673130283048039,1.5702994000000001,-3.5843231761904786,3.514863
2023-11-21,23.820833333333336,29.0,20.1,75.875,0.0,1.57125,1007.8708333333334,329.5833333333333,24,171.96303783302707,100.78708333333334,7.91,Complete,3.1904364,11,1,325,1,-0.5000000000000004,0.8660254037844384,0.7818314824680298,0.6234898018587336,-0.6383844591746642,0.769717664006921,0.13981190528745766,-0.9901780805187979,3.514863,3.1716638,1.6013644,7.4775667,8.324591,2.7626303999999977,1.0202207921754032,3.5812135,2.716793332302684,5.119466507142858,2.658404939805012,0.3431991999999999,-2.35683610714286,3.1904364
2023-11-22,23.85,30.1,18.7,79.20833333333333,0.0,1.19625,1005.7083333333334,350.7916666666667,24,185.4362293576195,100.57083333333334,8.419,Complete,5.1651626,11,2,326,1,-0.5000000000000004,0.8660254037844384,0.9749279121818236,-0.22252093395631434,-0.6250496486104377,0.7805849965070866,-0.09473780977367952,-0.9955022588619707,3.1904364,3.514863,3.1716638,7.090847,4.6510067,3.2923210666666645,0.19295540079604967,2.968766314285715,2.106786401860056,4.752741178571428,2.533438349489988,-0.32442660000000023,-1.4604201119047637,5.1651626
2023-11-23,24.558333333333334,31.0,19.9,82.20833333333333,0.2,1.46125,1003.8458333333332,305.7916666666667,24,211.95474686456495,100.38458333333332,7.339,Complete,3.7397428,11,3,327,1,-0.5000000000000004,0.8660254037844384,0.43388373911755823,-0.900968867902419,-0.6115298757991053,0.7912213413483807,-0.52924929688511,-0.8484663704276185,5.1651626,3.1904364,3.514863,1.5763817,6.2001247,3.956820666666664,1.0589527022419811,2.693668542857143,1.5239285654638703,4.7894666,2.5355759056229097,1.9747262000000005,-0.8326459333333358,3.7397428
2023-11-24,23.766666666666666,28.2,20.6,82.33333333333333,0.2,1.79375,1002.5041666666666,212.125,24,211.2270480332965,100.25041666666668,5.091,Complete,2.8300562,11,4,328,1,-0.5000000000000004,0.8660254037844384,-0.433883739117558,-0.9009688679024191,-0.5978291414589552,0.801623551065242,-0.5184307496319291,-0.8551196160982837,3.7397428,5.1651626,3.1904364,0.6358079,7.114686,4.031780599999998,1.0192401329976875,3.0027201285714287,1.478259163094005,4.613725035714286,2.515466919015927,-1.4254198000000002,-0.5819444357142887,2.8300562
2023-11-25,22.804166666666664,26.5,20.6,84.125,0.1,1.4275,1003.1333333333332,123.375,24,197.41603128400007,100.31333333333332,2.961,Complete,2.0947084,11,5,329,1,-0.5000000000000004,0.8660254037844384,-0.9749279121818236,-0.2225209339563146,-0.5839514998576998,0.8117885474764613,-0.2993077757400814,-0.9541566199432487,2.8300562,3.7397428,5.1651626,1.6013644,8.71168,3.911653866666665,1.177007024601804,3.316184171428571,1.0685833543331003,4.30768005,2.447507978667133,-0.9096866000000001,-0.39602618333333517,2.0947084
2023-11-26,23.741666666666664,28.2,19.6,86.91666666666667,5.3,1.1083333333333334,1005.6625,253.16666666666663,24,81.80523199341813,100.56625,6.076,Complete,2.1141205,11,6,330,1,-0.5000000000000004,0.8660254037844384,-0.7818314824680299,0.6234898018587334,-0.5699010576127624,0.821713322596059,0.9897892510151838,0.14253855118809589,2.0947084,2.8300562,3.7397428,3.1716638,6.6811056,2.8881691333333315,0.8240554465939447,3.386661885714286,0.9458548836171785,3.835039221428571,2.1527873880829405,-0.7353478,-0.9468700880952396,2.1141205
2023-11-27,24.525,28.8,22.6,94.20833333333331,18.1,1.1920833333333334,1005.7041666666668,266.9583333333333,24,82.07137522567224,100.57041666666667,6.407,Complete,4.1307116,11,0,331,1,-0.5000000000000004,0.8660254037844384,0.0,1.0,-0.5556819724760489,0.8313949395234058,0.9904406728048659,0.13793938398385158,2.1141205,2.0947084,2.8300562,3.514863,4.9208426,2.3462950333333312,0.41906187751625823,3.2355842714285714,1.063109828749424,3.508826,2.0309162860185115,0.01941209999999982,-1.1625309666666688,4.1307116
2023-11-28,25.40833333333333,29.4,22.5,89.54166666666667,6.1,1.06125,1005.5083333333332,298.7083333333333,24,100.25318214513317,100.55083333333332,7.169,Complete,3.7260647,11,1,332,1,-0.5000000000000004,0.8660254037844384,0.7818314824680298,0.6234898018587336,-0.5412984521036173,0.8408305333122887,0.984030813338094,-0.1779981977469694,4.1307116,2.1141205,2.0947084,3.1904364,7.4775667,2.779846833333331,1.169923467912534,3.323562642857143,1.1143226655050864,3.4523880714285715,1.9993927915642795,2.0165911,-0.6725412380952407,3.7260647
2023-11-29,25.308333333333334,29.3,22.6,90.66666666666669,7.2,0.9983333333333334,1004.7125,296.3333333333333,24,68.06010959106085,100.47125,7.112,Complete,4.009337,11,2,333,1,-0.5000000000000004,0.8660254037844384,0.9749279121818236,-0.22252093395631434,-0.5267547528105542,0.8500173118187018,0.9275763478770845,0.37363366933268993,3.7260647,4.1307116,2.1141205,5.1651626,7.090847,3.3236322666666642,1.0668288586735055,3.4000809714285714,1.1220212374969842,3.184423642857143,1.6369764992879419,-0.4046468999999999,0.13920862380952137,4.009337
2023-11-30,26.041666666666668,31.1,22.5,83.625,0.2,1.4125,1004.4916666666668,314.4583333333333,24,30.757758322401937,100.44916666666668,7.547,Complete,4.424798,11,3,334,1,-0.5000000000000004,0.8660254037844384,0.43388373911755823,-0.900968867902419,-0.5120551783114646,0.8589525565270845,0.5114094521250198,0.8593371703104592,4.009337,3.7260647,4.1307116,3.7397428,1.5763817,3.9553710999999985,0.20765119116419523,3.2349630285714284,0.8773465822032379,2.9643157857142852,1.227194135747515,0.2832723000000006,0.9910553142857133,4.424798
2023-12-01,26.041666666666668,31.0,22.7,84.0,0.8,1.5616666666666663,1005.4416666666666,346.125,24,39.73689454659803,100.54416666666664,8.307,Complete,3.1819026,12,4,335,1,-2.4492935982947064e-16,1.0,-0.433883739117558,-0.9009688679024191,-0.4972040784469378,0.8676336233547726,0.6392631255162123,0.768988072960331,4.424798,4.009337,3.7260647,2.8300562,0.6358079,4.053399899999998,0.35144446289482706,3.3328280571428572,0.9757291159855932,3.167774092857143,1.2154512970684985,0.41546099999999964,0.8856258071428549,3.1819026
2023-12-02,26.20833333333333,30.9,22.6,83.0,1.2000000000000002,1.5004166666666665,1005.7708333333334,328.2083333333333,24,64.92841840089783,100.57708333333332,7.877,Complete,5.1067133,12,5,336,1,-2.4492935982947064e-16,1.0,-0.9749279121818236,-0.2225209339563146,-0.4822058478963526,0.8760579434344281,0.9057790882627818,0.42375021329297746,3.1819026,4.424798,4.009337,2.0947084,1.6013644,3.8720125333333315,0.6327248617639022,3.383091828571428,0.9543407561368827,3.349638,0.9739486720378722,-1.2428954,0.5223745333333314,5.1067133
2023-12-03,26.2375,31.4,22.4,81.95833333333333,0.5,1.4516666666666669,1005.8916666666668,348.2083333333333,24,66.2429263657301,100.58916666666669,8.357,Complete,3.0102854,12,6,337,1,-2.4492935982947064e-16,1.0,-0.7818314824680299,0.6234898018587334,-0.46706492487743034,0.8842230238742036,0.9152617497593724,0.40285968950418966,5.1067133,3.1819026,4.424798,2.1141205,3.1716638,4.237804633333331,0.9759349092493489,3.813378242857143,0.9556421926697287,3.6000200642857143,0.9399126285387412,1.9248107,0.6377845690476169,3.0102854
2023-12-04,26.4875,31.6,23.0,81.75,1.2,1.5337500000000002,1005.35,341.5416666666667,24,58.37971198091859,100.535,8.197,Complete,3.4781208,12,0,338,1,-2.4492935982947064e-16,1.0,0.0,1.0,-0.451785789832884,0.8921264484954345,0.8515413411506502,0.5242874634314196,3.0102854,5.1067133,3.1819026,4.1307116,3.514863,3.766300433333331,1.1639987567338785,3.9414018000000004,0.7213717282334964,3.5884930357142855,0.9465362934406865,-2.0964279,0.17780739761904574,3.4781208
2023-12-05,26.070833333333336,31.2,22.3,82.58333333333333,1.6,1.68375,1005.4375,346.25,24,62.59306866305376,100.54375,8.31,Complete,2.6334774,12,1,339,1,-2.4492935982947064e-16,1.0,0.7818314824680298,0.6234898018587336,-0.4363729641045924,0.8997658785476209,0.8877597061315253,0.4603071845727239,3.4781208,3.0102854,5.1067133,3.7260647,3.1904364,3.865039833333331,1.1004690994031587,3.8481745428571434,0.7348712875998289,3.5858685928571425,0.9468070485283508,0.46783540000000023,0.2791712404761886,2.6334774
2023-12-06,25.945833333333336,31.1,22.4,81.91666666666667,1.5,1.4829166666666664,1004.3958333333334,311.625,24,39.46477354664935,100.43958333333332,7.479,Complete,3.9606504,12,2,340,1,-2.4492935982947064e-16,1.0,0.9749279121818236,-0.22252093395631434,-0.42083100859565564,0.9071390534005044,0.6356036917182342,0.7720155096072565,2.6334774,3.4781208,3.0102854,4.009337,5.1651626,3.0406278666666644,0.4231384138237913,3.692090642857143,0.8689320940384253,3.5460858071428576,0.9759528526362153,-0.8446434000000003,-0.5054579404761932,3.9606504
2023-12-07,25.67083333333333,31.7,21.9,82.375,2.2,1.3616666666666666,1003.7708333333334,315.5833333333333,24,81.90531875733602,100.37708333333332,7.574,Complete,3.1310775,12,3,341,1,-2.4492935982947064e-16,1.0,0.43388373911755823,-0.900968867902419,-0.4051645224207563,0.9142437912130223,0.9900367332879086,0.14080932760512166,3.9606504,2.6334774,3.4781208,4.424798,3.7397428,3.357416199999998,0.671769486749729,3.6851354142857145,0.8661599515394436,3.4600492214285716,0.869531865242485,1.3271730000000002,-0.10263302142857356,3.1310775
2023-12-08,24.3125,28.6,21.9,88.45833333333333,7.8,1.0904166666666668,1004.075,256.1666666666667,24,111.74065893807962,100.4075,6.148,Complete,7.982919,12,4,342,1,-2.4492935982947064e-16,1.0,-0.433883739117558,-0.9009688679024191,-0.3893781415452015,0.9210779895789526,0.9288699533541823,-0.37040600664108997,3.1310775,3.9606504,2.6334774,3.1819026,2.8300562,3.241735099999998,0.6704706341894769,3.5003181999999997,0.8187567793823789,3.4165731285714287,0.8696880584545965,-0.8295729000000001,-0.17483802857143083,7.982919
2023-12-09,23.854166666666668,27.2,21.7,89.75,11.9,1.4675,1002.5958333333332,318.7083333333333,24,136.9024735871309,100.25958333333332,7.649,Complete,5.1456866,12,5,343,1,-2.4492935982947064e-16,1.0,-0.9749279121818236,-0.2225209339563146,-0.37347653741307074,0.9276396261490467,0.6832422503031748,-0.730191774399475,7.982919,3.1310775,3.9606504,5.1067133,2.0947084,5.024882299999998,2.595098001620308,4.186177685714286,1.858389750184062,3.784634757142857,1.479178217360512,4.8518415,1.2402475428571411,5.1456866
2023-12-10,22.829166666666666,24.9,20.8,88.625,10.3,1.8641666666666667,1001.0166666666668,216.625,24,163.82589160450232,100.10166666666667,5.199,Complete,5.0064273,12,6,344,1,-2.4492935982947064e-16,1.0,-0.7818314824680299,0.6234898018587334,-0.3574644155648614,0.9339267592294762,0.2785571268558738,-0.9604196619591878,5.1456866,7.982919,3.1310775,3.0102854,2.1141205,5.419894366666665,2.4375159301542557,4.1917453,1.861662757351548,4.002561771428572,1.4351442446903437,-2.8372323999999995,1.4173325952380935,5.0064273
2023-12-11,22.775,27.2,18.6,68.5,0.0,2.4529166666666664,1000.1041666666666,344.125,24,216.8778309558049,100.01041666666666,8.259,Complete,5.2977495,12,0,345,1,-2.4492935982947064e-16,1.0,0.0,1.0,-0.34134651424503615,0.9399375283564133,-0.6001107641516159,-0.799916914903894,5.0064273,5.1456866,7.982919,3.4781208,4.1307116,6.045010966666665,1.6797213898151424,4.476908428571428,1.802468794422347,4.209155114285715,1.3479132382863994,-0.13925929999999997,1.8358558523809503,5.2977495
2023-12-12,23.6375,28.3,19.0,74.95833333333333,0.8,2.1095833333333336,1000.5916666666668,300.875,24,234.6519384099293,100.05916666666668,7.221,Complete,3.64534,12,1,346,1,-2.4492935982947064e-16,1.0,0.7818314824680298,0.6234898018587336,-0.3251276029999093,0.9456701548465688,-0.8156525769640431,-0.5785420241364629,5.2977495,5.0064273,5.1456866,2.6334774,3.7260647,5.149954466666665,0.14570798559988152,4.736855385714286,1.7652459188009262,4.292514964285714,1.3784303090753218,0.29132219999999975,0.8574395023809505,3.64534
2023-12-13,23.254166666666663,27.3,19.3,77.83333333333333,0.3,2.135,1001.9958333333334,247.08333333333331,24,219.75061718971213,100.19958333333334,5.93,Complete,4.287372,12,2,347,1,-2.4492935982947064e-16,1.0,0.9749279121818236,-0.22252093395631434,-0.30881248126625377,0.9511229423235357,-0.6394472839020007,-0.7688349439966644,3.64534,5.2977495,5.0064273,3.9606504,4.009337,4.649838933333331,0.8820321628795593,4.881407185714286,1.597784885883203,4.286748914285715,1.381148228844942,-1.6524095,0.3630900190476165,4.287372
2023-12-14,23.40416666666667,28.1,18.9,80.125,0.2,1.4916666666666665,1002.5625,332.25,24,181.58014420456576,100.25625,7.974,Complete,2.7849226,12,3,348,1,-2.4492935982947064e-16,1.0,0.43388373911755823,-0.900968867902419,-0.29240597695107734,0.9562942772197719,-0.027575223162176286,-0.99961973123161,4.287372,3.64534,5.2977495,3.1310775,4.424798,4.410153833333331,0.8330191011435469,4.9280817,1.5709516447460465,4.306608557142857,1.3788494906648168,0.6420320000000004,0.10354527619047449,2.7849226
2023-12-15,25.016666666666666,31.2,20.0,79.70833333333333,0.4,1.53,1002.3,349.4166666666667,24,103.0381599088267,100.23,8.386,Complete,4.083528,12,4,349,1,-2.4492935982947064e-16,1.0,-0.433883739117558,-0.9009688679024191,-0.27591294500296043,0.9611826292540837,0.974220027679112,-0.22559995050733117,2.7849226,4.287372,3.64534,7.982919,3.1819026,3.5725448666666644,0.7538653052553467,4.878631,1.6408394016358208,4.1894746,1.4364863983860534,-1.5024494000000006,-0.6169297333333352,4.083528
2023-12-16,24.52083333333333,29.7,21.1,88.70833333333333,10.3,1.1583333333333334,1002.8416666666668,314.1666666666667,24,112.28022785950236,100.28416666666666,7.54,Complete,4.725216,12,5,350,1,-2.4492935982947064e-16,1.0,-0.9749279121818236,-0.2225209339563146,-0.2593382659754056,0.9657865518844574,0.9253406094216086,-0.37913685728935137,4.083528,2.7849226,4.287372,5.1456866,5.1067133,3.7186075333333313,0.8149931043476033,4.321575142857143,0.910817384696151,4.253876414285714,1.4077633182033902,1.2986054000000005,-0.5352688809523829,4.725216
2023-12-17,26.225,31.7,22.8,85.83333333333333,9.2,1.38375,1002.1291666666666,336.7083333333333,24,80.88043956973672,100.21291666666666,8.081,Complete,3.7286937,12,6,351,1,-2.4492935982947064e-16,1.0,-0.7818314824680299,0.6234898018587334,-0.2426868445825954,0.9701046827361175,0.9873597550093507,0.1584951550927502,4.725216,4.083528,2.7849226,5.0064273,3.0102854,3.864555533333331,0.9885071195440878,4.261507914285715,0.859848784546014,4.226626607142857,1.3936063566434995,0.6416879999999994,-0.3620710738095263,3.7286937
2023-12-18,24.90416666666667,27.5,22.6,94.625,32.6,1.3608333333333331,1002.7458333333334,330.875,24,56.78649909052943,100.27458333333334,7.941,Complete,4.049895,12,0,352,1,-2.4492935982947064e-16,1.0,0.0,1.0,-0.22596360824801906,0.974135744004672,0.8366352649932691,0.5477603795179443,3.7286937,4.725216,4.083528,5.2977495,3.4781208,4.179145899999998,0.5050952986313966,4.078974542857144,0.8095056791696937,4.277941485714286,1.3581488821114058,-0.9965222999999996,-0.0987955857142877,4.049895
2023-12-19,24.73333333333333,26.8,23.3,95.625,44.9,2.25875,1003.2333333333332,341.125,24,82.39836733799169,100.32333333333332,8.187,Complete,8.615501,12,1,353,1,-2.4492935982947064e-16,1.0,0.7818314824680298,0.6234898018587336,-0.20917350564635637,0.9778785428342386,0.991211771159947,0.13228463521498243,4.049895,3.7286937,4.725216,3.64534,2.6334774,4.167934899999998,0.5086395945001129,3.9007096142857143,0.6089309208210848,4.3187825,1.340732556645111,0.32120130000000024,-0.1508476000000023,8.615501
2023-12-20,24.975,27.2,23.1,95.79166666666669,13.3,1.580833333333333,1003.3375,290.7916666666667,24,82.7601258423204,100.33375,6.979,Complete,6.902489,12,2,354,1,-2.4492935982947064e-16,1.0,0.9749279121818236,-0.22252093395631434,-0.19232150523909483,0.9813319716704275,0.9920272372417993,0.12602365083746297,8.615501,4.049895,3.7286937,4.287372,3.9606504,5.464696566666665,2.733398800324447,4.610732614285714,1.8645775547110899,4.7460699,1.674097288947538,4.565606,0.7186266666666645,6.902489
2023-12-21,25.579166666666666,29.3,23.3,93.625,11.6,1.700416666666667,1003.4,326.9166666666667,24,84.22221614278634,100.34,7.846,Complete,5.267438,12,3,355,1,-2.4492935982947064e-16,1.0,0.43388373911755823,-0.900968867902419,-0.17541259380427843,0.9844950085880858,0.9949198180972623,0.1006705297359195,6.902489,8.615501,4.049895,2.7849226,3.1310775,6.522628333333331,2.306384645146889,4.984320757142858,2.0424864457486276,4.9562012285714285,1.7508000285057237,-1.713012,1.5664271047619023,5.267438
2023-12-22,24.65416666666667,26.5,22.5,95.08333333333331,19.0,2.14625,1004.6291666666666,323.9583333333333,24,94.2824686893268,100.46291666666666,7.775,Complete,9.983272,12,4,356,1,-2.4492935982947064e-16,1.0,-0.433883739117558,-0.9009688679024191,-0.15845177496083632,0.9873667175937016,0.9972080287677851,-0.07467360551806922,5.267438,6.902489,8.615501,4.083528,7.982919,6.928475999999997,1.6741827726144551,5.338965814285714,1.7978179639992196,5.1087984071428565,1.6707598164673632,-1.6350509999999998,1.8196775928571407,9.983272
2023-12-23,24.266666666666666,27.3,21.6,80.33333333333333,1.6,1.475,1005.0875,243.75,24,83.96792127456145,100.50875,5.85,Complete,7.4529324,12,5,357,1,-2.4492935982947064e-16,1.0,-0.9749279121818236,-0.2225209339563146,-0.14144406768794202,0.9899462489023779,0.9944632161663968,0.10508525915648868,9.983272,5.267438,6.902489,4.725216,5.1456866,7.384399666666664,2.3945669748149405,6.181786385714285,2.3949226439084637,5.251680764285715,1.9904156351724267,4.715833999999999,2.132718902380949,7.4529324
2023-12-24,24.25,28.2,20.3,82.54166666666667,7.2,1.5020833333333332,1004.8666666666668,347.3333333333333,24,72.32220897529048,100.48666666666666,8.336,Complete,8.479031,12,6,358,1,-2.4492935982947064e-16,1.0,-0.7818314824680299,0.6234898018587334,-0.12439450483979998,0.9922328391893008,0.9527792588991184,0.3036637676965211,7.4529324,9.983272,5.267438,3.7286937,5.0064273,7.5678807999999975,2.360017463894276,6.571460157142858,2.3397016257759624,5.416484035714285,2.074698116217013,-2.5303395999999996,2.151396764285712,8.479031
2023-12-25,24.391666666666666,28.9,21.1,81.70833333333333,0.9,1.6058333333333332,1006.0166666666668,343.0,24,97.57740421299869,100.60166666666667,8.232,Complete,5.4113374,12,0,359,1,-2.4492935982947064e-16,1.0,0.0,1.0,-0.10730813165636247,0.9942258118156161,0.9912676212381563,-0.13186547343731497,8.479031,7.4529324,9.983272,4.049895,5.2977495,8.638411799999998,1.2726768255879477,7.250079771428572,2.0485383207855485,5.664527157142857,2.2241079711506493,1.026098600000001,2.9738846428571417,5.4113374
2023-12-26,24.354166666666668,29.0,21.1,87.41666666666667,6.3,1.7120833333333332,1007.2166666666668,347.7083333333333,24,67.38050286030942,100.72166666666666,8.345,Complete,8.748571,12,1,360,1,-2.4492935982947064e-16,1.0,0.7818314824680298,0.6234898018587336,-0.09019000427034513,0.9959245770286599,0.9230793920835653,0.38460945894587095,5.4113374,8.479031,7.4529324,8.615501,3.64534,7.114433599999997,1.5616088127541263,7.444571542857143,1.7346496814194086,5.672640578571429,2.2228739036904996,-3.067693600000001,1.441793021428568,8.748571
2023-12-27,24.52083333333333,28.5,22.3,91.45833333333331,8.3,1.3658333333333337,1008.3791666666666,287.5416666666667,24,89.27174464258673,100.83791666666666,6.901,Complete,6.5079393,12,2,361,1,-2.4492935982947064e-16,1.0,0.9749279121818236,-0.22252093395631434,-0.07304518821104743,0.9973286321364752,0.9999192232698294,0.012710111544008175,8.748571,5.4113374,8.479031,6.902489,4.287372,7.546313133333331,1.8538484267441349,7.463581542857143,1.7502793221566444,6.037157078571428,2.2824814012383947,3.3372336000000002,1.5091560547619025,6.5079393
2023-12-28,24.96666666666667,28.6,22.5,87.04166666666667,3.8,1.7204166666666667,1007.5208333333334,266.7916666666667,24,105.20801946705956,100.75208333333332,6.403,Complete,5.2181334,12,3,362,1,-2.4492935982947064e-16,1.0,0.43388373911755823,-0.900968867902419,-0.05587875690537313,0.9984375616565666,0.9649797874218866,-0.2623242456716697,6.5079393,8.748571,5.4113374,5.267438,2.7849226,6.889282566666664,1.7009847267145772,7.407217299999999,1.777500820111759,6.195769028571428,2.22803910130466,-2.2406317,0.6935135380952362,5.2181334
2023-12-29,25.09166666666667,29.6,22.3,87.5,3.1,1.356666666666667,1006.6958333333332,284.1666666666667,24,80.5908356956034,100.66958333333334,6.82,Complete,3.6449847,12,4,363,1,-2.4492935982947064e-16,1.0,-0.433883739117558,-0.9009688679024191,-0.03869579017652689,0.9992510374388481,0.986546025442985,0.16348375969083057,5.2181334,6.5079393,8.748571,9.983272,4.083528,6.82488123333333,1.7864312339696318,7.400173785714286,1.7874628473464897,6.3695698,2.0273715690920846,-1.2898059000000002,0.45531143333333013,3.6449847
2023-12-30,24.675,29.0,22.3,90.08333333333331,4.9,1.4433333333333334,1007.5666666666666,263.2916666666667,24,75.15038151412054,100.75666666666666,6.319,Complete,4.7061663,12,5,364,1,-2.4492935982947064e-16,1.0,-0.9749279121818236,-0.2225209339563146,-0.021501372740813793,0.999768818762748,0.966601808543773,0.25628293684891945,3.6449847,5.2181334,6.5079393,7.4529324,4.725216,5.123685799999998,1.4338122339673878,6.494704171428571,1.8645849722267362,6.338245278571429,2.068382886104956,-1.5731487,-1.2145594785714309,4.7061663
2023-12-31,25.10833333333333,28.8,22.9,91.75,11.0,1.2891666666666668,1008.2333333333332,297.2916666666667,24,73.10887152166262,100.82333333333332,7.135,Complete,4.687472,12,6,365,1,-2.4492935982947064e-16,1.0,-0.7818314824680299,0.6234898018587334,-0.004300592702981974,0.9999907524084426,0.956858584119737,0.2905540397178677,4.7061663,3.6449847,5.2181334,8.479031,3.7286937,4.523094799999998,0.8023936619029491,6.102309014285714,1.917590127216171,6.336884585714286,2.069531595905955,1.0611815999999994,-1.8137897857142882,4.687472
2024-01-01,24.891666666666666,28.8,22.3,88.375,9.6,1.450416666666667,1007.85,320.7083333333333,24,76.57166479357964,100.785,7.697,Complete,2.7853274,1,0,1,1,0.49999999999999994,0.8660254037844387,0.0,1.0,0.017201575418260506,0.9998520419557735,0.9726611500355301,0.23222895429200907,4.687472,4.7061663,3.6449847,5.4113374,4.049895,4.346207666666665,0.6073488338250345,5.560657728571428,1.6513713971719197,6.40536875,1.9909552093804406,-0.01869429999999994,-2.0591610833333354,2.7853274
2024-01-02,24.745833333333334,29.4,21.2,87.58333333333333,2.5,1.4625,1006.8041666666668,273.1666666666667,24,80.12619945828595,100.68041666666667,6.556,Complete,2.9567175,1,1,2,1,0.49999999999999994,0.8660254037844387,0.7818314824680298,0.6234898018587336,0.03439806061360801,0.9994082116062598,0.9851878406334514,0.17147862452211685,2.7853274,4.687472,4.7061663,8.748571,8.615501,4.059655233333331,1.1036398594283534,5.185513442857142,1.9603228549918483,6.315042492857144,2.1298781750178737,-1.9021445999999997,-2.255387259523813,2.9567175
2024-01-03,24.84166666666667,29.0,22.5,88.33333333333333,1.4,1.1520833333333331,1005.6333333333332,200.33333333333331,24,127.96121578718542,100.56333333333332,4.808,Complete,1.5780941,1,2,3,1,0.49999999999999994,0.8660254037844387,0.9749279121818236,-0.22252093395631434,0.051584366869408364,0.9986686402879997,0.7884273218083846,-0.6151279202133959,2.9567175,2.7853274,4.687472,6.5079393,6.902489,3.4765056333333306,1.052223026498075,4.3581058,1.325212091326959,5.910843671428572,2.195658606617412,0.1713901,-2.4343380380952415,1.5780941
2024-01-04,25.995833333333334,30.8,22.8,86.29166666666667,4.1,1.1375,1003.9583333333334,321.25,24,57.835272780849806,100.39583333333334,7.71,Complete,2.2254553,1,3,4,1,0.49999999999999994,0.8660254037844387,0.43388373911755823,-0.900968867902419,0.06875540848113941,0.9976335468520451,0.8465210583318614,0.5323552364734522,1.5780941,2.9567175,2.7853274,5.2181334,5.267438,2.440046333333331,0.7513753263220445,3.6538421999999997,1.3020428160148259,5.53052975,2.4563314454056835,-1.3786234,-3.0904834166666695,2.2254553
2024-01-05,26.0875,30.8,23.3,86.25,3.4000000000000004,1.4825,1003.4875,318.75,24,44.685547473249045,100.34875,7.65,Complete,4.011383,1,4,5,1,0.49999999999999994,0.8660254037844387,-0.433883739117558,-0.9009688679024191,0.08590610426133272,0.9963032375991965,0.7032153854065888,0.7109768784759901,2.2254553,1.5780941,2.9567175,3.6449847,9.983272,2.2534222999999973,0.6897370764091536,3.226316757142857,1.1892384899644586,5.313245271428571,2.6110660721729664,0.6473612000000002,-3.059822971428574,4.011383
2024-01-06,25.15833333333333,30.5,22.9,93.25,12.1,0.7000000000000001,1004.0916666666668,206.70833333333331,24,3.115901531319972,100.40916666666666,4.961,Complete,3.0503032,1,5,6,1,0.49999999999999994,0.8660254037844387,-0.9749279121818236,-0.2225209339563146,0.10303137904317879,0.9946781061893646,0.05435593885229415,0.9985216231566975,4.011383,2.2254553,1.5780941,4.7061663,7.4529324,2.6049774666666643,1.2602585147338412,3.2786593714285712,1.2184414245586748,4.886681771428571,2.2526559416187255,1.7859277000000002,-2.2817043047619068,3.0503032
2024-01-07,25.52083333333333,30.9,23.2,90.08333333333331,10.8,1.03875,1004.5083333333332,206.75,24,24.29015478196277,100.45083333333334,4.962,Complete,2.7344704,1,6,7,1,0.49999999999999994,0.8660254037844387,-0.7818314824680299,0.6234898018587334,0.1201261651823505,0.9927586335250793,0.4113577447655972,0.9114739742973256,3.0503032,4.011383,2.2254553,4.687472,8.479031,3.095713833333331,0.8938294197560687,3.0421075,1.0432537263500017,4.572208257142857,2.172734859029933,-0.9610798000000003,-1.476494423809526,2.7344704
2024-01-08,26.041666666666668,30.9,22.6,86.33333333333333,0.6,1.4408333333333332,1004.4791666666666,299.6666666666667,24,17.717970298160736,100.44791666666666,7.192,Complete,3.401432,1,0,8,1,0.49999999999999994,0.8660254037844387,0.0,1.0,0.13718540405660057,0.9905453876091833,0.3043318395428785,0.9525660772043311,2.7344704,3.0503032,4.011383,2.7853274,5.4113374,3.265385533333331,0.6650727438360624,2.7631072714285714,0.7497553356367622,4.1618825,1.9039831384432715,-0.3158327999999999,-0.8964969666666689,3.401432
2024-01-09,26.03333333333333,30.4,23.2,85.54166666666667,0.3,1.33375,1004.3416666666668,260.6666666666667,24,22.534468030670737,100.43416666666668,6.256,Complete,6.709769,1,1,9,1,0.49999999999999994,0.8660254037844387,0.7818314824680298,0.6234898018587336,0.1542040475626894,0.988039023376751,0.383239151108859,0.9236491504122987,3.401432,2.7344704,3.0503032,2.9567175,8.748571,3.0620685333333313,0.3336364207783958,2.851122214285714,0.7879865368693177,4.018317828571428,1.8781244592300148,0.6669615999999996,-0.9562492952380968,6.709769
2024-01-10,25.72083333333333,29.1,23.7,91.5,10.6,1.1770833333333333,1003.6208333333334,205.79166666666663,24,47.150510189340814,100.36208333333336,4.939,Complete,3.575522,1,2,10,1,0.49999999999999994,0.8660254037844387,0.9749279121818236,-0.22252093395631434,0.17117705961019986,0.985240282501282,0.7331427165471203,0.6800748173354965,6.709769,3.401432,2.7344704,1.5780941,6.5079393,4.281890466666664,2.1288858760943845,3.3872724285714284,1.662896167349384,3.872689114285714,1.5298887723543184,3.308337,0.4092013523809501,3.575522
2024-01-11,25.20833333333333,29.1,22.7,93.45833333333331,5.7,0.82125,1004.1166666666668,173.25,24,33.01921493889066,100.41166666666666,4.158,Complete,6.7080917,1,3,11,1,0.49999999999999994,0.8660254037844387,0.43388373911755823,-0.900968867902419,0.18809941761179758,0.9821499931752291,0.5449202642560109,0.8384878684889598,3.575522,6.709769,3.401432,2.2254553,5.2181334,4.5622409999999975,1.8618496757560519,3.6726192714285717,1.459662855581293,3.663230735714286,1.32887520119716,-3.134247,0.8990102642857116,6.7080917
2024-01-12,25.97083333333333,30.9,23.2,91.04166666666669,9.2,0.9720833333333332,1004.3583333333332,305.0,24,134.8994476112862,100.43583333333332,7.32,Complete,3.7370143,1,4,12,1,0.49999999999999994,0.8660254037844387,-0.433883739117558,-0.9009688679024191,0.20496611396949532,0.9787690698649216,0.7083466430006972,-0.7058647415402208,6.7080917,3.575522,6.709769,4.011383,3.6449847,5.664460899999997,1.809074348744047,4.3129959,1.684880195110585,3.769656328571428,1.51026506093509,3.1325697,1.894804571428569,3.7370143
2024-01-13,26.1,31.3,23.3,90.08333333333331,7.5,1.1579166666666667,1003.2375,311.6666666666667,24,50.569090910457845,100.32375,7.48,Complete,3.3807907,1,5,13,1,0.49999999999999994,0.8660254037844387,-0.9749279121818236,-0.2225209339563146,0.22177215755648186,0.975098513039961,0.7723910459340502,0.6351472838333673,3.7370143,6.7080917,3.575522,3.0503032,4.7061663,4.6735426666666635,1.7638203614648358,4.273800371428571,1.6962192304813024,3.776229871428572,1.5098809105406397,-2.9710774,0.8973127952380917,3.3807907
2024-01-14,25.375,28.9,23.1,93.33333333333331,26.8,1.45125,1002.5083333333332,288.25,24,60.66202491374517,100.25083333333332,6.918,Complete,5.2331333,1,6,14,1,0.49999999999999994,0.8660254037844387,-0.7818314824680299,0.6234898018587334,0.23851257519407648,0.9711394088771653,0.8717447229732332,0.48996034326088145,3.3807907,3.7370143,6.7080917,2.7344704,4.687472,4.6086322333333305,1.8268884345879939,4.321012871428571,1.660716505548383,3.681560185714286,1.4884876738541843,-0.35622359999999986,0.9270720476190446,5.2331333
2024-01-15,24.479166666666668,25.8,23.3,98.16666666666669,46.1,1.105,1001.3375,66.20833333333333,24,65.94859085321384,100.13375,1.589,Complete,4.9091253,1,0,15,1,0.49999999999999994,0.8660254037844387,0.0,1.0,0.2551824131233728,0.9668929289391521,0.9131801418923527,0.4075561660108488,5.2331333,3.3807907,3.7370143,3.401432,2.7853274,4.116979433333331,0.9828903315504474,4.677964714285714,1.5259325130632906,3.720535992857143,1.5235837100293028,1.8523426000000005,0.3964434404761876,4.9091253
2024-01-16,25.504166666666663,28.0,23.5,95.45833333333331,30.4,0.97875,999.4166666666666,230.75,24,70.7362050979764,99.94166666666666,5.538,Complete,3.0337048,1,1,16,1,0.49999999999999994,0.8660254037844387,0.7818314824680298,0.6234898018587336,0.2717767384711357,0.9623603298276545,0.94400961458019,0.32991794067640695,4.9091253,5.2331333,3.3807907,6.709769,2.9567175,4.507683099999998,0.9892725392424646,4.8933494714285715,1.4183315019781528,3.872235842857143,1.529025450940433,-0.3240080000000001,0.6354472571428547,3.0337048
2024-01-17,25.9,29.7,22.9,94.0,19.3,0.8816666666666667,998.1541666666668,276.125,24,273.93094520152545,99.81541666666666,6.627,Complete,3.1308076,1,2,17,1,0.49999999999999994,0.8660254037844387,0.9749279121818236,-0.22252093395631434,0.2882906407095177,0.9575429528116719,-0.9976473985605736,0.0685541256622829,3.0337048,4.9091253,5.2331333,3.575522,1.5780941,4.391987799999998,1.1874109764873568,4.368197442857143,1.3101139470436534,3.877734935714286,1.525614173891501,-1.8754205000000002,0.5142528642857123,3.1308076
2024-01-18,26.475,33.4,23.3,92.0,19.1,0.9491666666666668,997.5791666666668,254.41666666666663,24,303.22751361524865,99.75791666666667,6.106,Complete,5.456471,1,3,18,1,0.49999999999999994,0.8660254037844387,0.43388373911755823,-0.900968867902419,0.3047192331091634,0.9524422234305676,-0.8365012753936456,0.5479649772246438,3.1308076,3.0337048,4.9091253,6.7080917,2.2254553,3.6912125666666644,1.0558602217876376,4.3046668142857145,1.3646084667747675,3.9886430428571424,1.3965569159916889,0.0971027999999996,-0.297430476190478,5.456471
2024-01-19,25.879166666666663,31.7,23.6,93.58333333333331,26.9,1.1275,999.0041666666666,141.08333333333334,24,339.89966275112874,99.90041666666666,3.386,Complete,2.252378,1,4,19,1,0.49999999999999994,0.8660254037844387,-0.433883739117558,-0.9009688679024191,0.321057654185271,0.9470596510722283,-0.34366522218534695,0.9390922292620124,5.456471,3.1308076,3.0337048,3.7370143,4.011383,3.873661133333331,1.3716131174477941,4.125863857142858,1.0407806224286082,4.219429878571428,1.3489265778193704,2.3256634,-0.3457687452380971,2.252378
2024-01-20,25.34166666666667,29.0,23.3,97.25,57.0,0.9216666666666667,1000.2,118.125,24,316.18353876715537,100.02,2.835,Complete,2.9589486,1,5,20,1,0.49999999999999994,0.8660254037844387,-0.9749279121818236,-0.2225209339563146,0.3373010691361842,0.9413968285264122,-0.6923505089728215,0.7215613437020273,2.252378,5.456471,3.1308076,3.3807907,3.0503032,3.6132188666666636,1.655624794697556,3.9137729571428577,1.2611643597566042,4.093786664285714,1.4480714072830856,-3.2040929999999994,-0.48056779761905055,2.9589486
2024-01-21,24.34166666666667,25.9,23.6,98.58333333333331,36.4,1.0233333333333332,1001.2416666666668,28.166666666666668,24,314.28579460193123,100.12416666666668,0.676,Complete,6.5595317,1,6,21,1,0.49999999999999994,0.8660254037844387,-0.7818314824680299,0.6234898018587334,0.3534446712740877,0.9354554315134164,-0.7158658704829128,0.698237821574957,2.9589486,2.252378,5.456471,5.2331333,2.7344704,3.555932533333331,1.6834029079978807,3.8535098000000003,1.3003468244872285,4.0872613357142855,1.4533315567717857,0.7065705999999996,-0.5313288023809544,6.5595317
2024-01-22,25.370833333333334,29.6,22.8,94.04166666666669,26.7,1.0354166666666669,1001.1333333333332,255.41666666666663,24,313.1156544027981,100.11333333333332,6.13,Complete,4.06272,1,0,22,1,0.49999999999999994,0.8660254037844387,0.0,1.0,0.3694836834473831,0.9292372181882051,-0.7299755647141438,0.6834732437486246,6.5595317,2.9589486,2.252378,4.9091253,3.401432,3.9236194333333305,2.30994277231468,4.0429952857142855,1.5975643680395077,4.36048,1.536610737955225,3.6005831,-0.4368605666666694,4.06272
2024-01-23,25.0375,29.3,23.7,94.58333333333331,5.2,0.8904166666666667,1001.8208333333332,72.66666666666667,24,304.3868922756275,100.18208333333334,1.744,Complete,2.667388,1,1,23,1,0.49999999999999994,0.8660254037844387,0.7818314824680298,0.6234898018587336,0.38541335945432564,0.9227440286201427,-0.8252427258519115,0.5647782249950035,4.06272,6.5595317,2.9589486,3.0337048,6.709769,4.527066766666664,1.844657991278237,3.922080242857143,1.5524784587748655,4.4077148571428575,1.5148723070603025,-2.4968117000000003,0.11935190952380648,2.667388
2024-01-24,25.516666666666666,28.8,23.7,94.125,13.0,0.7766666666666667,1002.4125,102.375,24,294.73627879731646,100.24125,2.457,Complete,3.882093,1,2,24,1,0.49999999999999994,0.8660254037844387,0.9749279121818236,-0.22252093395631434,0.4012289854475009,0.9159777842484877,-0.9082434084854505,0.4184422432579329,2.667388,4.06272,6.5595317,3.1308076,3.575522,4.429879899999997,1.971877389567704,3.8697492714285713,1.5930582837517038,4.118973357142857,1.4249150184272008,-1.3953319999999998,0.3109065428571398,3.882093
2024-01-25,23.433333333333334,24.5,22.3,98.54166666666669,34.5,1.79375,1000.05,39.25,24,20.429650228893077,100.005,0.942,Complete,3.2995188,1,3,25,1,0.49999999999999994,0.8660254037844387,0.43388373911755823,-0.900968867902419,0.4169258813287287,0.908940487313808,0.34905703854295583,0.937101480013569,3.882093,2.667388,4.06272,5.456471,6.7080917,3.53740033333333,0.758846244898268,3.977075757142857,1.5599408602406746,4.140871285714286,1.4182610203173711,1.214705,-0.6034709523809556,3.2995188
2024-01-26,24.8125,28.4,22.1,91.25,6.0,2.3404166666666666,998.5541666666668,329.5833333333333,24,224.59911544370055,99.85541666666668,7.91,Complete,3.7159111,1,4,26,1,0.49999999999999994,0.8660254037844387,-0.433883739117558,-0.9009688679024191,0.4324994021339788,0.901634220265486,-0.7021420603544474,-0.7120368860397694,3.2995188,3.882093,2.667388,2.252378,3.7370143,3.2829999333333304,0.6075209576410263,3.668939728571428,1.4263199375519047,3.8974017928571425,1.2227461531995023,-0.5825741999999998,-0.6144018595238121,3.7159111
2024-01-27,24.55,28.5,21.7,83.08333333333333,1.0,1.8791666666666669,1000.5041666666666,272.0416666666667,24,231.05895578805087,100.05041666666666,6.529,Complete,6.1232796,1,5,27,1,0.49999999999999994,0.8660254037844387,-0.9749279121818236,-0.2225209339563146,0.44794493940789115,0.8940611451454876,-0.7777931033758299,-0.6285203961217135,3.7159111,3.2995188,3.882093,2.9589486,3.3807907,3.6325076333333306,0.30010877747126474,3.878015885714286,1.2842572878275897,3.8958944214285713,1.2229720712108358,0.41639230000000005,-0.26338678809524074,6.1232796
2024-01-28,24.7375,29.5,20.9,80.625,0.7000000000000001,0.96375,1001.7875,242.5,24,209.00279760886724,100.17875,5.82,Complete,12.795418,1,6,28,1,0.49999999999999994,0.8660254037844387,-0.7818314824680299,0.6234898018587334,0.4632579225674917,0.88622350294858,-0.48485232514982946,-0.8745960340618999,6.1232796,3.7159111,3.2995188,6.5595317,5.2331333,4.37956983333333,1.5243813334107952,4.330063171428571,1.4526985188145527,4.091786485714286,1.3474268927932143,2.4073685,0.2877833476190448,12.795418
2024-01-29,24.354166666666668,29.4,21.0,86.54166666666667,0.3,1.2691666666666668,1001.6125,185.5,24,211.1140349100417,100.16125,4.452,Complete,11.7969,1,0,29,1,0.49999999999999994,0.8660254037844387,0.0,1.0,0.4784338202547012,0.8781236129591848,-0.5167430606057697,-0.8561405312889828,12.795418,6.1232796,3.7159111,4.06272,4.9091253,7.544869566666665,4.703727236116319,5.2209040714285715,3.507100364720441,4.631949678571429,2.688550240523285,6.6721384,2.912919888095236,11.7969
2024-01-30,24.829166666666666,29.1,22.2,90.95833333333331,0.8,0.8416666666666667,1000.4083333333332,132.0,24,196.1762836164043,100.04083333333332,3.168,Complete,9.460848,1,1,30,1,0.49999999999999994,0.8660254037844387,0.7818314824680298,0.6234898018587336,0.49346814167723735,0.8697638720650646,-0.27859358876359575,-0.960409085910697,11.7969,12.795418,6.1232796,2.667388,3.0337048,10.238532533333332,3.598713600449841,6.325786928571428,4.226020330889603,5.123933585714285,3.3031330537563535,-0.9985179999999989,5.114598947619047,9.460848
2024-01-31,25.09166666666667,30.3,23.1,94.33333333333331,18.1,0.8920833333333333,1000.7166666666668,133.70833333333334,24,223.5080725629001,100.07166666666669,3.209,Complete,6.248563,1,2,31,1,0.49999999999999994,0.8660254037844387,0.9749279121818236,-0.22252093395631434,0.5083564379375122,0.8611467540480452,-0.6884567688886274,-0.7252773796082649,9.460848,11.7969,12.795418,3.882093,3.1308076,11.35105533333333,1.7114094692158257,7.296281214285714,4.020928543536085,5.583015242857144,3.4343080181949017,-2.3360520000000005,5.768040090476186,6.248563
2024-02-01,25.90833333333333,30.8,23.3,94.5,20.4,1.21,999.8791666666666,237.16666666666663,24,250.8659622927324,99.98791666666666,5.692,Complete,2.5968633,2,3,32,1,0.8660254037844386,0.5000000000000001,0.43388373911755823,-0.900968867902419,0.5230943033491326,0.8522748088519838,-0.9447543550662254,-0.3277792070638411,6.248563,9.460848,11.7969,3.2995188,5.456471,9.168770333333331,2.7856763790714254,7.634348357142857,3.778187498782999,5.805712057142856,3.3634168481555977,-3.2122850000000005,3.3630582761904746,2.5968633
2024-02-02,26.3625,30.3,23.6,85.20833333333333,10.2,1.6091666666666666,1000.1083333333332,315.2916666666667,24,205.976137840622,100.01083333333332,7.567,Complete,15.831332,2,4,33,1,0.8660254037844386,0.5000000000000001,-0.433883739117558,-0.9009688679024191,0.5376773767406141,0.8431506618282,-0.4379967851066192,-0.8989765382012291,2.5968633,6.248563,9.460848,3.7159111,2.252378,6.102091433333331,3.4343357334919746,7.533969,3.919251224401504,5.601454364285715,3.4713563275522836,-3.6516997,0.5006370690476158,15.831332
2024-02-03,25.46666666666667,29.0,23.3,92.16666666666669,10.7,0.7795833333333334,1001.4291666666668,246.5,24,219.66609817107047,100.14291666666666,5.916,Complete,4.3625407,2,5,34,1,0.8660254037844386,0.5000000000000001,-0.9749279121818236,-0.2225209339563146,0.5521013427459208,0.8337770129585915,-0.6383124531322765,-0.7697773783219765,15.831332,2.5968633,6.248563,6.1232796,2.9589486,8.225586099999996,6.8351485496856785,9.264743414285714,4.572796137190578,6.571379649999999,4.269008215720906,13.2344687,1.6542064499999967,4.3625407
2024-02-04,25.65833333333333,30.5,22.0,84.83333333333333,0.1,1.1391666666666669,1001.7541666666666,276.8333333333333,24,129.4211782092728,100.17541666666666,6.644,Complete,5.4121256,2,6,35,1,0.8660254037844386,0.5000000000000001,-0.7818314824680299,0.6234898018587334,0.5663619330814524,0.8241566360566663,0.7724989056044845,-0.6350160949455326,4.3625407,15.831332,2.5968633,12.795418,6.5595317,7.596911999999996,7.1856564573125645,9.013209285714286,4.816338472748442,6.671636228571429,4.193458247638915,-11.4687913,0.9252757714285673,5.4121256
2024-02-05,25.883333333333336,30.2,23.0,86.04166666666667,9.9,1.6266666666666667,1001.2375,325.2083333333333,24,196.97030965545983,100.12375,7.805,Complete,4.460297,2,0,36,1,0.8660254037844386,0.5000000000000001,0.0,1.0,0.580454927809098,0.8142923779467267,-0.2918761138470493,-0.9564561329018411,5.4121256,4.3625407,15.831332,11.7969,4.06272,8.535332766666665,6.340276865025499,7.958453228571429,4.655781822583662,6.589678650000001,4.207008419507995,1.0495849000000002,1.945654116666664,4.460297
2024-02-06,25.2375,27.5,23.2,95.83333333333331,35.8,1.2162499999999998,998.8541666666666,281.6666666666667,24,122.23890559510023,99.88541666666666,6.76,Complete,4.6119766,2,1,37,1,0.8660254037844386,0.5000000000000001,0.7818314824680298,0.6234898018587336,0.5943761565849831,0.804187157621448,0.8458311317050708,-0.5334507443415175,4.460297,5.4121256,4.3625407,9.460848,2.667388,4.7449877666666636,0.5798221624307582,6.910367085714285,4.469747526789798,6.618077007142857,4.1899459662612335,-0.9518286000000007,-1.8730892404761939,4.6119766
2024-02-07,24.45833333333333,26.5,22.8,93.95833333333331,9.6,0.8945833333333333,997.9791666666666,150.95833333333334,24,99.07518811125168,99.79791666666668,3.623,Complete,5.565532,2,2,38,1,0.8660254037844386,0.5000000000000001,0.9749279121818236,-0.22252093395631434,0.6081214998935418,0.7938439653781019,0.9874822043800958,-0.15773045372605368,4.6119766,4.460297,5.4121256,6.248563,3.882093,4.8281330666666635,0.5114070145254118,6.217671171428571,4.383505261060499,6.7569761928571435,4.079685197524853,0.15167960000000047,-1.92884312619048,5.565532
2024-02-08,24.52083333333333,27.7,21.3,92.45833333333331,11.4,0.8395833333333332,997.5625,250.04166666666663,24,210.78008864815132,99.75625,6.001,Complete,2.6097062,2,3,39,1,0.8660254037844386,0.5000000000000001,0.43388373911755823,-0.900968867902419,0.6216868902665479,0.7832658619336791,-0.5117443293747637,-0.8591377895033913,5.565532,4.6119766,4.460297,2.5968633,3.2995188,4.879268533333331,0.5991409137465052,6.120095314285714,4.3902998018554,6.877221835714286,4.01269108559234,0.9535553999999999,-1.9979533023809548,2.6097062
2024-02-09,25.4375,29.1,23.2,89.25,8.0,1.7133333333333332,998.9958333333334,315.4583333333333,24,232.29141971991749,99.89958333333334,7.571,Complete,4.800725,2,4,40,1,0.8660254037844386,0.5000000000000001,-0.433883739117558,-0.9009688679024191,0.6350683134867438,0.7724559775191742,-0.7911319453908445,-0.6116455223265334,2.6097062,5.565532,4.6119766,15.831332,3.7159111,4.262404933333331,1.508600942127641,6.121930014285715,4.388584404364134,6.827949507142857,4.063909719860778,-2.9558258,-2.565544573809526,4.800725
2024-02-10,25.1625,30.8,22.7,90.95833333333331,44.9,0.9729166666666668,998.425,146.45833333333334,24,247.3112336156682,99.8425,3.515,Complete,5.504546,2,5,41,1,0.8660254037844386,0.5000000000000001,-0.9749279121818236,-0.2225209339563146,0.6482618097757122,0.7614175109532997,-0.9226137338444745,-0.3857251587873897,4.800725,2.6097062,5.565532,4.3625407,6.1232796,4.325321066666664,1.53418812890008,4.546129014285715,0.9703171881522934,6.905436214285714,4.00999238674877,2.1910187999999997,-2.5801151476190505,5.504546
2024-02-11,27.2375,33.3,23.3,88.0,7.3,1.2908333333333333,996.3,306.625,24,350.0223645073813,99.63,7.359,Complete,6.1907597,2,6,42,1,0.8660254037844386,0.5000000000000001,-0.7818314824680299,0.6234898018587334,0.6612634749656386,0.7501537286959042,-0.17326376021364123,0.9848754588254445,5.504546,4.800725,2.6097062,5.4121256,12.795418,4.304992399999997,1.5097474871457792,4.709272628571428,1.0285621234625388,6.861240957142857,4.022665453649779,0.7038210000000005,-2.55624855714286,6.1907597
2024-02-12,27.741666666666664,34.2,24.1,84.66666666666667,0.0,1.3295833333333331,995.3333333333334,231.66666666666663,24,340.20032229594017,99.53333333333332,5.56,Complete,5.8604712,2,0,43,1,0.8660254037844386,0.5000000000000001,0.0,1.0,0.6740694616546161,0.7386679638813748,-0.33873262766769385,0.9408826743825924,6.1907597,5.504546,4.800725,4.460297,11.7969,5.498676899999997,0.6950359354393896,4.820506071428572,1.151942688289777,6.38947965,3.642517634012572,0.6862136999999997,-0.8908027500000033,5.8604712
2024-02-13,27.808333333333334,34.3,24.7,88.08333333333333,15.1,0.8520833333333333,996.15,314.4583333333333,24,315.74653217350385,99.615,7.547,Complete,3.7900066,2,1,44,1,0.8660254037844386,0.5000000000000001,0.7818314824680298,0.6234898018587336,0.6866759803451553,0.726963615332308,-0.6978338127316933,0.7162597083518993,5.8604712,6.1907597,5.504546,4.6119766,9.460848,5.85192563333333,0.3431866555522793,5.020530957142858,1.1995512321833632,5.965449021428571,3.293415093862375,-0.3302885,-0.1135233880952411,3.7900066
2024-02-14,27.554166666666664,32.7,24.4,88.5,8.0,1.29625,997.25,324.1666666666667,24,19.113658992281074,99.725,7.78,Complete,4.427772,2,2,45,1,0.8660254037844386,0.5000000000000001,0.9749279121818236,-0.22252093395631434,0.6990793005655562,0.7150441465537444,0.32744316019619013,0.944870878395949,3.7900066,5.8604712,6.1907597,5.565532,6.248563,5.280412499999997,1.3012512952439796,4.903106671428572,1.2835038788701678,5.56038892142857,3.177121131213352,-2.0704646,-0.2799764214285734,4.427772
2024-02-15,26.05,28.9,24.5,94.83333333333331,49.6,2.00625,998.6958333333332,225.58333333333331,24,99.27295972732963,99.86958333333334,5.414,Complete,6.2235584,2,3,46,1,0.8660254037844386,0.5000000000000001,0.43388373911755823,-0.900968867902419,0.7112757519738152,0.7029130847082615,0.986931874099657,-0.16113806467169323,4.427772,3.7900066,5.8604712,2.6097062,2.5968633,4.692749933333331,1.060361209130373,4.740569528571428,1.2574114095182864,5.430332421428572,3.1840433256477825,0.6377654000000001,-0.7375824880952413,6.2235584
2024-02-16,25.370833333333334,27.0,24.4,95.95833333333331,75.9,2.48,1000.8333333333334,79.79166666666667,24,99.92994766471983,100.08333333333334,1.915,Complete,10.070721,2,4,47,1,0.8660254037844386,0.5000000000000001,-0.433883739117558,-0.9009688679024191,0.7232617254437388,0.6905740195722294,0.9850193267705364,-0.17244397898598615,6.2235584,4.427772,3.7900066,4.800725,15.831332,4.813778999999998,1.2618615787230785,5.256834128571429,0.9380364442066368,5.689382071428571,3.081668888387342,1.7957864,-0.8756030714285732,10.070721
2024-02-17,24.375,25.6,23.6,94.0,22.4,2.2120833333333336,1001.9666666666668,109.16666666666669,24,98.9634240825266,100.19666666666669,2.62,Complete,8.64403,2,5,48,1,0.8660254037844386,0.5000000000000001,-0.9749279121818236,-0.2225209339563146,0.7350336741329412,0.6780306024735382,0.9877880024373936,-0.1558039224177096,10.070721,6.2235584,4.427772,5.504546,4.3625407,6.907350466666664,2.8829493660100085,6.0096907,2.0115248932796783,5.277909857142857,1.6966830055925393,3.8471626000000008,1.6294406095238063,8.64403
2024-02-18,25.375,29.9,22.9,87.75,10.7,1.2191666666666667,1001.5708333333332,223.58333333333331,24,70.06303408092357,100.15708333333332,5.366,Complete,6.477684,2,6,49,1,0.8660254037844386,0.5000000000000001,-0.7818314824680299,0.6234898018587334,0.746588114532413,0.6652865452111116,0.9400683262699182,0.3409861316007949,8.64403,10.070721,6.2235584,6.1907597,5.4121256,8.312769799999998,1.944856037805332,6.458188414285714,2.219381120915348,5.5837305214285715,1.8934508199724607,-1.426691,2.7290392785714266,6.477684
2024-02-19,24.375,25.3,23.5,98.5,54.5,1.5304166666666663,1001.85,21.58333333333333,24,52.03511539042159,100.185,0.518,Complete,4.4363303,2,0,50,1,0.8660254037844386,0.5000000000000001,0.0,1.0,0.7579216274973472,0.6523456189565257,0.7883879316872127,0.6151784043429669,6.477684,8.64403,10.070721,5.8604712,4.460297,8.39747833333333,1.809162655510685,6.499177600000001,2.2162662492907597,5.659841835714286,1.9073870895512104,-2.1663460000000008,2.737636497619044,4.4363303
2024-02-20,26.6,32.8,23.8,92.04166666666669,9.6,1.2954166666666669,1000.6125,233.58333333333331,24,2.5792282118512317,100.06125,5.606,Complete,4.225697,2,1,51,1,0.8660254037844386,0.5000000000000001,0.7818314824680298,0.6234898018587336,0.7690308592589181,0.6392116531380588,0.0450008222669886,0.9989869498623568,4.4363303,6.477684,8.64403,3.7900066,4.6119766,6.5193480999999975,2.104159241660828,6.2957289,2.3462264038758947,5.658129928571428,1.9085569107090485,-2.0413537,0.8612181714285692,4.225697
2024-02-21,26.491666666666664,32.5,23.8,91.04166666666669,14.3,1.1620833333333334,1001.6916666666666,287.75,24,261.5499584754102,100.16916666666664,6.906,Complete,7.727831,2,2,52,1,0.8660254037844386,0.5000000000000001,0.9749279121818236,-0.22252093395631434,0.7799125224167177,0.6258885343075018,-0.9891443683025027,-0.1469469926723332,4.225697,4.4363303,6.477684,4.427772,5.565532,5.04657043333333,1.2438473086718578,6.357970385714286,2.273321352630674,5.630538528571429,1.9275419295333243,-0.21063329999999958,-0.5839680952380988,7.727831
2024-02-22,25.22083333333333,26.8,23.7,97.08333333333331,7.5,0.7391666666666666,1002.5833333333334,72.04166666666667,24,67.3481620183278,100.25833333333334,1.729,Complete,5.1777,2,3,53,1,0.8660254037844386,0.5000000000000001,0.43388373911755823,-0.900968867902419,0.7905633969115482,0.612380204990065,0.9228621506296012,0.38513043366541055,7.727831,4.225697,4.4363303,6.2235584,2.6097062,5.463286099999998,1.9639792004637453,6.829407385714286,2.1448784819321576,5.784988457142857,2.006927914601198,3.502134,-0.32170235714285944,5.1777
2024-02-23,25.625,28.4,24.2,95.66666666666669,12.8,0.7558333333333334,1003.375,223.125,24,59.589678219796426,100.3375,5.355,Complete,5.348181,2,4,54,1,0.8660254037844386,0.5000000000000001,-0.433883739117558,-0.9009688679024191,0.8009803309782905,0.5986906625177214,0.8624224937103998,0.5061891369264411,5.1777,7.727831,4.225697,10.070721,4.800725,5.710409333333331,1.8108202737583674,6.679999042857143,2.2288953369198548,5.9684165857142855,1.801200776149225,-2.5501310000000004,-0.25800725238095445,5.348181
2024-02-24,25.575,28.5,23.7,94.91666666666669,14.7,0.8104166666666667,1003.2208333333332,286.0,24,66.48058152659682,100.32208333333332,6.864,Complete,3.2374814,2,5,55,1,0.8660254037844386,0.5000000000000001,-0.9749279121818236,-0.2225209339563146,0.8111602420785621,0.5848239578463322,0.9169248791612887,0.39905985262245575,5.348181,5.1777,7.727831,8.64403,5.504546,6.084570666666664,1.425655756194443,6.005350471428572,1.6782200680966148,6.007520585714285,1.7797146679480313,0.17048100000000055,0.07705008095237975,3.2374814
2024-02-25,24.620833333333334,26.8,23.0,96.75,25.4,0.8820833333333332,1002.4916666666668,134.29166666666666,24,351.10104476619114,100.24916666666668,3.223,Complete,3.163919,2,6,56,1,0.8660254037844386,0.5000000000000001,-0.7818314824680299,0.6234898018587334,0.8211001178128892,0.5707841943569036,-0.15469237121095109,0.9879626866886894,3.2374814,5.348181,5.1777,6.477684,6.1907597,4.587787466666664,1.1725019394857272,5.232986385714286,1.4956147653241265,5.8455874,1.9261163906568757,-2.1106996000000002,-1.2577999333333363,3.163919
2024-02-26,25.554166666666664,30.7,22.2,90.75,2.1,1.5216666666666665,1002.5,260.9583333333333,24,2.1525223535871847,100.25,6.263,Complete,3.2060611,2,0,57,1,0.8660254037844386,0.5000000000000001,0.0,1.0,0.8307970168121247,0.5565755266413303,0.037559765529723683,0.9992943830590424,3.163919,3.2374814,5.348181,4.4363303,5.8604712,3.9165271333333305,1.2403940713053891,4.759591385714286,1.5590717896115953,5.6293844928571435,2.050268393063076,-0.07356240000000014,-1.712857359523813,3.2060611
2024-02-27,27.02916666666667,33.8,23.0,84.66666666666667,2.0,1.4066666666666665,1004.45,295.2083333333333,24,336.03138794270524,100.445,7.085,Complete,1.0536994,2,1,58,1,0.8660254037844386,0.5000000000000001,0.7818314824680298,0.6234898018587336,0.8402480696078469,0.5422021592729844,-0.4062361209043952,0.9137681402153117,3.2060611,3.163919,3.2374814,4.225697,3.7900066,3.2024871666666637,0.03691119644379767,4.583838642857144,1.6671814790097024,5.439783771428572,2.147675369698739,0.04214209999999996,-2.2372966047619083,1.0536994
2024-02-28,26.5375,32.5,22.8,86.16666666666667,1.9,1.2229166666666669,1005.8875,289.7083333333333,24,353.7571049322341,100.58875,6.953,Complete,2.3611479,2,2,59,1,0.8660254037844386,0.5000000000000001,0.9749279121818236,-0.22252093395631434,0.8494504794814806,0.527668345562516,-0.10874360659520879,0.994069830557525,1.0536994,3.2060611,3.163919,7.727831,4.427772,2.47455983333333,1.2306816271510175,4.1306961285714285,2.1437200988607463,5.244333257142857,2.416987670083718,-2.1523617,-2.7697734238095273,2.3611479
2024-02-29,25.625,32.4,23.0,91.375,10.8,1.02875,1005.2666666666668,261.3333333333333,24,309.6887599695199,100.52666666666669,6.272,Complete,4.269886,2,3,60,1,0.8660254037844386,0.5000000000000001,0.43388373911755823,-0.900968867902419,0.8584015232918917,0.512978386299228,-0.7695248508624549,0.6386168678520139,2.3611479,1.0536994,3.2060611,5.1777,6.2235584,2.206969466666664,1.0844323233311441,3.3640271142857143,1.5083471738567102,5.096717249999999,2.5311095299590893,1.3074485000000002,-2.8897477833333354,4.269886
2024-03-01,26.1875,31.0,22.8,87.41666666666667,2.6,1.1916666666666669,1005.2541666666666,301.5416666666667,24,5.929048752605029,100.52541666666666,7.237,Complete,1.5838282,3,4,61,1,1.0,6.123233995736766e-17,-0.433883739117558,-0.9009688679024191,0.8670985522812081,0.4981366284784055,0.10329683427849891,0.9946505738338667,4.269886,2.3611479,1.0536994,5.348181,10.070721,2.5615777666666637,1.6174341285176779,3.2343394,1.3579461110493862,4.957169221428571,2.5180265271895763,1.9087380999999994,-2.3955914547619073,1.5838282
2024-03-02,26.5875,31.6,23.4,87.5,5.4,1.2625,1006.8875,314.5,24,50.268314067933474,100.68875,7.548,Complete,3.1112642,3,5,62,1,1.0,6.123233995736766e-17,-0.9749279121818236,-0.2225209339563146,0.8755389928586302,0.4831474640149687,0.769046183578077,0.6391932161123073,1.5838282,4.269886,2.3611479,3.2374814,8.64403,2.7382873666666634,1.3821730207261567,2.696574714285714,1.1026959957387814,4.350962592857143,2.192858266046353,-2.6860577999999995,-1.6126752261904795,3.1112642
2024-03-03,26.4875,31.2,23.6,89.20833333333333,6.300000000000001,1.3245833333333332,1007.9541666666668,298.5416666666667,24,47.26737266634074,100.79541666666668,7.165,Complete,3.2435422,3,6,63,1,1.0,6.123233995736766e-17,-0.7818314824680299,0.6234898018587334,0.8837203473619977,0.4680153284438345,0.7345282950055104,0.6785780602379493,3.1112642,1.5838282,4.269886,3.163919,6.477684,2.9883261333333304,1.3472423510311244,2.6785436857142857,1.0933695818494782,3.9557650357142857,1.8278201537762508,1.527436,-0.9674389023809553,3.2435422
2024-03-04,26.820833333333336,31.5,24.1,86.5,2.6,1.5641666666666667,1007.7458333333334,310.8333333333333,24,68.6488107943753,100.77458333333334,7.46,Complete,5.8197074,3,0,64,1,1.0,6.123233995736766e-17,0.0,1.0,0.8916401947968874,0.45274469960737107,0.9313663198113765,0.36408347713266626,3.2435422,3.1112642,1.5838282,3.2060611,4.4363303,2.6462115333333305,0.9224251338342717,2.6899184285714286,1.099656816699636,3.7247549071428567,1.6832228994816183,0.1322779999999999,-1.0785433738095263,5.8197074
2024-03-05,26.054166666666664,30.1,23.5,89.04166666666667,5.4,1.4220833333333334,1006.1416666666668,278.75,24,72.45034473881557,100.61416666666668,6.69,Complete,4.1607857,3,1,65,1,1.0,6.123233995736766e-17,0.7818314824680298,0.6234898018587336,0.8992961915530253,0.4373400963303323,0.9534559866035995,0.3015322231698574,5.8197074,3.2435422,3.1112642,1.0536994,4.225697,4.0581712666666645,1.5269680838511746,3.0632964714285715,1.6232050751150522,3.8235675571428565,1.766741949983712,2.5761652000000006,0.23460370952380805,4.1607857
2024-03-06,25.53333333333333,28.8,22.6,90.20833333333331,15.9,1.0766666666666669,1005.0916666666668,303.3333333333333,24,77.38656121099194,100.50916666666669,7.28,Complete,4.5317955,3,2,66,1,1.0,6.123233995736766e-17,0.9749279121818236,-0.22252093395631434,0.9066860720977985,0.4218060770826634,0.9758655693539183,0.21837213775926828,4.1607857,5.8197074,3.2435422,2.3611479,7.727831,4.408011766666664,1.3057554634970114,3.507165942857143,1.3901816283581838,3.818931035714286,1.7656903107729078,-1.6589217000000005,0.5890807309523778,4.5317955
2024-03-07,25.079166666666666,27.5,23.2,96.04166666666669,24.2,1.0833333333333333,1004.3458333333332,271.7916666666667,24,50.63390849142719,100.43458333333334,6.523,Complete,5.1197624,3,3,67,1,1.0,6.123233995736766e-17,0.43388373911755823,-0.900968867902419,0.9138076496466615,0.40614723863057883,0.7731090810767618,0.6342730868928974,4.5317955,4.1607857,5.8197074,4.269886,5.1777,4.837429533333331,0.8706689516867918,3.8172584571428567,1.3328563664709019,3.590642785714286,1.3875453982499741,0.3710098000000004,1.2467867476190446,5.1197624
2024-03-08,25.066666666666663,29.6,23.2,91.79166666666669,11.6,1.07875,1003.5458333333332,150.54166666666666,24,12.5625806773097,100.35458333333332,3.613,Complete,5.731056,3,4,68,1,1.0,6.123233995736766e-17,-0.433883739117558,-0.9009688679024191,0.9206588168102428,0.3903682146763026,0.21750583306625718,0.9760590210546458,5.1197624,4.5317955,4.1607857,1.5838282,5.348181,4.60411453333333,0.483561381545678,3.938669371428571,1.4170095929870388,3.586504385714286,1.3825251546765365,0.5879668999999996,1.0176101476190444,5.731056
2024-03-09,24.445833333333336,27.1,23.1,97.5,28.5,1.1175,1003.4833333333332,186.58333333333331,24,27.267065810445285,100.34833333333331,4.478,Complete,7.562555,3,5,69,1,1.0,6.123233995736766e-17,-0.9749279121818236,-0.2225209339563146,0.9272375462179537,0.374473674486883,0.4581386926312436,0.8888807222086296,5.731056,5.1197624,4.5317955,3.1112642,3.2374814,5.127537966666664,0.5996680592567621,4.531130485714286,1.0998332297630151,3.6138526,1.4232414690131603,0.6112935999999998,1.5136853666666643,7.562555
2024-03-10,23.9375,26.6,22.6,97.25,8.1,0.8741666666666666,1002.7333333333332,68.29166666666667,24,351.90887453209245,100.27333333333333,1.639,Complete,3.8847644,3,6,70,1,1.0,6.123233995736766e-17,-0.7818314824680299,0.6234898018587334,0.9335418911179212,0.35846832151248087,-0.14074788567714508,0.9900454700049959,7.562555,5.731056,5.1197624,3.2435422,3.163919,6.13779113333333,1.2711742693940409,5.167029171428571,1.3904881125464494,3.9227864285714285,1.7638996449305329,1.831499,2.2150047047619017,3.8847644
2024-03-11,23.191666666666663,24.7,22.2,98.91666666666669,1.6,0.8258333333333333,1002.0333333333332,20.291666666666668,24,347.8310746546356,100.20333333333332,0.487,Complete,5.5901947,3,0,71,1,1.0,6.123233995736766e-17,0.0,1.0,0.9395699859530622,0.342356891994542,-0.21079465896707691,0.9775303635953994,3.8847644,7.562555,5.731056,5.8197074,3.2060611,5.726125133333331,1.8389002581561225,5.258632342857142,1.257405130581683,3.974275385714286,1.7505141171979612,-3.6777906,1.7518497476190449,5.5901947
2024-03-12,23.570833333333336,27.3,22.2,97.375,12.9,0.7270833333333333,1001.7875,55.16666666666666,24,356.9055618157616,100.17875,1.324,Complete,5.6135364,3,1,72,1,1.0,6.123233995736766e-17,0.7818314824680298,0.6234898018587336,0.945320046913132,0.3261441535642696,-0.05398188278104111,0.9985419151600067,5.5901947,3.8847644,7.562555,4.1607857,1.0536994,5.679171366666664,1.8405090490868066,5.225844814285714,1.2432490496810056,4.1445706428571425,1.7856464282126743,1.7054302999999997,1.5346007238095218,5.6135364
2024-03-13,24.2625,28.0,22.2,97.5,16.5,0.7379166666666667,1001.4083333333332,79.41666666666667,24,313.8428983043895,100.14083333333332,1.906,Complete,3.8610892,3,2,73,1,1.0,6.123233995736766e-17,0.9749279121818236,-0.22252093395631434,0.9507903724625832,0.3098349038318025,-0.7212418067238267,0.6926833737240632,5.6135364,5.5901947,3.8847644,4.5317955,2.3611479,5.029498499999998,0.9914375061075691,5.433380628571428,1.153867788962287,4.470273285714286,1.5828444590355042,0.023341700000000465,0.5592252142857124,3.8610892
2024-03-14,25.929166666666664,31.8,23.1,91.625,5.9,1.13875,1000.4541666666668,185.875,24,340.0677989493926,100.04541666666668,4.461,Complete,5.5526857,3,3,74,1,1.0,6.123233995736766e-17,0.43388373911755823,-0.900968867902419,0.9559793438440766,0.2934339689665273,-0.34090795185494055,0.9400966803271191,3.8610892,5.6135364,5.5901947,5.1197624,4.269886,5.021606766666664,1.0051054549877485,5.337565442857143,1.263820002349496,4.57741195,1.476277783161378,-1.7524472000000002,0.4441948166666636,5.5526857
2024-03-15,26.03333333333333,30.8,24.0,93.66666666666669,5.3,1.12125,999.6916666666666,159.08333333333334,24,348.2843384485886,99.96916666666668,3.818,Complete,3.774275,3,4,75,1,1.0,6.123233995736766e-17,-0.433883739117558,-0.9009688679024191,0.9608854255574977,0.27694620226893646,-0.20305495406127608,0.9791673430171031,5.5526857,3.8610892,5.6135364,5.731056,1.5838282,5.009103766666664,0.9946752162800319,5.399411628571428,1.261976617240828,4.6690405,1.4954082234213504,1.6915964999999997,0.34006326666666364,3.774275
2024-03-16,24.7875,27.6,23.8,97.25,98.4,1.336666666666667,998.0375,60.208333333333336,24,345.55985009842937,99.80375,1.445,Complete,3.8038833,3,5,76,1,1.0,6.123233995736766e-17,-0.9749279121818236,-0.2225209339563146,0.9655071658143364,0.2603764827344581,-0.24936855874049121,0.9684086543973521,3.774275,5.5526857,3.8610892,7.562555,3.1112642,4.39601663333333,1.0026448392466785,5.1198714857142855,1.3868184288098495,4.825500985714286,1.2406743453104687,-1.7784106999999998,-0.42948435238095595,3.8038833
2024-03-17,24.48333333333333,26.6,23.5,97.875,36.0,0.9708333333333332,998.3791666666666,70.375,24,238.68825716387212,99.83791666666666,1.689,Complete,4.3565507,3,6,77,1,1.0,6.123233995736766e-17,-0.7818314824680299,0.6234898018587334,0.969843196967294,0.24372971360968387,-0.854352336146311,-0.5196942232903314,3.8038833,3.774275,5.5526857,3.8847644,3.2435422,4.376947999999997,1.0183263314174507,4.582918385714286,0.9386589600505237,4.874973778571428,1.1793536672345726,0.029608300000000032,-0.4980257785714315,4.3565507
2024-03-18,25.016666666666666,27.6,23.2,96.0,12.1,1.1441666666666668,1001.4375,195.16666666666663,24,196.7902928800197,100.14375,4.684,Complete,3.076984,3,0,78,1,1.0,6.123233995736766e-17,0.0,1.0,0.9738922359149924,0.22701082094141847,-0.2888696025747254,-0.957368451907791,4.3565507,3.8038833,3.774275,5.5901947,5.8197074,3.97823633333333,0.3279641487677239,4.650316428571429,0.8961500737226693,4.954474385714286,1.0954480847434613,0.5526673999999998,-0.9762380523809555,3.076984
2024-03-19,24.641666666666666,30.6,22.5,92.25,18.5,0.7533333333333333,1003.3083333333334,133.125,24,24.26581383668445,100.33083333333336,3.195,Complete,5.0228977,3,1,79,1,1.0,6.123233995736766e-17,0.7818314824680298,0.6234898018587336,0.9776530844816641,0.2102247521189836,0.41097048649758905,0.9116486490024186,3.076984,4.3565507,3.8038833,5.6135364,4.1607857,3.745805999999997,0.6417573252551099,4.291286328571428,0.9581401432417294,4.758565571428571,1.1714259185026608,-1.2795666999999997,-1.0127595714285742,5.0228977
2024-03-20,23.4625,24.5,23.0,99.66666666666669,66.89999999999999,1.1870833333333333,1003.3666666666668,9.25,24,30.75122498476433,100.33666666666667,0.222,Complete,3.9490545,3,2,80,1,1.0,6.123233995736766e-17,0.9749279121818236,-0.22252093395631434,0.981124629771712,0.19337647441020586,0.5113114600842459,0.8593954798499447,5.0228977,3.076984,4.3565507,3.8610892,4.5317955,4.15214413333333,0.9889295047343799,4.206909371428572,0.8411568279936074,4.820144999999999,1.160190475349856,1.9459136999999997,-0.6680008666666692,3.9490545
2024-03-21,24.8125,28.7,22.7,97.16666666666669,15.9,1.1954166666666666,1002.5458333333332,104.16666666666669,24,313.2988278326559,100.25458333333331,2.5,Complete,7.679134,3,3,81,1,1.0,6.123233995736766e-17,0.43388373911755823,-0.900968867902419,0.984305844499033,0.17647097349152166,-0.7277867880999049,0.6858034638781173,3.9490545,5.0228977,3.076984,5.5526857,5.1197624,4.016312066666663,0.9746987827874207,4.219475842857142,0.8357692051841631,4.778520642857143,1.1815876611816383,-1.0738431999999998,-0.7622085761904795,7.679134
2024-03-22,25.3625,29.6,23.1,96.16666666666669,18.3,1.32375,1002.3958333333334,211.16666666666663,24,301.33798587016395,100.23958333333334,5.068,Complete,6.3303246,3,4,82,1,1.0,6.123233995736766e-17,-0.433883739117558,-0.9009688679024191,0.9871957872910085,0.15951325197263655,-0.8541142123700336,0.5200854854997563,7.679134,3.9490545,5.0228977,3.774275,5.731056,5.550362066666664,1.92016594664559,4.523254171428571,1.5131026687317963,4.9613329,1.41364693735718,3.7300795000000004,0.5890291666666636,6.3303246
2024-03-23,24.870833333333334,27.7,22.7,96.375,19.0,1.3041666666666667,1003.8166666666666,265.6666666666667,24,252.1893869552912,100.38166666666666,6.376,Complete,3.0806787,3,5,83,1,1.0,6.123233995736766e-17,-0.9749279121818236,-0.2225209339563146,0.9897936029670716,0.14250832791617088,-0.95207275168001,-0.3058716650957619,6.3303246,7.679134,3.9490545,3.8038833,7.562555,5.9861710333333304,1.8887044573376524,4.888404114285714,1.607693507582794,5.0041378000000005,1.4474163352196936,-1.3488094000000004,0.9820332333333299,3.0806787
2024-03-24,25.1875,27.9,23.2,95.79166666666669,21.4,0.9170833333333334,1003.8291666666668,230.70833333333331,24,253.50090926065468,100.38291666666667,5.537,Complete,4.049177,3,6,84,1,1.0,6.123233995736766e-17,-0.7818314824680299,0.6234898018587334,0.992098522791769,0.12546123335273648,-0.9588242419551504,-0.2840001285899905,3.0806787,6.3303246,7.679134,4.3565507,3.8847644,5.696712433333331,2.3637990756059497,4.785089171428572,1.7090464407994534,4.684003778571428,1.328810279728073,-3.2496459,1.0127086547619024,4.049177
2024-03-25,25.2375,30.7,23.1,94.5,22.4,1.1291666666666669,1004.6875,269.875,24,234.9320807039901,100.46875,6.477,Complete,3.7624092,3,0,85,1,1.0,6.123233995736766e-17,0.0,1.0,0.9941098647022418,0.10837701279187609,-0.8184715426012771,-0.5745470685260573,4.049177,3.0806787,6.3303246,3.076984,5.5901947,4.4867267666666635,1.6684234976705354,4.741178642857143,1.7257589143032164,4.695747535714285,1.3219120332227832,0.9684983000000003,-0.2090207690476218,3.7624092
2024-03-26,24.758333333333336,27.8,22.5,96.375,18.6,0.8779166666666667,1005.4125,198.95833333333331,24,296.038311337048,100.54125,4.775,Complete,11.703435,3,1,86,1,1.0,6.123233995736766e-17,0.7818314824680298,0.6234898018587336,0.9958270335100595,0.09126072172931188,-0.8985007245929306,0.4389720354487045,3.7624092,4.049177,3.0806787,5.0228977,5.6135364,3.630754966666664,0.49749056990214446,4.839096528571429,1.6325232723374004,4.565191428571429,1.3170282593245375,-0.28676780000000024,-0.9344364619047645,11.703435
2024-03-27,24.695833333333336,29.3,23.2,96.16666666666669,11.3,0.9358333333333334,1005.2541666666666,135.5,24,249.44912526243985,100.52541666666666,3.252,Complete,6.1589346,3,2,87,1,1.0,6.123233995736766e-17,0.9749279121818236,-0.22252093395631434,0.9972495210773451,0.07411742515094437,-0.9363608598153239,-0.351038944001812,11.703435,3.7624092,4.049177,3.9490545,3.8610892,6.505007066666664,4.504253398325238,5.7934589999999995,3.0740987595271028,5.000184185714285,2.316425578498043,7.9410258,1.5048228809523794,6.1589346
2024-03-28,24.77916666666667,30.9,22.3,95.16666666666669,5.6,0.835,1003.9833333333332,158.625,24,299.5263036805157,100.39833333333333,3.807,Complete,7.4084167,3,3,88,1,1.0,6.123233995736766e-17,0.43388373911755823,-0.900968867902419,0.998376906467142,0.056952196034039754,-0.8701295395508516,0.49282307616529375,6.1589346,11.703435,3.7624092,7.679134,5.5526857,7.208259599999998,4.073178722544008,6.109156157142857,2.9646413692422393,5.164316,2.3109067915670236,-5.5445004,2.0439435999999978,7.4084167
2024-03-29,23.5625,25.7,22.3,98.79166666666669,117.3,0.9441666666666668,1003.2333333333332,55.458333333333336,24,292.84564558346926,100.32333333333332,1.331,Complete,5.089923,3,4,89,1,1.0,6.123233995736766e-17,-0.433883739117558,-0.9009688679024191,0.9992088560679753,0.03977011384605572,-0.9215541386949405,0.3882498801728421,7.4084167,6.1589346,11.703435,6.3303246,3.774275,8.42359543333333,2.9083177382912253,6.0704822571428565,2.942430076391213,5.296868214285715,2.386870307870692,1.2494820999999998,3.1267272190476154,5.089923
2024-03-30,22.916666666666668,24.4,21.7,99.04166666666669,41.6,0.9258333333333332,1003.7125,41.54166666666666,24,313.5452799057661,100.37125,0.997,Complete,7.894627,3,5,90,1,1.0,6.123233995736766e-17,-0.9749279121818236,-0.2225209339563146,0.9997451236925734,0.022576263041545485,-0.7248301493309587,0.6889276120325415,5.089923,7.4084167,6.1589346,3.0806787,3.8038833,6.21909143333333,1.160416904686619,5.893282028571429,2.9614621246184085,5.390843071428572,2.347893436489041,-2.3184937000000003,0.828248361904758,7.894627
2024-03-31,23.78333333333333,29.9,20.9,94.04166666666669,9.6,1.028333333333333,1005.3333333333334,214.54166666666663,24,286.4197797108716,100.53333333333332,5.149,Complete,4.016741,3,6,91,1,1.0,6.123233995736766e-17,-0.7818314824680299,0.6234898018587334,0.9999855506507186,0.005375731557583884,-0.9592164471550244,0.28267261541807026,7.894627,5.089923,7.4084167,4.049177,4.3565507,6.797655566666664,1.4987871774861912,6.580988928571429,2.7509273055315493,5.6830390500000005,2.389384221360773,2.804704,1.114616516666663,4.016741
2024-04-01,24.39583333333333,29.5,22.4,93.125,0.1,1.02875,1006.8041666666668,100.25,24,22.46715814156709,100.68041666666667,2.406,Complete,6.89608,4,0,92,1,0.8660254037844387,-0.4999999999999998,0.0,1.0,0.9999300657962057,-0.011826390691832589,0.38215380310789304,0.924098734319106,4.016741,7.894627,5.089923,3.7624092,3.076984,5.667096999999997,2.002335468136147,6.576355214285714,2.755925487027426,5.658766928571429,2.4055667873815074,-3.877886,0.008330071428568786,6.89608
2024-04-02,25.445833333333336,29.3,23.1,93.45833333333331,9.2,0.96625,1006.7083333333334,240.0,24,43.17387386591012,100.67083333333332,5.76,Complete,4.74909,4,1,93,1,0.8660254037844387,-0.4999999999999998,0.7818314824680298,0.6234898018587336,0.9995786855478958,-0.029025013321975237,0.6842146345115042,0.7292806962482201,6.89608,4.016741,7.894627,11.703435,5.0228977,6.269149333333331,2.013524646696525,7.024022471428572,2.4614305358112754,5.9315595,2.3046990445823017,2.8793390000000008,0.3375898333333316,4.74909
2024-04-03,24.89583333333333,27.2,23.2,96.95833333333331,14.6,1.0675,1006.925,125.91666666666669,24,43.21616448168685,100.6925,3.022,Complete,6.687106,4,2,94,1,0.8660254037844387,-0.4999999999999998,0.9749279121818236,-0.22252093395631434,0.9989315138848577,-0.046215046983708354,0.6847527378107391,0.7287754716376623,4.74909,6.89608,4.016741,6.1589346,3.9490545,5.220636999999997,1.4964677407605491,6.030544614285715,1.4560946663548193,5.912001807142857,2.3141455097530717,-2.1469900000000006,-0.6913648071428593,6.687106
2024-04-04,25.041666666666668,29.0,23.7,93.20833333333331,7.7,1.905,1006.3958333333334,205.5,24,93.87884623722891,100.63958333333332,4.932,Complete,6.6823525,4,3,95,1,0.8660254037844387,-0.4999999999999998,0.43388373911755823,-0.900968867902419,0.9979887423155984,-0.06339140486951038,0.9977093222739125,-0.06764693819922878,6.687106,4.74909,6.89608,7.4084167,7.679134,6.110758666666665,1.183859662926885,6.105997671428571,1.4773854598736043,6.107576914285715,2.250309933999249,1.9380160000000002,0.003181752380950087,6.6823525
2024-04-05,24.7875,28.2,23.3,87.375,4.6000000000000005,2.299166666666667,1006.2,182.04166666666663,24,115.94583725839752,100.62,4.369,Complete,6.5508275,4,4,96,1,0.8660254037844387,-0.4999999999999998,-0.433883739117558,-0.9009688679024191,0.9967506498213929,-0.08054900421874167,0.8992080448559333,-0.43752130469997674,6.6823525,6.687106,4.74909,5.089923,6.3303246,6.039516166666664,1.117544369434209,6.002274214285714,1.3938308395555412,6.036378235714286,2.2122080539652638,-0.004753499999999633,0.0031379309523780208,6.5508275
2024-04-06,24.366666666666664,28.0,22.8,84.25,1.9,0.9970833333333332,1005.1625,128.04166666666666,24,95.14584839021715,100.51625,3.073,Complete,5.7486105,4,5,97,1,0.8660254037844387,-0.4999999999999998,-0.9749279121818236,-0.2225209339563146,0.9952176027737294,-0.09768276782171598,0.995969612828212,-0.08969130572592693,6.5508275,6.6823525,6.687106,7.894627,3.0806787,6.64009533333333,0.07734473796990665,6.2109748571428565,1.3428961685186906,6.052128442857144,2.215244712588567,-0.13152500000000078,0.5879668904761868,5.7486105
2024-04-07,24.175,27.2,22.5,93.5,10.8,1.16,1004.0375,252.625,24,123.80207470442735,100.40375,6.063,Complete,6.767522,4,6,98,1,0.8660254037844387,-0.4999999999999998,-0.7818314824680299,0.6234898018587334,0.9933900548258936,-0.11478762552212701,0.8309643250298449,-0.5563257054349497,5.7486105,6.5508275,6.6823525,4.016741,4.049177,6.327263499999997,0.5054247493079808,5.9044010714285715,1.1211158559318932,6.242694999999999,2.0484367353961073,-0.8022169999999997,0.08456849999999783,6.767522
2024-04-08,23.941666666666663,27.2,21.9,96.0,15.3,1.3491666666666668,1004.7625,224.41666666666663,24,47.12036530369038,100.47625,5.386,Complete,5.9124117,4,0,99,1,0.8660254037844387,-0.4999999999999998,0.0,1.0,0.9912685467787256,-0.13185851571739118,0.7327848090245763,0.6804604497418018,6.767522,5.7486105,6.5508275,6.89608,3.7624092,6.35565333333333,0.536763334914578,6.297369785714286,0.7791181867718739,6.436862499999999,1.9510414906438864,1.0189114999999997,-0.08120916666666922,5.9124117
2024-04-09,24.28333333333333,26.3,22.7,98.25,30.6,0.9295833333333332,1004.9875,100.5,24,39.703307088643015,100.49875,2.412,Complete,5.2810307,4,1,100,1,0.8660254037844387,-0.4999999999999998,0.7818314824680298,0.6234898018587336,0.9888537064205885,-0.1488903868564548,0.638812225874912,0.7693626843516264,5.9124117,6.767522,5.7486105,4.74909,11.703435,6.142848066666663,0.5471479238012236,6.156845742857143,0.7409071753007132,6.590434107142857,1.8033619570388435,-0.8551102999999998,-0.4475860404761942,5.2810307
2024-04-10,25.45,29.4,23.6,94.66666666666669,7.4,1.1916666666666669,1004.8166666666666,264.0833333333333,24,66.72518233225671,100.48166666666664,6.338,Complete,4.443038,4,2,101,1,0.8660254037844387,-0.4999999999999998,0.9749279121818236,-0.22252093395631434,0.986146248341595,-0.16587819893463143,0.9186201406557023,0.3951417937673738,5.2810307,5.9124117,6.767522,6.687106,6.1589346,5.98698813333333,0.7460464660800175,6.232837271428571,0.5828826962202223,6.1316909428571424,1.0706939376874907,-0.6313810000000002,-0.1447028095238121,4.443038
2024-04-11,24.92083333333333,26.9,23.3,96.29166666666669,8.4,0.86875,1003.7125,263.5833333333333,24,64.09756169586377,100.37125,6.326,Complete,3.6166945,4,3,102,1,0.8660254037844387,-0.4999999999999998,0.43388373911755823,-0.900968867902419,0.9831469737221499,-0.1828169249850199,0.8995391894135497,0.43684006994461244,4.443038,5.2810307,5.9124117,6.6823525,7.4084167,5.21216013333333,0.7371038826228279,5.912256128571428,0.8481478738479614,6.009126899999999,1.1616801799633014,-0.8379927,-0.7969667666666691,3.6166945
2024-04-12,25.8,31.4,22.4,84.25,0.0,1.12,1003.9916666666668,255.95833333333331,24,16.027577560833777,100.39916666666667,6.143,Complete,1.3460877,4,4,103,1,0.8660254037844387,-0.4999999999999998,-0.433883739117558,-0.9009688679024191,0.9798567700958665,-0.1997015525660636,0.27609999761622434,0.9611289150349817,3.6166945,4.443038,5.2810307,6.5508275,5.089923,4.446921066666664,0.8321748946661468,5.474304985714285,1.1291645318589738,5.738289600000001,1.2490701762616492,-0.8263434999999997,-1.291368533333337,1.3460877
2024-04-13,25.9,31.4,22.2,82.29166666666667,0.0,1.1608333333333334,1006.2875,262.25,24,22.50729715546147,100.62875,6.294,Complete,0.4457661,4,5,104,1,0.8660254037844387,-0.4999999999999998,-0.9749279121818236,-0.2225209339563146,0.9762766110869321,-0.21652708524481437,0.38280109399374534,0.923830786690502,1.3460877,3.6166945,4.443038,5.7486105,7.894627,3.1352733999999973,1.603620901837875,4.730770728571429,1.810315356208278,5.470872792857143,1.713120988316023,-2.2706068,-2.3355993928571452,0.4457661
2024-04-14,25.5625,30.7,21.2,84.54166666666667,1.7000000000000002,1.2691666666666668,1007.6791666666668,254.75,24,79.99315457932146,100.76791666666666,6.114,Complete,3.5816684,4,6,105,1,0.8660254037844387,-0.4999999999999998,-0.7818314824680299,0.6234898018587334,0.9724075561219968,-0.23328854407545518,0.984786999345015,0.1737658364611448,0.4457661,1.3460877,3.6166945,6.767522,4.016741,1.8028494333333303,1.634065540380717,3.9732215285714285,2.344196787358564,4.938811299999999,2.029892883406013,-0.9003216,-3.135961866666669,3.5816684
2024-04-15,25.59583333333333,30.0,22.6,87.95833333333333,4.7,1.30875,1007.6416666666668,260.9583333333333,24,77.84465390209998,100.76416666666668,6.263,Complete,4.0449777,4,0,106,1,0.8660254037844387,-0.4999999999999998,0.0,1.0,0.9682507501166718,-0.2499809690726521,0.9775802950185284,0.21056297583261627,3.5816684,0.4457661,1.3460877,5.9124117,6.89608,1.7911740666666638,1.6146353192379246,3.5180995857142854,1.9944422075253248,4.907734685714286,2.048341715122311,3.1359022999999997,-3.116560619047622,4.0449777
2024-04-16,25.58333333333333,30.2,22.9,86.95833333333333,2.9,1.1816666666666666,1006.9125,260.75,24,74.27604499219791,100.69125,6.258,Complete,5.0344334,4,1,107,1,0.8660254037844387,-0.4999999999999998,0.7818314824680298,0.6234898018587336,0.9638074231367307,-0.26659942067929354,0.9625785259318602,0.2710029177238635,4.0449777,3.5816684,0.4457661,5.2810307,4.74909,2.6908040666666637,1.9580118693965045,3.2513232999999997,1.7278831584394574,4.704084521428571,1.9759000722280227,0.4633092999999997,-2.0132804547619076,5.0344334
2024-04-17,25.425,30.2,22.9,82.0,0.8,1.538333333333333,1006.6166666666668,232.45833333333331,24,98.93324451722384,100.66166666666666,5.579,Complete,5.72685,4,2,108,1,0.8660254037844387,-0.4999999999999998,0.9749279121818236,-0.22252093395631434,0.9590788900341131,-0.28313898122818354,0.987869932437385,-0.15528360050615925,5.0344334,4.0449777,3.5816684,4.443038,6.687106,4.2203598333333305,0.7420921141109135,3.216095114285714,1.6814955436029013,4.724466192857142,1.9778707151038035,0.9894557000000006,-0.5041063595238118,5.72685
2024-04-18,24.258333333333336,26.4,22.4,96.0,14.1,1.4879166666666668,1006.0666666666666,231.125,24,86.81290394732827,100.60666666666664,5.547,Complete,7.573263,4,3,109,1,0.8660254037844387,-0.4999999999999998,0.43388373911755823,-0.900968867902419,0.9540665500578387,-0.2995947563972602,0.9984533107767892,0.05559663837740866,5.72685,5.0344334,4.0449777,3.6166945,6.6823525,4.935420366666663,0.8452965715973282,3.3994968285714284,1.8941845874787036,4.655876478571428,1.9203885414797486,0.6924165999999996,0.279543888095235,7.573263
2024-04-19,24.479166666666668,26.8,23.2,97.16666666666669,20.3,1.45625,1006.9416666666666,233.04166666666663,24,62.75287790210172,100.69416666666666,5.593,Complete,7.690936,4,4,110,1,0.8660254037844387,-0.4999999999999998,-0.433883739117558,-0.9009688679024191,0.9487718864399473,-0.31596187665790293,0.8890401388523469,0.45782926021542103,7.573263,5.72685,5.0344334,1.3460877,6.5508275,6.111515466666663,1.3123984057417477,3.9647208999999997,2.471990189350905,4.7195129428571425,2.0055776572230606,1.846413,1.3920025238095208,7.690936
2024-04-20,24.641666666666666,26.7,23.2,97.08333333333331,14.4,1.5745833333333332,1006.9666666666668,219.66666666666663,24,62.10734762648884,100.69666666666669,5.272,Complete,6.3331456,4,5,111,1,0.8660254037844387,-0.4999999999999998,-0.9749279121818236,-0.2225209339563146,0.9431964659565866,-0.33223549871590435,0.883825630269313,0.4678164760662577,7.690936,7.573263,5.72685,0.4457661,5.7486105,6.99701633333333,1.1015687084709709,4.871127800000001,2.5146516602449247,4.8009492642857134,2.106277035325744,0.11767299999999992,2.1960670690476167,6.3331456
2024-04-21,25.2,29.8,22.0,84.75,1.1,1.5095833333333333,1005.925,235.95833333333331,24,42.24077648987646,100.5925,5.663,Complete,6.006065,4,6,112,1,0.8660254037844387,-0.4999999999999998,-0.7818314824680299,0.6234898018587334,0.9373419384643772,-0.3484108069446808,0.6722476379497897,0.7403263559207712,6.3331456,7.690936,7.573263,3.5816684,6.767522,7.1991148666666644,0.7522558154250001,5.712182014285714,1.609497973818288,4.842701771428572,2.132142229553515,-1.3577903999999998,2.356413095238093,6.006065
2024-04-22,25.704166666666666,30.3,22.1,85.66666666666667,0.0,1.8908333333333331,1004.3583333333332,194.5,24,23.317477609161333,100.43583333333332,4.668,Complete,6.826823,4,0,113,1,0.8660254037844387,-0.4999999999999998,0.0,1.0,0.9312100364121947,-0.3644830148102912,0.3958256487163156,0.9183256806919362,6.006065,6.3331456,7.690936,4.0449777,5.9124117,6.67671553333333,0.8934359495667873,6.058524385714286,1.307064780800814,4.7883119857142855,2.0885302513012194,-0.3270805999999995,1.8884035476190446,6.826823
2024-04-23,26.079166666666666,31.6,22.7,84.91666666666667,0.1,1.1866666666666668,1003.625,197.95833333333331,24,273.39436855402755,100.3625,4.751,Complete,5.7559714,4,1,114,1,0.8660254037844387,-0.4999999999999998,0.7818314824680298,0.6234898018587336,0.9248025743285089,-0.38044736628785164,-0.9982456521638455,0.05920825901830559,6.826823,6.006065,6.3331456,5.0344334,5.2810307,6.388677866666664,0.41318736442671367,6.4559308571428575,0.9730449824895494,4.853627078571429,2.1400514743367594,0.8207579999999997,1.5350507880952353,5.7559714
2024-04-24,26.620833333333334,32.4,22.9,82.95833333333333,0.1,1.0179166666666666,1003.225,240.29166666666663,24,332.93221160751665,100.3225,5.767,Complete,1.7032064,4,2,115,1,0.8660254037844387,-0.4999999999999998,0.9749279121818236,-0.22252093395631434,0.9181214482844365,-0.39629913726891813,-0.4550443588684187,0.8904687706270388,5.7559714,6.826823,6.006065,5.72685,4.443038,6.196286466666664,0.5601954499023397,6.559007714285714,0.8241979514776276,4.887551414285714,2.151083867005639,-1.0708516000000001,1.3087350523809498,1.7032064
2024-04-25,26.2875,32.0,23.6,90.5,7.0,0.8075,1003.3208333333332,230.95833333333331,24,312.2206707487666,100.33208333333332,5.543,Complete,1.5115092,4,3,116,1,0.8660254037844387,-0.4999999999999998,0.43388373911755823,-0.900968867902419,0.9111686353326631,-0.41203363695942635,-0.7405622096814354,0.671987807621351,1.7032064,5.7559714,6.826823,7.573263,3.6166945,4.762000266666663,2.7025628071099135,5.984201485714286,2.026874363762323,4.691849157142856,2.3131625571234076,-4.052765,0.07015110952380699,1.5115092
2024-04-26,26.245833333333334,32.4,23.3,87.41666666666667,1.0,1.01125,1004.9708333333332,220.45833333333331,24,336.04640955609847,100.49708333333334,5.291,Complete,2.320519,4,4,117,1,0.8660254037844387,-0.4999999999999998,-0.433883739117558,-0.9009688679024191,0.9039461929224011,-0.42764620926777464,-0.40599653830972865,0.9138746144195696,1.5115092,1.7032064,5.7559714,7.690936,1.3460877,2.990228999999997,2.397120193375825,5.118236657142857,2.479244250274208,4.541478778571429,2.452650378037063,-0.1916971999999999,-1.551249778571432,2.320519
2024-04-27,25.7375,31.6,22.9,91.08333333333331,3.4,0.9479166666666666,1006.1708333333332,224.29166666666663,24,29.79204165037904,100.61708333333333,5.383,Complete,2.078778,4,5,118,1,0.8660254037844387,-0.4999999999999998,-0.9749279121818236,-0.2225209339563146,0.8964562582905575,-0.44313223418263453,0.49685342412966543,0.8678344743847336,2.320519,1.5115092,1.7032064,6.3331456,0.4457661,1.845078199999997,0.42275278810465033,4.351034228571429,2.379361172339343,4.611081014285714,2.3673376151848426,0.8090097999999999,-2.7660028142857174,2.078778
2024-04-28,25.77083333333333,30.2,23.6,91.95833333333331,5.7,1.0645833333333334,1005.7625,235.58333333333331,24,41.38635949331147,100.57625,5.654,Complete,2.6507082,4,6,119,1,0.8660254037844387,-0.4999999999999998,-0.7818314824680299,0.6234898018587334,0.8887010478292915,-0.45848712914008766,0.661133266326811,0.7502684880468071,2.078778,2.320519,1.5115092,6.006065,3.5816684,1.9702687333333302,0.41527690742230655,3.7432674285714285,2.3315544538596202,4.727724721428571,2.1790605889599957,-0.2417410000000002,-2.7574559880952414,2.6507082
2024-04-29,25.775,30.1,23.2,91.0,2.2,1.1641666666666668,1005.1416666666668,220.54166666666663,24,27.20465971653401,100.51416666666668,5.293,Complete,6.705534,4,0,120,1,0.8660254037844387,-0.4999999999999998,0.0,1.0,0.8806828564301475,-0.47370635037968,0.45717025946431605,0.8893791957659736,2.6507082,2.078778,2.320519,6.826823,4.0449777,2.3500017333333303,0.28710270303752633,3.2639307428571427,2.1245377630066735,4.661227564285714,2.2303261573547517,0.5719302000000002,-2.311225830952384,6.705534
2024-04-30,25.975,31.2,22.9,85.95833333333333,0.1,1.1754166666666668,1004.4916666666668,211.54166666666663,24,51.013254585660974,100.44916666666668,5.077,Complete,2.1999967,4,1,121,1,0.8660254037844387,-0.4999999999999998,0.7818314824680298,0.6234898018587336,0.8724040568049612,-0.48878539428899265,0.7772915252237986,0.6291405922488714,6.705534,2.6507082,2.078778,5.7559714,5.0344334,3.8116733999999965,2.5224190606622434,3.246603742857143,2.09086482935145,4.851267300000001,2.2864218851249167,4.0548258,-1.0395939000000043,2.1999967
2024-05-01,25.83333333333333,30.3,22.5,83.95833333333333,1.1,1.1404166666666666,1004.8375,239.0,24,72.02240385868622,100.48375,5.736,Complete,3.996533,5,2,122,0,0.49999999999999994,-0.8660254037844387,0.9749279121818236,-0.22252093395631434,0.8638670987837349,-0.503719798736334,0.9511772757498135,0.30864508759603376,2.1999967,6.705534,2.6507082,1.7032064,5.72685,3.85207963333333,2.4814182599966452,2.738607357142857,1.7898944277929385,4.648807535714285,2.3920099701713142,-4.5055373,-0.796727902380955,3.996533
2024-05-02,25.09583333333333,28.6,23.2,95.79166666666669,9.5,0.8729166666666667,1003.8708333333334,228.25,24,103.82766817107802,100.38708333333334,5.478,Complete,3.700478,5,3,123,0,0.49999999999999994,-0.8660254037844387,0.43388373911755823,-0.900968867902419,0.8550745085896932,-0.518505144391157,0.9710189787135645,-0.23900239115554084,3.996533,2.1999967,6.705534,1.5115092,7.573263,4.300687899999997,2.2681157913162786,3.0662254428571427,1.7786380035559444,4.525213464285714,2.376676439232423,1.7965363,-0.22452556428571668,3.700478
2024-05-03,25.6625,31.3,23.1,90.70833333333331,2.8000000000000003,0.8704166666666667,1002.3875,204.70833333333331,24,258.87871059428124,100.23875,4.913,Complete,3.3511932,5,4,124,0,0.49999999999999994,-0.8660254037844387,-0.433883739117558,-0.9009688679024191,0.8460288880917339,-0.533137056031809,-0.9812210608225526,-0.1928865723638239,3.700478,3.996533,2.1999967,2.320519,7.690936,3.299002566666663,0.9632095109486579,3.378935271428571,1.6473180495582862,4.248585964285715,2.214462001683958,-0.29605499999999996,-0.9495833976190515,3.3511932
2024-05-04,24.60833333333333,26.6,23.8,96.75,15.4,1.96125,1001.5458333333332,106.70833333333331,24,150.5348165550848,100.15458333333332,2.561,Complete,5.361045,5,5,125,0,0.49999999999999994,-0.8660254037844387,-0.9749279121818236,-0.2225209339563146,0.8367329140344921,-0.5476112038402312,0.4918945858148764,-0.8706547630639893,3.3511932,3.700478,3.996533,2.078778,6.3331456,3.68273473333333,0.3230355738922903,3.5261744428571427,1.581703171799558,3.9386043357142855,1.9876589419564494,-0.34928479999999995,-0.25586960238095546,5.361045
2024-05-05,24.21666666666667,24.8,24.0,97.375,26.8,1.8083333333333331,1001.6541666666668,34.125,24,128.2379458933376,100.16541666666669,0.819,Complete,3.9043968,5,6,126,0,0.49999999999999994,-0.8660254037844387,-0.7818314824680299,0.6234898018587334,0.8271893372462497,-0.5619233046832195,0.7854471608685327,-0.6189287176109711,5.361045,3.3511932,3.700478,2.6507082,6.006065,4.137572066666664,1.0738549631245102,3.9950697285714285,1.567559861589736,3.8691685785714287,1.9131580002281192,2.0098518,0.26840348809523507,3.9043968
2024-05-06,24.504166666666663,26.1,23.6,97.79166666666669,29.4,1.17625,1001.4708333333332,105.16666666666669,24,153.39718681356078,100.14708333333331,2.524,Complete,3.7867203,5,0,127,0,0.49999999999999994,-0.8660254037844387,0.0,1.0,0.8174009818249189,-0.5760691233798758,0.447802989705024,-0.8941322510743264,3.9043968,5.361045,3.3511932,6.705534,6.826823,4.205544999999996,1.0382166167342792,4.1741681,1.456013026037064,3.719049421428571,1.8123862296976994,-1.4566482,0.4864955785714251,3.7867203
2024-05-07,24.27916666666667,26.4,23.2,96.25,10.7,1.2966666666666666,1002.1166666666668,177.875,24,150.60473411028684,100.21166666666667,4.269,Complete,4.342965,5,1,128,0,0.49999999999999994,-0.8660254037844387,0.7818314824680298,0.6234898018587336,0.8073707443023492,-0.5900444739548627,0.4908317671912454,-0.8712543694673325,3.7867203,3.9043968,5.361045,2.1999967,5.7559714,4.3507206999999966,0.876942605328804,3.757194714285714,0.9349757964087809,3.5018992285714288,1.5784080060740207,-0.11767649999999996,0.8488214714285678,4.342965
2024-05-08,22.9375,26.3,19.4,88.16666666666667,0.6000000000000001,2.1108333333333333,1002.4416666666666,81.04166666666667,24,216.9306521227977,100.24416666666666,1.945,Complete,4.2407036,5,2,129,0,0.49999999999999994,-0.8660254037844387,0.9749279121818236,-0.22252093395631434,0.7971015927871943,-0.6038452208771035,-0.6008479550550013,-0.7993633309742342,4.342965,3.7867203,3.9043968,3.996533,1.7032064,4.0113606999999964,0.2931433070988569,4.063333042857143,0.6464383030122697,3.4009702,1.4642343956916437,0.5562447000000006,0.6103904999999963,4.2407036
2024-05-09,21.729166666666668,25.9,18.0,72.66666666666667,0.0,2.5770833333333334,1003.8041666666668,162.66666666666666,24,237.92871590930903,100.38041666666666,3.904,Complete,6.1662107,5,3,130,0,0.49999999999999994,-0.8660254037844387,0.43388373911755823,-0.900968867902419,0.7865965660866021,-0.6174672802835514,-0.8473881451249471,-0.530973946160922,4.2407036,4.342965,3.7867203,3.700478,1.5115092,4.123462966666664,0.29607611546315815,4.098214557142857,0.6488163461452582,3.58222,1.3932419347674396,-0.10226140000000061,0.541242966666664,6.1662107
2024-05-10,20.97083333333333,26.2,17.0,71.54166666666667,0.2,1.8266666666666664,1005.3583333333332,231.04166666666663,24,216.52883990444,100.53583333333331,5.545,Complete,4.900912,5,4,131,0,0.49999999999999994,-0.8660254037844387,-0.433883739117558,-0.9009688679024191,0.7758587728069828,-0.6309066211876704,-0.5952273337678685,-0.8035573539801589,6.1662107,4.2407036,4.342965,3.3511932,2.320519,4.91662643333333,1.0833789632940591,4.450462085714285,0.981125317721369,3.9146986785714284,1.4162837577187757,1.9255071,1.0019277547619017,4.900912
2024-05-11,21.054166666666667,25.9,16.8,75.08333333333333,1.1,1.8495833333333331,1007.8666666666668,159.0,24,98.04877853751742,100.78666666666666,3.816,Complete,8.135217,5,5,132,0,0.49999999999999994,-0.8660254037844387,-0.9749279121818236,-0.2225209339563146,0.7648913904341226,-0.6441592666722685,0.9901492254131327,-0.1400161112650016,4.900912,6.1662107,4.2407036,5.361045,2.078778,5.1026087666666635,0.9784710457138828,4.671850485714286,0.8589785223393466,4.099012464285714,1.359631786586316,-1.2652986999999998,1.0035963023809495,8.135217
2024-05-12,21.64583333333333,24.7,18.6,73.04166666666667,0.4,1.2416666666666667,1008.75,97.29166666666669,24,64.67318072096101,100.875,2.335,Complete,8.570609,5,6,133,0,0.49999999999999994,-0.8660254037844387,-0.7818314824680299,0.6234898018587334,0.753697664392914,-0.6572212950663319,0.9038824109375655,0.42778100378312034,8.135217,4.900912,6.1662107,3.9043968,2.6507082,6.400779899999997,1.6298617243336224,5.0681607714285715,1.5730835031266486,4.53161525,1.6081845740980705,3.234305000000001,1.8691646499999974,8.570609
2024-05-13,22.7125,27.3,20.3,85.75,5.8,1.5270833333333331,1008.9625,192.29166666666663,24,68.17153942370048,100.89625,4.615,Complete,8.645884,5,0,134,0,0.49999999999999994,-0.8660254037844387,0.0,1.0,0.742280907086982,-0.6700888411055113,0.9283012425120611,0.37182899718898127,8.570609,8.135217,4.900912,3.7867203,6.705534,7.202245999999998,2.0048678717269808,5.7347625142857135,1.9429291492667276,4.954465307142857,1.8375103957217243,0.43539199999999845,2.247780692857141,8.645884
2024-05-14,22.916666666666668,25.4,21.4,96.75,13.8,1.424583333333333,1009.0833333333334,101.08333333333331,24,73.82264098000344,100.90833333333332,2.426,Complete,8.489309,5,1,135,0,0.49999999999999994,-0.8660254037844387,0.7818314824680298,0.6234898018587336,0.7306444969184916,-0.6827580970759147,0.9604038567255562,0.27861161495292563,8.645884,8.570609,8.135217,4.342965,2.1999967,8.450569999999997,0.2756849966231977,6.428928757142857,1.998188116824564,5.0930617357142856,2.041590306329894,0.07527500000000131,3.3575082642857117,8.489309
2024-05-15,23.754166666666663,25.7,22.7,98.5,27.8,0.90625,1008.2916666666666,93.95833333333331,24,27.560482920363324,100.82916666666668,2.255,Complete,4.2847433,5,2,136,0,0.49999999999999994,-0.8660254037844387,0.9749279121818236,-0.22252093395631434,0.7187918772884232,-0.6952253139408722,0.4626847075750575,0.8865229051616115,8.489309,8.645884,8.570609,4.2407036,3.996533,8.568600666666663,0.07830681776493985,7.021263614285715,1.8883163739802187,5.5422983285714285,2.0479720490117073,-0.15657500000000013,3.0263023380952347,4.2847433
2024-05-16,25.016666666666666,30.1,22.5,92.58333333333331,1.9,1.2033333333333334,1006.0375,201.16666666666663,24,12.12408479254668,100.60375,4.828,Complete,5.416055,5,3,137,0,0.49999999999999994,-0.8660254037844387,0.43388373911755823,-0.900968867902419,0.7067265555776158,-0.7074868024503348,0.21002956428653063,0.9776950353385303,4.2847433,8.489309,8.645884,6.1662107,3.700478,7.1399787666666645,2.4739454541763313,7.0275549999999996,1.877550919689671,5.562884778571429,2.0326296845347342,-4.204565700000001,1.5770939880952355,5.416055
2024-05-17,24.825,29.7,22.2,88.95833333333333,0.5,1.4541666666666666,1003.8916666666668,211.0,24,1.060050038772031,100.38916666666668,5.064,Complete,4.115435,5,4,138,0,0.49999999999999994,-0.8660254037844387,-0.433883739117558,-0.9009688679024191,0.6944521021088763,-0.719538934232584,0.018500307926365832,0.9998288546579508,5.416055,4.2847433,8.489309,4.900912,3.3511932,6.0633690999999965,2.17574236513615,6.920389899999999,1.9547298394926007,5.685425992857143,1.9622074644115053,1.1313117000000004,0.37794310714285384,4.115435
2024-05-18,24.85833333333333,30.0,22.1,92.45833333333331,2.7,1.1700000000000002,1002.8833333333332,207.25,24,5.431085737317349,100.28833333333333,4.974,Complete,6.0872335,5,5,139,0,0.49999999999999994,-0.8660254037844387,-0.9749279121818236,-0.2225209339563146,0.6819721490904629,-0.7313781428679254,0.09464844005850706,0.9955107597582716,4.115435,5.416055,4.2847433,8.135217,5.361045,4.605411099999997,0.7071237335626465,6.8081789,2.106622664963013,5.740014692857143,1.9019800563977902,-1.3006200000000003,-1.1346035928571458,6.0872335
2024-05-19,25.304166666666664,28.6,23.2,92.66666666666669,2.1,1.4395833333333332,1003.7958333333332,212.33333333333331,24,20.94653649737784,100.37958333333331,5.096,Complete,4.3451037,5,6,140,0,0.49999999999999994,-0.8660254037844387,-0.7818314824680299,0.6234898018587334,0.6692903895412567,-0.7430009249440493,0.357496656549374,0.9339144182182963,6.0872335,4.115435,5.416055,8.570609,3.9043968,5.206241166666664,1.0025037230075793,6.515609828571429,2.032515265840525,5.7918853,1.9007516891136387,1.9717985000000002,-0.5856441333333358,4.3451037
2024-05-20,26.058333333333334,31.3,23.4,89.29166666666667,1.6,1.6529166666666668,1004.8583333333332,197.0,24,5.601590125459791,100.48583333333332,4.728,Complete,4.9701185,5,0,141,0,0.49999999999999994,-0.8660254037844387,0.0,1.0,0.6564105761979381,-0.7544038410927472,0.0976105201927493,0.995224691387679,4.3451037,6.0872335,4.115435,8.645884,3.7867203,4.849257399999997,1.0782511516656441,5.911966214285714,1.9461108996905951,5.823364364285714,1.8704962711972912,-1.7421297999999998,-0.974106964285717,4.9701185
2024-05-21,25.791666666666668,31.2,23.1,88.75,0.0,1.4262499999999998,1005.5833333333334,214.54166666666663,24,350.41162693410297,100.55833333333334,5.149,Complete,5.260425,5,1,142,0,0.49999999999999994,-0.8660254037844387,0.7818314824680298,0.6234898018587336,0.6433365204044917,-0.765583517007675,-0.16656865680184618,0.9860298588639336,4.9701185,4.3451037,6.0872335,8.489309,4.342965,5.134151899999997,0.882572533703973,5.386856857142858,1.5387591105884968,5.907892807142857,1.7966616598681682,0.6250147999999998,-0.7737409071428596,5.260425
2024-05-22,25.45833333333333,30.3,23.1,89.45833333333333,1.0,1.2320833333333334,1005.6625,190.70833333333331,24,357.7767845055032,100.56625,4.577,Complete,3.9619224,5,2,143,0,0.49999999999999994,-0.8660254037844387,0.9749279121818236,-0.22252093395631434,0.6300720909843687,-0.7765366444428655,-0.03879269408515072,0.999247280149221,5.260425,4.9701185,4.3451037,4.2847433,4.2407036,4.858549066666663,0.4677489437712514,4.925587714285713,0.719730130353401,5.973425664285714,1.75135117739081,0.2903064999999998,-1.114876597619051,3.9619224
2024-05-23,24.1875,28.0,22.4,95.29166666666669,4.7,0.9883333333333332,1005.8541666666666,187.54166666666663,24,355.5476963629964,100.58541666666666,4.501,Complete,3.2042565,5,3,144,0,0.49999999999999994,-0.8660254037844387,0.43388373911755823,-0.900968867902419,0.6166212130956382,-0.7872599821916922,-0.07762917625457526,0.9969823022471542,3.9619224,5.260425,4.9701185,5.416055,6.1662107,4.730821966666664,0.6815235679715378,4.8794704428571425,0.7757953358542452,5.953512721428572,1.7740061265437221,-1.2985025999999995,-1.2226907547619081,3.2042565
2024-05-24,24.525,30.8,22.4,93.375,5.0,0.9816666666666666,1006.0208333333334,106.45833333333331,24,261.9409739795217,100.60208333333334,2.555,Complete,3.107445,5,4,145,0,0.49999999999999994,-0.8660254037844387,-0.433883739117558,-0.9009688679024191,0.6029878670694714,-0.7977503570459932,-0.9901241673707281,-0.14019319950847287,3.2042565,3.9619224,5.260425,4.115435,4.900912,4.142201299999997,1.0398714278394685,4.563499228571429,0.9513765928360195,5.741944564285714,1.917506087254009,-0.7576659000000001,-1.599743264285717,3.107445
2024-05-25,23.391666666666666,25.4,22.2,96.29166666666669,8.4,1.3479166666666669,1007.5833333333334,98.375,24,138.2279126435857,100.75833333333334,2.361,Complete,3.1390996,5,5,146,0,0.49999999999999994,-0.8660254037844387,-0.9749279121818236,-0.2225209339563146,0.5891760872322963,-0.8080046647350754,0.6661692194649551,-0.7458006241868215,3.107445,3.2042565,3.9619224,6.0872335,8.135217,3.4245412999999973,0.4678963043355473,4.419500657142857,1.0958168773399728,5.613839778571429,2.0343641078846737,-0.09681150000000027,-2.189298478571432,3.1390996
2024-05-26,22.5625,24.3,21.8,94.83333333333331,1.1,0.6445833333333334,1007.8666666666668,28.291666666666668,24,86.95965161761363,100.78666666666666,0.679,Complete,5.316764,5,6,147,0,0.49999999999999994,-0.8660254037844387,-0.7818314824680299,0.6234898018587334,0.5751899607119775,-0.8180198708443175,0.9985924315253679,0.05303919022999322,3.1390996,3.107445,3.2042565,4.3451037,8.570609,3.1502670333333302,0.049362438233781204,3.998338671428571,0.8964132116841469,5.25697425,1.9958869049735404,0.03165460000000042,-2.1067072166666696,5.316764
2024-05-27,23.629166666666663,25.7,22.4,97.375,8.5,0.6258333333333334,1006.45,159.375,24,339.80224910523924,100.645,3.825,Complete,4.082487,5,0,148,0,0.49999999999999994,-0.8660254037844387,0.0,1.0,0.5610336262283677,-0.8277930117131022,-0.34526135885368353,0.9385065764727001,5.316764,3.1390996,3.107445,4.9701185,8.645884,3.854436199999997,1.266511922334264,4.137147285714286,1.0250580811731618,5.02455675,1.755288449323996,2.1776644,-1.1701205500000031,4.082487
2024-05-28,23.10833333333333,24.5,22.3,97.54166666666669,5.5,1.82875,1006.5291666666668,64.83333333333333,24,170.69110489642077,100.65291666666668,1.556,Complete,4.123564,5,1,149,0,0.49999999999999994,-0.8660254037844387,0.7818314824680298,0.6234898018587336,0.5467112728685939,-0.8373211953118121,0.1617570273651621,-0.9868306157076736,4.082487,5.316764,3.1390996,5.260425,8.489309,4.179450199999997,1.0920654542528334,4.010342785714286,0.9575189687533104,4.698599821428571,1.4234168403094078,-1.2342769999999996,-0.519149621428574,4.123564
2024-05-29,21.96666666666667,22.9,21.4,97.83333333333331,10.9,1.4120833333333334,1008.4041666666668,9.458333333333334,24,157.29320750399367,100.84041666666668,0.227,Complete,5.4824057,5,2,150,0,0.49999999999999994,-0.8660254037844387,0.9749279121818236,-0.22252093395631434,0.5322271388474397,-0.8466016020976267,0.38601540781248445,-0.9224923332642724,4.123564,4.082487,5.316764,3.9619224,4.2847433,4.507604999999997,0.7010531687703456,3.8479340714285715,0.7923102107859118,4.386760892857143,0.9173239673007758,0.041076999999999586,0.12084410714285454,5.4824057
2024-05-30,21.141666666666666,21.8,20.6,97.625,11.4,1.6208333333333331,1010.3583333333332,11.166666666666666,24,132.1899389144005,101.03583333333331,0.268,Complete,5.285841,5,3,151,0,0.49999999999999994,-0.8660254037844387,0.43388373911755823,-0.900968867902419,0.5175855102531889,-0.8556314858488706,0.7409225383755861,-0.6715904943692087,5.4824057,4.123564,4.082487,3.2042565,5.416055,4.562818899999997,0.7966503260734131,4.065145971428572,1.00786655199129,4.4723082071428575,0.9618434042233467,1.3588417000000002,0.09051069285713975,5.285841
2024-05-31,20.625,21.3,19.7,97.54166666666669,49.3,2.2654166666666664,1011.45,7.583333333333333,24,96.73741328135614,101.145,0.182,Complete,9.994952,5,4,152,0,0.49999999999999994,-0.8660254037844387,-0.433883739117558,-0.9009688679024191,0.5027907197793043,-0.8644081744776648,0.9930942535705312,-0.11731923766028098,5.285841,5.4824057,4.123564,3.107445,4.115435,4.9639368999999975,0.7343904810196645,4.362515185714286,1.0185558766594498,4.463007207142857,0.9526005709407044,-0.1965647000000006,0.5009296928571407,9.994952
2024-06-01,21.008333333333333,21.7,20.3,96.58333333333331,27.9,2.2279166666666668,1011.125,29.291666666666668,24,89.64318017920166,101.1125,0.703,Complete,11.02731,6,5,153,0,1.2246467991473532e-16,-1.0,-0.9749279121818236,-0.2225209339563146,0.4878471454423119,-0.8729290708206411,0.9999806080591663,0.006227640453649863,9.994952,5.285841,5.4824057,3.1390996,6.0872335,6.92106623333333,2.6638768177617593,5.346444757142857,2.2210004475609595,4.882972707142857,1.7499282287746925,4.709111,2.0380935261904733,11.02731
2024-06-02,22.004166666666663,25.7,20.0,85.08333333333333,3.1,2.0741666666666667,1011.0583333333334,121.58333333333331,24,102.26267961885532,101.10583333333334,2.918,Complete,12.365092,6,6,154,0,1.2246467991473532e-16,-1.0,-0.7818314824680299,0.6234898018587334,0.47275920928627757,-0.881191653407483,0.9771841273819275,-0.21239392927487544,11.02731,9.994952,5.285841,5.316764,4.3451037,8.769367666666662,3.060663210494496,6.4733319571428565,2.8316011919780597,5.235835314285715,2.3917921011100245,1.0323580000000003,3.5335323523809476,12.365092
2024-06-03,21.775,25.8,18.1,74.25,0.0,1.5154166666666666,1010.1541666666668,165.04166666666666,24,68.54653008491954,101.01541666666668,3.961,Complete,11.843006,6,0,155,0,1.2246467991473532e-16,-1.0,0.0,1.0,0.4575313760742512,-0.8891934772070711,0.9307148979515705,0.3657455108829059,12.365092,11.02731,9.994952,4.082487,4.9701185,11.129117999999998,1.1883453019001862,7.480235957142857,3.521031789335712,5.808691621428571,3.035777686643167,1.3377820000000007,5.320426378571427,11.843006
2024-06-04,21.554166666666664,25.6,19.6,83.54166666666667,1.8,1.14125,1008.7875,124.79166666666669,24,79.4791163003342,100.87875,2.995,Complete,7.50029,6,1,156,0,1.2246467991473532e-16,-1.0,0.7818314824680298,0.6234898018587336,0.44216815196707204,-0.8969321743510065,0.9831884193488931,0.18259389929081737,11.843006,12.365092,11.02731,4.123564,5.260425,11.745135999999997,0.6742396254717385,8.588881528571429,3.4945526327610956,6.299612157142858,3.421009788412846,-0.5220859999999998,5.445523842857139,7.50029
2024-06-05,21.254166666666663,25.6,18.3,88.16666666666667,1.7,1.0870833333333334,1008.2625,168.29166666666666,24,347.5442046920234,100.82625,4.039,Complete,5.648445,6,2,157,0,1.2246467991473532e-16,-1.0,0.9749279121818236,-0.22252093395631434,0.42667408318992467,-0.9044054548343001,-0.21568632021897502,0.976462703471258,7.50029,11.843006,12.365092,5.4824057,3.9619224,10.569462666666665,2.6707693818840954,9.071270957142856,2.9689634155810736,6.459602514285714,3.421047569822732,-4.342716000000001,4.109860152380951,5.648445
2024-06-06,21.6875,25.8,17.8,80.20833333333333,0.4,1.1920833333333334,1009.2833333333332,140.5,24,77.72287130541878,100.92833333333331,3.372,Complete,4.4741597,6,3,158,0,1.2246467991473532e-16,-1.0,0.43388373911755823,-0.900968867902419,0.4110537546870351,-0.9116111071930239,0.9771305339705924,0.2126403526669975,5.648445,7.50029,11.843006,5.285841,3.2042565,8.33058033333333,3.1796513997450186,9.094990857142857,2.935992388776601,6.580068414285714,3.355394809644667,-1.851845,1.7505119190476162,4.4741597
2024-06-07,21.98333333333333,26.0,19.5,79.66666666666667,1.5,1.5166666666666666,1009.4375,153.16666666666666,24,72.45584488823678,100.94375,3.676,Complete,7.232153,6,4,159,0,1.2246467991473532e-16,-1.0,-0.433883739117558,-0.9009688679024191,0.3953117887649151,-0.9185469991587165,0.9534849280123089,0.30144069408983604,4.4741597,5.648445,7.50029,9.994952,3.107445,5.87429823333333,1.5256550758280458,8.979036385714286,3.1216621564551574,6.6707757857142855,3.2732754957347123,-1.1742852999999993,-0.7964775523809555,7.232153
2024-06-08,21.5125,26.7,16.5,85.33333333333333,1.9,1.3808333333333334,1010.0458333333332,175.45833333333334,24,60.482599876837504,101.00458333333331,4.211,Complete,6.9342933,6,5,160,0,1.2246467991473532e-16,-1.0,-0.9749279121818236,-0.2225209339563146,0.37945284372454435,-0.925211078289358,0.8702061119719974,0.4926878552253745,7.232153,4.4741597,5.648445,11.02731,3.1390996,5.784919233333331,1.3840522652646388,8.584350814285715,3.1463663656177356,6.965397785714287,3.109401506728973,2.7579933,-1.180478552380956,6.9342933
2024-06-09,22.579166666666666,26.6,20.5,84.875,4.2,1.659166666666667,1010.8833333333332,181.08333333333331,24,70.42031264225501,101.08833333333334,4.346,Complete,6.2816954,6,6,161,0,1.2246467991473532e-16,-1.0,-0.7818314824680299,0.6234898018587334,0.36348161248290634,-0.9316013725767187,0.9421763187078177,0.3351175681252547,6.9342933,7.232153,4.4741597,12.365092,5.316764,6.21353533333333,1.5136878131227574,7.9996341428571425,2.993301214283953,7.2364830499999995,2.9091433987248987,-0.29785970000000006,-1.0229477166666694,6.2816954
2024-06-10,22.245833333333334,26.7,19.5,76.54166666666667,0.4,1.0904166666666668,1010.9125,168.08333333333334,24,30.24955308440916,101.09125,4.034,Complete,6.8453403,6,0,162,0,1.2246467991473532e-16,-1.0,0.0,1.0,0.3474028211842774,-0.9377159910299093,0.5037672389849475,0.8638394346899676,6.2816954,6.9342933,7.232153,11.843006,4.082487,6.8160472333333315,0.4861368239097937,7.130577485714285,2.3225843316247143,7.3054067214285725,2.871347722925936,-0.6525979,-0.489359488095241,6.8453403
2024-06-11,22.29583333333333,27.1,19.3,84.95833333333333,0.3,1.4795833333333333,1008.625,198.16666666666663,24,22.597297567609907,100.8625,4.756,Complete,6.067026,6,1,163,0,1.2246467991473532e-16,-1.0,0.7818314824680298,0.6234898018587336,0.3312212278016865,-0.9435531242349544,0.3842517777825763,0.9232283418910674,6.8453403,6.2816954,6.9342933,7.50029,4.123564,6.6871096666666645,0.35390493746902724,6.416625242857143,1.0545671291536018,7.5027533857142865,2.723960640120905,0.5636448999999999,-0.815643719047622,6.067026
2024-06-12,23.141666666666666,29.2,20.5,85.25,0.6,1.33625,1006.2333333333332,163.45833333333334,24,262.29715021795687,100.62333333333332,3.923,Complete,8.03989,6,2,164,0,1.2246467991473532e-16,-1.0,0.9749279121818236,-0.22252093395631434,0.31494162072895193,-0.9491110448902284,-0.9909765342734961,-0.13403547485382517,6.067026,6.8453403,6.2816954,5.648445,5.4824057,6.398020566666664,0.40198500680520893,6.211873242857144,0.9422577171836103,7.6415721,2.584452087767055,-0.7783142999999999,-1.2435515333333367,8.03989
2024-06-13,23.09583333333333,28.3,20.2,88.75,0.0,1.47,1005.2125,196.41666666666663,24,355.1668982989943,100.52125,4.714,Complete,2.920153,6,3,165,0,1.2246467991473532e-16,-1.0,0.43388373911755823,-0.900968867902419,0.2985688173637202,-0.9543881083175908,-0.08425353681271558,0.9964443494418282,8.03989,6.067026,6.8453403,4.4741597,5.285841,6.98408543333333,0.9937231755583782,6.553508242857142,1.1205869147105774,7.82424955,2.5093910787243527,1.9728639999999995,-0.8401641166666698,2.920153
2024-06-14,23.78333333333333,30.3,20.4,88.125,0.1,1.255,1004.5791666666668,182.33333333333331,24,276.0781787582682,100.45791666666668,4.376,Complete,5.2846403,6,4,166,0,1.2246467991473532e-16,-1.0,-0.433883739117558,-0.9009688679024191,0.2821076626819194,-0.9593827529490743,-0.9943783429573773,0.10588536753178264,2.920153,8.03989,6.067026,7.232153,9.994952,5.675689666666663,2.58220542010746,6.331507285714286,1.6364025168965597,7.655271835714286,2.7605526630593573,-5.119737,-1.9795821690476227,5.2846403
2024-06-15,23.379166666666663,27.1,20.8,93.25,2.5,1.2279166666666663,1006.8625,145.75,24,180.7526289725878,100.68625,3.498,Complete,4.641937,6,5,167,0,1.2246467991473532e-16,-1.0,-0.9749279121818236,-0.2225209339563146,0.26556302780405594,-0.9640935007889755,-0.013135475854137461,-0.9999137259154338,5.2846403,2.920153,8.03989,6.9342933,11.02731,5.41489443333333,2.5623526965915646,6.053291185714286,1.6232589431374966,7.318821,2.740430417777535,2.3644873000000004,-1.9039265666666694,4.641937
2024-06-16,24.258333333333336,28.9,21.6,90.83333333333331,1.7,1.14375,1007.7875,166.16666666666666,24,46.13646620126067,100.77875,3.988,Complete,5.7526536,6,6,168,0,1.2246467991473532e-16,-1.0,-0.7818314824680299,0.6234898018587334,0.24893980855376657,-0.9685189578512204,0.7209922849649729,0.6929430893089181,4.641937,5.2846403,2.920153,6.2816954,12.365092,4.28224343333333,1.2225934092703579,5.725811714285714,1.6469605268272494,6.862722928571429,2.6036945104176548,-0.6427033,-2.580479495238099,5.7526536
2024-06-17,24.391666666666666,28.6,22.3,92.66666666666669,5.3,1.36,1007.5,120.58333333333331,24,19.527208503437475,100.75,2.894,Complete,5.9406915,6,0,169,0,1.2246467991473532e-16,-1.0,0.0,1.0,0.23224292400907015,-0.9726578145718654,0.33425446125598635,0.9424828672875015,5.7526536,4.641937,5.2846403,6.8453403,11.843006,5.226410299999997,0.5576431574527589,5.650234314285714,1.6292433863920097,6.390405899999999,2.0748113464907703,1.1107166,-1.1639956000000025,5.9406915
2024-06-18,24.65416666666667,29.2,22.1,92.08333333333331,2.0,1.4395833333333332,1007.0208333333334,184.16666666666663,24,7.8125371004512925,100.70208333333332,4.42,Complete,2.581089,6,1,170,0,1.2246467991473532e-16,-1.0,0.7818314824680298,0.6234898018587336,0.21547731504673012,-0.976508846196619,0.1359323583660223,0.9907181203294161,5.9406915,5.7526536,4.641937,6.067026,7.50029,5.445094033333331,0.7018799598960672,5.520998771428572,1.552727619035424,5.968812007142857,1.3572019590651603,0.18803789999999942,-0.5237179738095259,2.581089
2024-06-19,24.804166666666664,30.0,21.8,89.125,0.7000000000000001,1.23875,1005.9,198.04166666666663,24,2.8720214903961896,100.59,4.753,Complete,3.1065924,6,2,171,0,1.2246467991473532e-16,-1.0,0.9749279121818236,-0.22252093395631434,0.19864794288017112,-0.9800709131432666,0.05010524231147548,0.998743943507498,2.581089,5.9406915,5.7526536,8.03989,5.648445,4.758144699999997,1.887728318279922,5.023007771428572,1.8741547797485174,5.617440507142858,1.5528816475364489,-3.3596025,-0.8592958071428605,3.1065924
2024-06-20,24.508333333333336,29.6,22.0,88.16666666666667,0.1,1.08125,1005.525,192.70833333333331,24,96.49198304801462,100.5525,4.625,Complete,2.2892408,6,3,172,0,1.2246467991473532e-16,-1.0,0.43388373911755823,-0.900968867902419,0.18175978759137534,-0.9833429613388902,0.9935876855939861,-0.11306418989222991,3.1065924,2.581089,5.9406915,2.920153,4.4741597,3.876124299999997,1.8071709239415357,4.318250971428571,1.4241389969310798,5.435879607142858,1.6913952874467928,0.5255033999999998,-1.5597553071428605,2.2892408
2024-06-21,22.491666666666664,25.1,21.2,87.83333333333333,3.2,2.118333333333333,1007.6291666666666,81.91666666666667,24,162.2025253116131,100.76291666666664,1.966,Complete,5.0632634,6,4,173,0,1.2246467991473532e-16,-1.0,-0.433883739117558,-0.9009688679024191,0.16481784665719793,-0.9863240225317866,0.30565333956103335,-0.9521428653385938,2.2892408,3.1065924,2.581089,5.2846403,7.232153,2.6589740666666635,0.41420462601566127,4.228120657142857,1.5424207877367315,5.279813971428572,1.8775203386151003,-0.8173515999999998,-2.6208399047619086,5.0632634
2024-06-22,21.5,25.4,17.6,71.95833333333333,0.0,1.3445833333333337,1008.675,207.875,24,121.14897157428578,100.8675,4.989,Complete,6.140013,6,5,174,0,1.2246467991473532e-16,-1.0,-0.9749279121818236,-0.2225209339563146,0.14782713347053048,-0.9890132145779883,0.8558252829929806,-0.5172650046059416,5.0632634,2.2892408,3.1065924,4.641937,6.9342933,3.4863655333333305,1.4254722273439673,4.196495385714285,1.519243224948299,5.124893285714285,1.7915471330304662,2.7740226000000003,-1.6385277523809547,6.140013
2024-06-23,21.83333333333333,24.9,20.2,76.75,0.2,1.2508333333333332,1009.1708333333332,95.04166666666669,24,77.57039998666097,100.91708333333332,2.281,Complete,6.15627,6,6,175,0,1.2246467991473532e-16,-1.0,-0.7818314824680299,0.6234898018587334,0.13079267585675922,-0.9914097417023038,0.9765612119362154,0.21523986466653935,6.140013,5.0632634,2.2892408,5.7526536,6.2816954,4.49750573333333,1.9867493392769142,4.410506242857143,1.6885317989200006,5.06815897857143,1.741723535609362,1.0767495999999994,-0.5706532452380992,6.15627
2024-06-24,22.008333333333336,26.4,19.6,83.58333333333333,1.5,1.6333333333333335,1010.15,132.79166666666666,24,52.95580090199981,101.015,3.187,Complete,11.957596,6,0,176,0,1.2246467991473532e-16,-1.0,0.0,1.0,0.11371951458594969,-0.9935128947338007,0.7981710204472696,0.6024309272590214,6.15627,6.140013,5.0632634,5.9406915,6.8453403,5.786515466666664,0.6264074045423399,4.468165728571428,1.747850921808561,5.0592000214285715,1.735312045458638,0.01625700000000041,0.7273154452380926,11.957596
2024-06-25,22.53333333333333,27.2,19.1,85.625,1.3,1.32875,1010.675,176.95833333333334,24,59.27600276077507,101.0675,4.247,Complete,5.819743,6,1,177,0,1.2246467991473532e-16,-1.0,0.7818314824680298,0.6234898018587336,0.0966127018812031,-0.9953220513156602,0.8596383650687445,0.5109030057671768,11.957596,6.15627,6.140013,2.581089,6.067026,8.08462633333333,3.354099968948817,5.327723514285714,3.343681942694243,5.424361142857143,2.506572523379189,5.801326,2.6602651904761876,5.819743
2024-06-26,21.67083333333333,26.4,18.6,88.45833333333333,1.6,1.1645833333333333,1009.9125,176.375,24,18.869055865646867,100.99125,4.233,Complete,5.1125684,6,2,178,0,1.2246467991473532e-16,-1.0,0.9749279121818236,-0.22252093395631434,0.07947729992362097,-0.9968366760893436,0.32340641201291925,0.9462601611971889,5.819743,11.957596,6.15627,3.1065924,8.03989,7.977869666666663,3.4506490507732672,5.7903883714285715,3.1166468154200913,5.406698071428572,2.5025635550453047,-6.137853000000001,2.5711715952380914,5.1125684
2024-06-27,21.90416666666667,25.4,19.4,87.79166666666667,2.0,0.9770833333333332,1009.1125,102.45833333333331,24,85.3570264623837,100.91125,2.459,Complete,6.001656,6,3,179,0,1.2246467991473532e-16,-1.0,0.43388373911755823,-0.900968867902419,0.062318379354325076,-0.998056320853012,0.9967184465186498,0.08094651548676642,5.1125684,5.819743,11.957596,2.2892408,2.920153,7.62996913333333,3.7644773477260767,6.0769563714285715,2.9144111697863426,5.197603671428572,2.3851696035308034,-0.7071746000000001,2.432365461904758,6.001656
2024-06-28,22.28333333333333,26.8,20.3,90.875,2.6,0.9525,1009.0083333333332,149.75,24,61.85263205758496,100.90083333333334,3.594,Complete,5.0385437,6,4,180,0,1.2246467991473532e-16,-1.0,-0.433883739117558,-0.9009688679024191,0.04514101777397193,-0.9989806246941579,0.8817371665754777,0.47174099787854795,6.001656,5.1125684,5.819743,5.0632634,5.2846403,5.644655799999996,0.4696922777961468,6.6073014,2.40321918649528,5.417711028571429,2.2994798675056214,0.8890875999999999,0.22694477142856684,5.0385437
2024-06-29,22.504166666666663,27.6,19.9,92.66666666666669,2.3000000000000003,0.9091666666666668,1008.775,154.29166666666666,24,192.1341676991782,100.8775,3.703,Complete,5.2762914,6,5,181,0,1.2246467991473532e-16,-1.0,-0.9749279121818236,-0.2225209339563146,0.02795029824021032,-0.999609314096404,-0.21020161572646606,-0.9776580592139478,5.0385437,6.001656,5.1125684,6.140013,4.641937,5.38425603333333,0.5359635744922637,6.603770014285714,2.4058828882243373,5.4001327,2.301515114193358,-0.9631122999999997,-0.015876666666670758,5.2762914
2024-06-30,21.566666666666663,23.3,19.9,94.75,5.9,1.7466666666666668,1009.4375,120.5,24,134.09533911885123,100.94375,2.892,Complete,4.448218,6,6,182,0,1.2246467991473532e-16,-1.0,-0.7818314824680299,0.6234898018587334,0.01075130776352193,-0.9999422030204416,0.7181829063078197,-0.6958543763512978,5.2762914,5.0385437,6.001656,6.15627,5.7526536,5.4388303666666635,0.5017075964808851,6.480381214285714,2.4552729027690825,5.445443728571428,2.291663258403758,0.2377476999999999,-0.006613361904764581,4.448218
2024-07-01,21.875,25.8,18.5,74.04166666666667,0.0,1.2854166666666669,1010.3791666666666,126.08333333333331,24,92.25484020549332,101.03791666666666,3.026,Complete,5.0069532,7,0,183,0,-0.4999999999999997,-0.8660254037844388,0.0,1.0,-0.00645086419810515,-0.9999791929590823,0.9992257161032895,-0.039344228012103716,4.448218,5.2762914,5.0385437,11.957596,5.9406915,4.921017699999996,0.4263632951531705,6.236373785714286,2.5748155932777235,5.352269757142857,2.3046926738592632,-0.8280734000000001,-0.43125205714286086,5.0069532
2024-07-02,21.4,26.0,17.5,91.16666666666669,3.9,1.2766666666666666,1010.5583333333334,150.375,24,18.004425461191857,101.05583333333334,3.609,Complete,7.467705,7,1,184,0,-0.4999999999999997,-0.8660254037844388,0.7818314824680298,0.6234898018587336,-0.023651127245231586,-0.9997202729664083,0.3090904519825057,0.9510326453351906,5.0069532,4.448218,5.2762914,5.819743,2.581089,4.910487533333329,0.4223808797530404,5.2434248142857145,0.5252792540847425,5.2855741642857135,2.2998601181527625,0.5587352000000001,-0.37508663095238415,7.467705
2024-07-03,22.204166666666666,24.8,20.4,96.5,6.3,1.33,1009.9333333333334,146.70833333333334,24,35.77856584605562,100.99333333333334,3.521,Complete,6.271094,7,2,185,0,-0.4999999999999997,-0.8660254037844388,0.9749279121818236,-0.22252093395631434,-0.04084439154329611,-0.9991655196610109,0.5846542178788188,0.8112825928839511,7.467705,5.0069532,4.448218,5.1125684,3.1065924,5.640958733333329,1.6064861337762073,5.4788479571428566,0.9901869409912774,5.6346181642857145,2.227510619937302,2.4607517999999997,0.006340569047614153,6.271094
2024-07-04,23.354166666666668,27.6,20.3,89.54166666666667,1.0,1.45625,1007.825,181.75,24,52.84140375269141,100.7825,4.362,Complete,4.1496835,7,3,186,0,-0.4999999999999997,-0.8660254037844388,0.43388373911755823,-0.900968867902419,-0.05802556932878035,-0.9983150972033183,0.796966612564494,0.6040233591985295,6.271094,7.467705,5.0069532,6.001656,2.2892408,6.2485840666666626,1.23053032393552,5.644351614285713,1.0152646554311509,5.860653992857142,2.108633220988262,-1.1966109999999999,0.38793007380952016,4.1496835
2024-07-05,23.90833333333333,29.0,21.1,90.41666666666669,1.1,1.612083333333333,1005.325,179.45833333333334,24,344.3254966941081,100.5325,4.307,Complete,6.456105,7,4,187,0,-0.4999999999999997,-0.8660254037844388,-0.433883739117558,-0.9009688679024191,-0.07518957641475855,-0.9971692572470178,-0.2701720201563345,0.9628120686430167,4.1496835,6.271094,7.467705,5.0385437,5.0632634,5.962827499999996,1.6803534880739464,5.379784114285714,1.140246211484197,5.993542757142857,1.916076493783902,-2.1214104999999996,-0.030715257142860608,6.456105
2024-07-06,21.375,22.6,20.2,96.20833333333331,2.8,2.397083333333333,1004.7166666666668,26.45833333333333,24,220.72463485721624,100.47166666666666,0.635,Complete,6.290776,7,5,188,0,-0.4999999999999997,-0.8660254037844388,-0.9749279121818236,-0.2225209339563146,-0.09233133369539122,-0.9957283388645872,-0.6524243105061915,-0.757853890311662,6.456105,4.1496835,6.271094,5.2762914,6.140013,5.625627499999997,1.2815480037369893,5.582292871428571,1.1941469471600834,6.093031442857142,1.9001520355447779,2.3064215,-0.46740394285714526,6.290776
2024-07-07,20.495833333333334,22.4,18.7,87.54166666666667,4.3,1.865,1007.425,68.875,24,149.52276080837282,100.7425,1.653,Complete,9.908589,7,6,189,0,-0.4999999999999997,-0.8660254037844388,-0.7818314824680299,0.6234898018587334,-0.10944576864891556,-0.993992768446958,0.5071960398371018,-0.8618307125959025,6.290776,6.456105,4.1496835,4.448218,6.15627,5.632188166666663,1.2865451739354496,5.727219242857143,1.2122436127195606,6.103800228571429,1.9008658546351558,-0.16532899999999984,-0.4716120619047661,9.908589
2024-07-08,19.883333333333333,22.1,18.3,82.54166666666667,1.7,1.788333333333333,1011.3125,43.958333333333336,24,104.28907447486225,101.13125,1.055,Complete,7.677812,7,0,190,0,-0.4999999999999997,-0.8660254037844388,0.0,1.0,-0.12652781683868314,-0.9919630595773397,0.9690628131383713,-0.24681423012530312,9.908589,6.290776,6.456105,5.0069532,11.957596,7.5518233333333304,2.0426922737515905,6.507272242857143,1.8441726937632528,6.371823014285714,2.156220705346395,3.617812999999999,1.1800003190476165,7.677812
2024-07-09,20.891666666666666,23.5,19.0,77.41666666666667,2.9,2.45375,1011.55,116.33333333333331,24,100.04382719845282,101.155,2.792,Complete,8.98018,7,1,191,0,-0.4999999999999997,-0.8660254037844388,0.7818314824680298,0.6234898018587336,-0.1435724234118113,-0.9896398128792412,0.9846746363995466,-0.17440143471720893,7.677812,9.908589,6.290776,7.467705,5.819743,7.959058999999996,1.8252308434823061,6.888823500000001,1.7562257878014673,6.066124157142857,1.5098946167350604,-2.230776999999999,1.892934842857139,8.98018
2024-07-10,20.7875,23.6,18.8,89.875,5.8,2.31625,1010.1041666666666,83.04166666666667,24,98.47908472373776,101.01041666666666,1.993,Complete,9.421058,7,2,192,0,-0.4999999999999997,-0.8660254037844388,0.9749279121818236,-0.22252093395631434,-0.16057454459499376,-0.9870237158387383,0.9890697538770001,-0.14744837050876616,8.98018,7.677812,9.908589,6.271094,5.1125684,8.855526999999997,1.1206004121626825,7.104891357142857,1.924311352720378,6.291869657142857,1.695122553938053,1.3023680000000004,2.56365734285714,9.421058
