solar_all_sky_kwh_m2_day,solar_clear_sky_kwh_m2_day,clearness_index,temperature_mean_c,temperature_max_c,temperature_min_c,relative_humidity_pct,wind_speed_10m_m_s,wind_direction_10m_deg,surface_pressure_kpa,TS,T2MDEW,T2MWET,ALLSKY_SFC_SW_DNI,ALLSKY_SFC_SW_DIFF,precipitation_mm,date,pm25_ug_m3
2.621,8.0779,0.23,26.34,26.74,25.98,84.97,3.6,68.2,100.83,27.67,23.63,24.98,0.1944,1.961,17.86,2021-01-01,6.255171
2.9774,8.0088,0.26,26.68,27.79,25.61,80.64,3.72,320.7,100.68,27.84,23.09,24.88,0.1733,2.1722,15.74,2021-01-02,9.44728
4.3586,8.0462,0.38,27.05,28.01,26.17,82.29,5.9,293.5,100.61,27.52,23.79,25.42,0.2938,3.18,17.69,2021-01-03,13.898806
2.4146,8.1302,0.21,27.26,28.49,26.24,81.03,6.09,283.4,100.66,27.7,23.73,25.49,0.085,1.7698,20.97,2021-01-04,10.430398
5.8481,8.2236,0.51,27.29,28.71,26.14,82.59,5.15,237.7,100.54,28.01,24.07,25.68,2.9503,3.06,9.49,2021-01-05,5.931973
7.4285,8.364,0.64,26.96,27.45,26.37,82.21,3.63,158.8,100.48,28.41,23.69,25.32,7.0217,2.1475,1.98,2021-01-06,2.6623645
7.3248,8.3815,0.63,27.06,27.88,25.9,85.34,4.96,132.3,100.55,28.29,24.4,25.73,6.7922,2.3486,17.56,2021-01-07,1.5133849
6.8064,8.2154,0.59,27.76,28.73,26.86,84.51,4.5,357.3,100.66,28.45,24.91,26.33,5.3016,2.2752,19.11,2021-01-08,6.024031
7.0853,8.226,0.61,27.27,28.03,26.29,82.24,5.65,34.6,100.92,28.15,23.99,25.63,6.0653,2.1938,5.72,2021-01-09,5.3527493
6.1116,8.2243,0.53,27.73,28.49,27.03,83.34,4.69,85.8,100.91,28.34,24.66,26.2,2.0918,4.0092,3.75,2021-01-10,6.441617
5.5678,8.167,0.48,27.64,28.05,27.27,84.52,5.28,70.7,100.83,27.93,24.81,26.23,1.1938,3.8714,2.29,2021-01-11,7.376215
6.3912,8.106,0.55,27.91,28.41,27.39,83.64,4.51,51.5,100.78,28.1,24.89,26.4,2.7139,3.6756,4.87,2021-01-12,6.189083
5.532,8.2164,0.48,27.73,28.19,27.3,86.32,4.04,67.5,100.82,28.18,25.26,26.5,1.243,3.7001,2.39,2021-01-13,6.8609295
6.2544,8.177,0.54,27.92,28.86,27.19,83.96,4.01,44.5,100.78,28.45,24.96,26.44,3.4236,3.1956,2.66,2021-01-14,6.51098
7.3608,8.197,0.64,28.12,28.9,27.29,83.51,4.56,39.1,100.74,28.77,25.07,26.59,6.2839,2.3153,3.4,2021-01-15,3.4836986
7.0231,8.1648,0.61,28.15,28.95,27.35,80.86,4.35,26.9,100.79,28.59,24.55,26.35,6.4834,2.1252,16.23,2021-01-16,4.9836617
6.762,8.1499,0.59,27.85,28.28,27.3,80.98,2.96,65.3,100.9,28.83,24.3,26.07,6.7418,2.2195,12.57,2021-01-17,4.9729323
7.2533,8.1566,0.63,28.09,28.76,27.49,77.54,2.2,70.2,100.92,29.13,23.8,25.94,7.1179,2.0105,4.03,2021-01-18,4.790714
7.063,8.171,0.61,28.12,28.96,27.5,79.21,2.97,95.2,100.94,29.22,24.19,26.16,7.2106,1.9166,1.56,2021-01-19,6.5209637
6.7212,8.1574,0.59,28.04,28.89,26.97,80.76,2.55,23.9,100.77,29.55,24.44,26.24,5.4946,2.1739,2.66,2021-01-20,1.2944028
5.5457,8.0885,0.48,28.65,29.38,27.89,80.18,3.85,325.1,100.6,29.41,24.91,26.78,2.689,2.7156,7.24,2021-01-21,3.4601727
4.8907,8.1046,0.43,28.1,28.84,27.36,82.77,2.16,340.5,100.62,29.34,24.91,26.51,1.2384,3.264,10.94,2021-01-22,3.6085765
4.5775,8.1122,0.4,28.31,29.03,27.56,81.77,3.46,34.5,100.66,29.21,24.91,26.61,1.4424,3.0485,6.58,2021-01-23,5.1680403
4.3567,8.0081,0.38,27.36,27.75,26.91,84.65,3.93,66.5,100.53,28.86,24.57,25.97,0.3187,3.1334,26.82,2021-01-24,4.686214
5.964,8.0542,0.52,27.84,28.66,26.71,82.89,2.9,50.7,100.22,29.28,24.68,26.26,1.8094,3.787,19.84,2021-01-25,3.8843987
6.4711,8.1494,0.57,28.26,29.36,27.27,80.88,3.35,25.6,99.99,29.5,24.68,26.47,4.631,3.0936,24.3,2021-01-26,5.204239
6.2282,8.2123,0.55,28.85,30.07,27.69,83.37,5.1,319.7,99.79,29.3,25.75,27.3,6.0756,3.0264,22.04,2021-01-27,11.414592
5.5399,8.2027,0.49,29.06,30.6,28.02,82.0,6.87,284.5,99.72,29.12,25.66,27.36,0.7594,3.9725,36.45,2021-01-28,5.9117475
2.8109,8.0683,0.25,28.11,28.94,27.36,85.34,10.09,318.7,99.75,28.56,25.43,26.77,0.3506,1.9447,88.58,2021-01-29,8.324207
5.3664,8.0705,0.47,28.0,28.47,27.55,87.41,11.55,17.0,99.66,28.51,25.73,26.86,2.0506,3.1003,72.26,2021-01-30,9.514125
0.7505,7.9529,0.07,28.25,29.14,27.79,89.39,18.93,17.0,98.53,28.5,26.35,27.3,0.4788,0.4178,80.0,2021-01-31,9.288375
5.2541,7.993,0.46,28.56,29.83,27.47,84.2,12.11,314.0,99.52,28.57,25.64,27.1,1.2744,3.7426,12.74,2021-02-01,6.8673105
6.7541,8.1014,0.6,28.09,29.61,27.02,84.98,4.37,256.5,99.89,28.71,25.34,26.72,5.3942,2.7278,3.53,2021-02-02,5.2197323
6.1222,7.9481,0.54,27.82,29.32,26.58,82.79,3.01,188.2,100.25,28.91,24.62,26.22,5.4394,2.3206,8.88,2021-02-03,7.6697545
4.1983,7.9142,0.37,27.73,28.76,27.18,84.01,1.82,178.0,100.37,28.55,24.78,26.25,0.9883,2.7622,15.41,2021-02-04,5.4298325
5.351,7.8274,0.48,27.57,28.22,26.93,84.42,2.92,156.0,100.28,28.79,24.72,26.14,2.1437,3.4013,5.55,2021-02-05,5.9437256
3.8287,7.873,0.34,27.38,27.88,26.99,86.25,4.84,159.9,100.18,28.35,24.9,26.14,0.7438,2.5375,15.76,2021-02-06,5.3780622
5.1288,7.9315,0.46,27.56,28.04,26.9,88.34,6.05,173.1,99.94,28.17,25.48,26.52,2.6923,2.8548,27.8,2021-02-07,4.324278
6.1742,7.9742,0.55,27.78,28.17,27.03,89.31,4.96,81.3,99.83,28.3,25.88,26.83,5.2747,2.2872,14.87,2021-02-08,3.0839686
6.1524,7.9522,0.55,28.03,29.3,26.76,86.81,6.88,261.7,99.83,28.24,25.63,26.83,2.9678,3.2054,7.21,2021-02-09,4.9261217
7.3303,8.0678,0.66,28.63,29.9,27.4,79.96,5.29,299.5,100.33,28.76,24.81,26.72,6.2796,2.3779,5.42,2021-02-10,7.171046
4.1851,7.9226,0.38,28.24,29.39,27.23,82.15,4.69,324.5,100.64,28.58,24.9,26.57,1.6872,2.2774,12.48,2021-02-11,3.7118893
4.7938,7.8168,0.43,26.86,27.11,26.63,85.71,4.15,343.9,100.78,28.03,24.28,25.57,1.8233,2.6076,21.88,2021-02-12,8.641571
4.0445,7.8067,0.36,27.04,27.38,26.52,86.53,4.74,38.6,100.84,28.03,24.62,25.83,0.2455,2.9222,10.86,2021-02-13,5.2185383
6.3614,7.8526,0.57,27.47,27.99,26.8,83.91,3.63,53.6,100.81,28.54,24.53,26.0,3.876,3.1798,7.41,2021-02-14,6.7249
7.0716,7.8506,0.64,27.47,28.19,26.52,82.56,2.86,64.9,100.75,28.88,24.26,25.86,7.0901,1.7693,2.53,2021-02-15,7.5593505
6.3103,7.7954,0.57,27.93,28.37,27.42,84.25,4.57,52.7,100.78,28.62,25.04,26.49,3.9264,3.0473,6.12,2021-02-16,4.773952
6.733,7.8965,0.61,28.07,28.85,27.36,81.8,5.42,61.1,100.87,28.85,24.68,26.37,4.525,3.0175,1.79,2021-02-17,4.8012652
6.5045,7.9102,0.59,27.92,28.66,27.23,81.31,4.2,93.3,100.93,28.91,24.44,26.18,4.1292,3.491,1.44,2021-02-18,4.9819846
6.822,7.8137,0.62,27.39,28.29,26.72,83.08,4.02,119.4,100.9,28.97,24.28,25.84,5.5222,2.4586,0.41,2021-02-19,5.235208
6.4102,7.7292,0.59,27.25,27.63,26.8,84.13,4.4,115.5,100.81,28.52,24.36,25.81,5.0585,2.3098,4.73,2021-02-20,5.617146
3.4358,7.6553,0.32,27.4,28.3,26.66,82.27,7.78,110.8,100.67,28.35,24.12,25.76,0.5064,2.3174,22.49,2021-02-21,8.569181
6.6804,7.7938,0.61,27.33,28.06,26.75,79.03,8.35,114.6,100.55,28.19,23.39,25.36,5.7149,2.4511,2.38,2021-02-22,10.718573
6.9823,7.8895,0.64,27.72,28.67,26.93,77.9,7.54,112.7,100.41,28.33,23.52,25.62,6.4255,2.58,3.0,2021-02-23,9.051022
6.5539,7.8636,0.61,27.58,28.3,26.97,78.38,6.38,120.8,100.36,28.46,23.5,25.54,6.0727,2.9191,0.76,2021-02-24,6.3164334
6.605,7.8084,0.61,27.44,28.27,26.72,78.61,5.76,110.1,100.36,28.51,23.41,25.43,5.9842,2.1127,3.2,2021-02-25,6.241784
6.6554,7.6819,0.62,26.36,27.39,24.96,80.15,5.6,92.8,100.28,27.77,22.67,24.51,6.1147,1.9562,8.22,2021-02-26,3.6366644
4.3354,7.7179,0.4,26.72,27.91,24.95,84.67,8.36,355.1,100.24,27.59,23.95,25.34,1.4047,2.4502,11.39,2021-02-27,5.697146
4.6726,7.6392,0.44,27.29,28.01,26.58,87.33,8.98,342.2,100.25,27.83,25.01,26.15,1.1657,3.0667,29.27,2021-02-28,4.847976
2.214,7.5451,0.21,27.69,28.82,27.05,83.89,10.91,354.1,100.43,27.93,24.73,26.21,0.1394,1.5898,15.25,2021-03-01,7.558011
2.8622,7.41,0.27,27.96,29.08,27.15,79.48,9.66,347.4,100.59,28.1,24.09,26.03,0.4303,1.8269,9.42,2021-03-02,9.090158
3.911,7.4458,0.37,27.85,28.91,27.08,78.62,7.09,338.0,100.78,28.18,23.8,25.83,0.6917,2.4809,4.7,2021-03-03,6.9238515
5.7989,7.4364,0.55,27.93,29.32,26.78,78.3,4.61,349.2,100.76,28.48,23.81,25.87,3.8765,2.4386,5.32,2021-03-04,6.707818
5.9971,7.4338,0.57,27.9,29.0,26.89,80.42,5.28,345.3,100.78,28.23,24.23,26.07,3.0379,3.4327,6.2,2021-03-05,5.048747
6.161,7.3493,0.59,28.23,29.39,27.34,80.01,5.96,343.1,100.76,28.49,24.46,26.34,4.4899,2.5495,1.26,2021-03-06,5.6894116
5.8788,7.4028,0.56,28.44,29.73,27.28,80.75,4.33,310.7,100.82,28.69,24.81,26.62,4.3814,2.3098,5.57,2021-03-07,8.386607
6.1313,7.314,0.59,27.17,27.73,26.57,83.46,2.52,196.2,100.9,28.59,24.14,25.65,5.5128,2.3222,21.11,2021-03-08,7.5946255
3.5318,7.2948,0.34,26.43,26.87,26.04,83.45,6.84,146.4,100.92,27.87,23.41,24.92,0.797,2.2716,20.65,2021-03-09,7.305758
6.2282,7.4539,0.6,26.44,27.22,25.72,77.89,6.62,119.8,101.0,27.9,22.29,24.37,5.077,2.5486,1.48,2021-03-10,7.8909607
7.0901,7.4405,0.69,26.86,27.68,26.14,73.52,5.72,104.8,101.1,27.95,21.74,24.3,7.0922,1.8763,0.19,2021-03-11,5.6181192
5.8618,7.3778,0.57,27.04,27.79,26.2,75.31,5.15,110.8,101.06,28.05,22.31,24.67,4.8888,2.2603,1.87,2021-03-12,5.938489
5.0191,7.2398,0.49,26.75,27.62,25.87,77.8,5.34,110.4,101.02,28.06,22.57,24.66,2.6417,2.5579,2.59,2021-03-13,4.4151278
2.8452,7.1194,0.28,26.6,27.33,25.98,80.55,4.22,80.9,100.99,27.59,22.99,24.8,0.3497,1.9531,29.64,2021-03-14,3.0541544
2.8272,7.1136,0.28,26.32,26.96,25.77,83.0,3.34,10.0,100.94,27.6,23.22,24.77,0.1656,2.0726,33.97,2021-03-15,4.3898325
6.1474,7.2806,0.61,26.44,27.92,25.48,76.22,2.78,236.0,100.9,27.79,21.9,24.17,5.5752,1.8811,343.45,2021-03-16,2.6512055
7.0822,7.355,0.7,26.17,27.2,25.24,78.51,3.11,139.2,100.94,27.87,22.15,24.16,7.999,1.2922,49.35,2021-03-17,0.5857856
6.6492,7.343,0.66,26.39,27.26,25.6,80.14,4.53,129.7,100.95,27.78,22.72,24.55,7.4666,1.5835,0.47,2021-03-18,1.3581029
6.7435,7.236,0.67,26.13,26.84,25.4,80.54,4.16,131.5,100.91,27.83,22.54,24.33,7.6027,1.5641,0.23,2021-03-19,3.221686
6.4457,7.1158,0.65,26.41,27.45,25.5,77.25,3.15,144.7,100.81,27.99,22.12,24.27,6.0341,2.5022,0.02,2021-03-20,6.2217965
6.2969,7.0562,0.64,26.73,27.76,25.71,76.3,3.39,151.4,100.79,27.68,22.22,24.48,5.3678,2.4432,0.36,2021-03-21,7.066227
5.375,6.9775,0.54,27.21,28.38,26.42,75.98,2.13,205.2,100.8,27.98,22.6,24.9,3.0979,3.2134,1.27,2021-03-22,4.6699996
4.3646,6.9766,0.44,26.81,27.9,25.88,82.13,3.27,15.4,100.72,27.76,23.53,25.17,2.4667,2.9638,41.12,2021-03-23,5.877972
2.0148,6.8338,0.21,27.12,28.66,26.05,83.13,5.66,289.2,100.58,28.04,24.0,25.56,0.1769,1.4856,36.3,2021-03-24,5.0144706
3.6401,6.9091,0.37,26.59,27.38,25.93,82.89,4.97,347.6,100.78,27.51,23.45,25.02,0.6665,2.5416,90.84,2021-03-25,8.305498
5.274,6.822,0.54,26.77,27.15,26.13,83.72,4.19,56.2,100.99,27.68,23.8,25.29,2.1677,3.0756,14.3,2021-03-26,4.289355
4.9946,6.8138,0.52,27.48,28.19,26.86,82.71,5.72,93.8,100.96,28.11,24.29,25.88,4.0462,1.9992,2.43,2021-03-27,3.6569147
6.2434,6.791,0.65,27.44,28.06,26.83,84.24,6.38,95.5,100.85,28.04,24.56,26.0,6.492,1.6056,14.32,2021-03-28,5.25516
4.4527,6.7382,0.47,27.76,28.37,27.18,83.56,6.41,79.3,100.75,27.95,24.74,26.25,2.2942,2.3671,16.32,2021-03-29,5.78418
4.7498,6.732,0.5,27.82,28.38,27.35,84.71,6.33,90.0,100.63,28.0,25.03,26.43,2.6986,2.3234,4.92,2021-03-30,5.2067647
4.8187,6.7205,0.51,27.98,28.75,27.27,83.74,5.85,80.2,100.61,28.12,24.99,26.49,3.3514,2.3083,20.87,2021-03-31,5.946216
4.9702,6.7063,0.53,28.07,28.69,27.53,83.77,6.17,88.7,100.69,28.07,25.08,26.58,2.0674,3.1572,12.99,2021-04-01,7.1354833
4.9867,6.6833,0.53,28.01,28.72,27.3,83.95,5.61,93.6,100.8,28.28,25.06,26.54,1.6668,3.4759,5.34,2021-04-02,8.102632
4.0596,6.6228,0.43,27.96,28.74,27.35,82.31,4.88,106.0,100.81,28.34,24.67,26.31,0.4445,2.927,5.3,2021-04-03,8.1355295
2.3762,6.5102,0.26,26.82,27.55,25.75,85.72,5.75,140.3,100.75,27.61,24.25,25.54,0.1058,1.7832,18.45,2021-04-04,6.5878396
5.7074,6.7394,0.62,26.12,26.75,25.63,80.38,7.23,138.1,100.84,27.39,22.49,24.31,4.7954,2.2944,4.53,2021-04-05,4.839869
6.5503,6.7807,0.71,26.3,27.11,25.52,73.93,5.54,131.4,100.95,27.41,21.29,23.8,7.5576,1.247,0.15,2021-04-06,3.3481982
5.8642,6.7411,0.64,25.96,26.8,25.26,77.67,4.76,136.5,100.88,27.52,21.77,23.86,6.5796,1.6198,0.01,2021-04-07,3.6387746
5.4907,6.6163,0.6,25.63,26.47,24.9,80.13,4.54,125.1,100.89,27.47,21.95,23.79,5.3321,1.9234,0.26,2021-04-08,1.2719071
4.3274,6.456,0.48,25.96,26.72,25.13,82.62,4.12,112.9,100.84,27.62,22.79,24.38,3.839,1.9046,5.5,2021-04-09,2.8197854
4.8566,6.3389,0.54,26.8,27.78,25.59,84.24,4.17,63.5,100.84,27.84,23.94,25.37,4.5679,1.8206,4.73,2021-04-10,7.0712643
5.3986,6.2945,0.6,27.64,28.6,26.86,84.14,3.84,35.4,100.87,28.38,24.72,26.18,6.2993,1.669,0.85,2021-04-11,4.946216
6.1495,6.3538,0.69,26.96,27.47,26.09,85.44,4.55,92.0,100.86,28.23,24.33,25.64,7.057,1.243,1.04,2021-04-12,2.0428176
6.1505,6.3739,0.69,26.68,27.67,25.79,78.12,3.76,119.8,100.79,28.0,22.55,24.62,6.7454,1.5518,0.13,2021-04-13,2.0494256
6.1637,6.2774,0.7,26.75,27.87,25.78,78.24,3.45,129.5,100.76,28.24,22.66,24.71,7.0742,1.3366,0.02,2021-04-14,3.0955257
6.0353,6.2902,0.69,26.97,28.29,26.15,78.19,2.94,130.6,100.77,28.44,22.85,24.91,7.075,1.2262,1.94,2021-04-15,0.7748113
5.0021,6.2323,0.57,26.88,27.69,26.09,81.22,4.36,113.0,100.92,28.3,23.41,25.14,4.9157,1.7849,2.72,2021-04-16,1.8596537
5.1667,6.1822,0.59,27.1,27.81,26.36,77.48,3.51,113.6,100.92,28.41,22.83,24.97,5.4578,1.6548,1.58,2021-04-17,0.80864733
4.3954,6.0905,0.51,27.35,28.3,26.51,79.17,4.17,107.6,100.93,28.46,23.43,25.39,5.123,1.5036,2.48,2021-04-18,3.5370533
4.6181,6.0331,0.54,27.32,27.95,26.65,83.03,5.61,93.0,101.06,28.07,24.2,25.76,4.5058,1.8276,3.69,2021-04-19,4.8889675
3.4757,6.0233,0.41,27.55,28.18,26.98,80.1,5.37,82.3,101.13,27.96,23.83,25.69,1.44,1.9354,2.99,2021-04-20,4.026518
5.7756,6.0005,0.68,27.67,28.73,26.76,78.58,4.12,91.5,101.07,28.43,23.62,25.65,6.8602,1.1784,0.93,2021-04-21,1.1923972
5.1859,6.072,0.61,27.35,28.04,26.65,81.15,4.92,116.5,101.05,28.35,23.84,25.59,4.6771,2.3678,0.63,2021-04-22,4.2624464
5.3066,5.9246,0.63,27.65,28.32,27.04,83.93,4.75,80.7,101.04,28.6,24.71,26.18,5.874,1.465,4.12,2021-04-23,5.0120406
5.2922,5.8982,0.63,27.54,28.27,26.87,82.23,3.57,97.3,101.07,28.65,24.25,25.89,6.5143,1.2977,5.98,2021-04-24,5.2856493
5.0474,5.8373,0.6,27.43,28.1,26.77,79.79,3.38,90.4,101.03,28.52,23.65,25.54,6.0132,1.536,4.5,2021-04-25,5.5008726
4.8665,5.7778,0.59,27.54,28.25,26.83,77.43,3.3,68.4,100.87,28.09,23.25,25.39,3.8693,2.0962,3.73,2021-04-26,5.930794
4.2756,5.6357,0.52,27.4,28.72,26.38,82.39,3.84,332.5,100.47,28.08,24.13,25.76,2.185,2.9146,11.39,2021-04-27,4.958032
3.9514,5.729,0.48,27.42,28.61,26.53,81.23,2.23,188.4,100.36,28.4,23.9,25.66,0.8023,2.946,14.68,2021-04-28,9.2510395
4.7664,5.6957,0.58,27.01,27.59,26.26,86.72,6.81,172.9,100.63,28.09,24.61,25.81,3.9466,2.3273,2.46,2021-04-29,8.192295
3.899,5.6626,0.48,27.23,28.16,26.24,84.67,5.19,174.2,100.96,28.11,24.44,25.84,1.5701,2.4062,26.9,2021-04-30,5.039123
2.6436,5.4816,0.33,27.29,27.86,26.78,83.87,3.17,86.0,101.07,27.89,24.35,25.82,0.3439,1.8725,60.25,2021-05-01,4.880377
1.5744,5.4655,0.2,26.63,26.85,26.27,83.41,8.17,121.3,101.1,27.37,23.6,25.12,0.0809,1.1962,72.49,2021-05-02,8.366364
2.5966,5.5111,0.32,26.22,26.89,25.83,81.47,7.65,106.5,101.02,27.24,22.82,24.52,1.0106,1.5288,43.33,2021-05-03,6.261317
3.2674,5.4708,0.41,25.95,26.23,25.57,82.64,5.94,67.1,100.97,27.15,22.79,24.37,1.1174,2.171,41.11,2021-05-04,5.4169645
3.5695,5.3794,0.45,26.68,27.35,26.16,85.69,6.09,38.2,101.03,27.36,24.1,25.39,1.045,2.4329,14.7,2021-05-05,7.0756416
4.0721,5.4451,0.52,26.79,27.46,25.99,82.73,2.96,27.8,101.03,27.5,23.62,25.21,2.1715,2.7161,0.51,2021-05-06,6.3517013
4.4455,5.5486,0.57,26.76,27.71,25.64,84.87,7.35,128.6,101.04,27.61,24.02,25.39,5.1706,1.6152,5.92,2021-05-07,10.591635
3.6934,5.4454,0.47,27.04,27.62,26.6,83.46,11.25,115.9,101.12,27.5,24.02,25.53,3.113,1.8166,11.16,2021-05-08,14.501665
3.1553,5.4326,0.41,26.45,26.9,26.14,77.17,11.05,109.1,101.2,27.12,22.14,24.29,0.6922,2.2356,2.42,2021-05-09,14.784625
3.5028,5.4598,0.45,26.74,27.31,26.23,74.79,10.23,101.1,101.1,26.93,21.91,24.32,2.0698,2.0887,2.36,2021-05-10,16.41038
3.6924,5.3006,0.48,26.67,27.25,26.19,79.76,9.85,105.7,101.15,27.13,22.91,24.79,4.8194,1.9956,7.16,2021-05-11,13.261342
4.6322,5.4504,0.61,26.41,27.09,25.91,77.95,8.45,117.3,101.14,26.98,22.26,24.34,5.4958,1.47,3.88,2021-05-12,8.01193
4.7654,5.4682,0.63,26.05,26.76,25.55,73.4,6.76,110.9,101.1,26.76,20.93,23.49,5.2759,1.4198,2.07,2021-05-13,7.7865963
3.1896,5.3172,0.42,26.29,26.98,25.78,76.08,5.75,82.6,101.05,26.79,21.75,24.02,0.8074,2.4156,0.96,2021-05-14,8.611874
3.1356,5.2562,0.42,26.45,27.22,25.8,79.37,5.42,66.9,101.09,26.98,22.61,24.53,1.8348,1.8811,2.12,2021-05-15,5.80296
4.0505,5.1794,0.54,26.81,27.47,26.17,86.74,5.65,73.3,101.1,27.34,24.44,25.62,4.3747,1.6692,2.92,2021-05-16,4.197478
4.885,5.1938,0.65,26.87,27.54,26.24,86.01,5.04,84.1,101.18,27.54,24.35,25.61,6.313,1.0884,0.69,2021-05-17,2.5222597
5.0642,5.2838,0.68,26.76,27.75,25.96,81.86,5.32,106.6,101.1,27.55,23.39,25.08,6.5489,1.1316,1.06,2021-05-18,4.7211585
4.4923,5.1847,0.61,26.8,27.34,26.23,85.16,6.37,106.5,101.0,27.47,24.12,25.46,4.823,1.6109,9.53,2021-05-19,4.629861
1.2386,5.0513,0.17,27.12,27.66,26.65,86.44,8.97,87.9,100.82,27.38,24.68,25.9,0.3744,0.8304,23.89,2021-05-20,5.320409
3.2467,5.0134,0.44,27.32,27.75,26.84,88.82,8.48,42.1,100.61,27.29,25.33,26.32,1.3118,2.0256,49.55,2021-05-21,4.983423
2.677,5.0009,0.37,27.17,28.24,26.39,84.87,5.45,331.3,100.49,27.26,24.4,25.79,1.2106,1.5994,3.8,2021-05-22,7.7194643
2.1994,4.9901,0.3,26.35,27.83,24.81,84.59,3.11,249.0,100.59,27.26,23.55,24.95,1.2862,1.5545,17.36,2021-05-23,5.1797853
3.6326,5.0117,0.5,24.91,25.6,24.25,80.15,4.77,188.1,100.81,26.53,21.25,23.08,2.6378,1.986,5.47,2021-05-24,3.8943853
1.6344,4.9085,0.23,23.68,24.96,22.21,77.88,4.92,204.1,100.88,25.83,19.59,21.64,0.2165,1.2228,1.97,2021-05-25,5.1251163
4.6188,5.1631,0.64,22.93,24.32,20.97,74.43,4.16,270.0,100.92,25.71,18.12,20.52,5.8387,1.2216,1.67,2021-05-26,5.2984743
4.9286,5.2464,0.69,25.03,26.2,24.14,67.24,3.23,241.2,100.96,26.19,18.54,21.78,6.4519,1.2046,0.17,2021-05-27,2.5044928
4.211,5.0794,0.59,24.88,26.21,23.78,70.48,2.67,196.7,100.96,26.31,19.15,22.01,4.7676,1.5475,0.11,2021-05-28,11.665733
4.099,4.8984,0.57,25.15,25.61,24.5,79.45,2.29,131.5,100.89,26.64,21.36,23.25,3.8964,1.7489,2.22,2021-05-29,4.423665
2.958,4.8242,0.42,25.99,27.02,25.0,76.13,2.16,206.6,100.86,27.13,21.45,23.72,2.4276,1.5101,0.53,2021-05-30,3.6472158
1.5067,4.7957,0.21,25.56,26.56,24.3,79.6,2.5,156.5,100.98,26.71,21.76,23.66,0.5215,1.0978,15.53,2021-05-31,4.812357
0.8698,4.7914,0.12,24.62,25.41,24.1,87.53,3.39,145.6,101.11,26.33,22.44,23.53,0.0492,0.6991,19.56,2021-06-01,4.528392
2.2896,4.9534,0.32,24.39,24.97,23.94,83.12,5.97,166.0,101.2,26.02,21.35,22.87,0.3641,1.7508,2.88,2021-06-02,6.1162453
2.6642,4.9757,0.38,24.67,25.51,24.04,77.85,6.15,148.5,101.2,25.98,20.56,22.62,1.8799,1.7446,4.76,2021-06-03,5.3854985
3.6818,4.9522,0.52,24.74,25.6,23.9,76.57,5.42,148.7,101.12,26.06,20.36,22.55,3.8124,1.5617,3.17,2021-06-04,3.90159
3.4308,4.9334,0.49,24.9,25.76,24.13,73.93,5.48,122.8,101.11,26.0,19.94,22.42,3.1094,1.7786,1.72,2021-06-05,2.9656348
3.7529,4.8934,0.54,25.08,26.13,23.82,69.71,2.1,91.5,100.99,26.31,19.16,22.12,3.7421,1.745,0.04,2021-06-06,3.7297242
3.0818,4.8058,0.44,25.37,26.6,24.44,80.01,3.44,227.0,100.88,26.45,21.68,23.52,2.6318,1.5881,0.64,2021-06-07,7.6707673
4.1734,4.8761,0.6,24.64,25.67,23.53,78.07,4.84,197.2,101.04,26.1,20.55,22.6,5.3515,1.3596,0.35,2021-06-08,3.5068233
3.5069,4.9802,0.51,24.14,25.13,23.24,74.57,4.28,172.2,101.18,25.9,19.33,21.73,2.2831,2.0695,0.02,2021-06-09,7.94158
4.6159,5.0023,0.67,24.16,25.19,23.4,74.52,5.14,135.4,101.39,25.8,19.36,21.76,5.8092,1.3169,0.02,2021-06-10,3.148507
4.3627,4.963,0.63,24.18,25.27,23.14,73.68,7.42,120.7,101.56,25.64,19.19,21.69,5.6534,1.265,0.39,2021-06-11,6.5367336
4.0363,4.8598,0.58,25.21,26.29,24.08,74.59,8.67,109.8,101.51,25.96,20.38,22.8,4.675,1.3536,3.03,2021-06-12,11.157511
2.7756,4.7832,0.4,25.2,25.88,24.57,79.15,9.51,102.0,101.42,25.94,21.35,23.28,1.8439,1.8041,2.7,2021-06-13,11.449572
3.6269,4.7388,0.53,25.58,26.38,24.87,81.84,7.78,99.5,101.35,26.18,22.27,23.92,2.7444,1.8252,0.79,2021-06-14,7.121784
4.2202,4.7465,0.61,25.89,26.73,25.21,82.8,6.37,92.3,101.37,26.31,22.76,24.33,5.1002,1.3346,0.23,2021-06-15,5.8428354
2.1134,4.7285,0.31,25.9,26.56,25.49,85.32,5.03,104.1,101.35,26.28,23.27,24.58,0.7961,1.5341,0.71,2021-06-16,7.3110657
4.1616,4.7906,0.61,26.03,26.83,25.3,87.31,5.14,110.6,101.15,26.58,23.78,24.9,5.5759,1.201,2.25,2021-06-17,3.1428514
4.512,4.7966,0.66,26.24,27.24,25.46,79.73,4.21,104.7,101.1,26.66,22.46,24.35,6.1188,1.164,0.39,2021-06-18,2.2421033
4.5842,4.8394,0.67,26.03,26.83,25.4,77.04,4.73,100.7,101.12,26.38,21.7,23.87,6.359,1.1357,0.06,2021-06-19,4.1360126
4.7278,4.8564,0.69,25.79,26.78,25.05,72.25,2.58,69.9,101.2,26.42,20.42,23.1,6.6775,0.9922,0.04,2021-06-20,4.707751
4.3152,4.8629,0.63,25.28,26.08,24.48,73.92,1.95,104.8,101.31,26.24,20.31,22.79,5.4473,1.7971,0.0,2021-06-21,6.7228003
4.6706,4.8406,0.68,24.66,25.43,23.87,77.86,2.65,98.3,101.34,25.85,20.55,22.6,6.6158,1.0999,0.0,2021-06-22,2.4232066
3.6845,4.7801,0.54,25.2,26.29,24.35,74.45,3.02,102.5,101.28,26.32,20.34,22.77,3.7459,1.818,1.68,2021-06-23,5.014549
2.8104,4.7573,0.41,23.52,24.27,22.66,81.07,8.04,155.7,101.4,25.71,20.09,21.81,2.1038,1.4822,4.16,2021-06-24,6.5484543
3.7301,4.8862,0.54,23.94,24.58,22.95,72.47,9.75,129.6,101.52,25.36,18.7,21.32,3.7476,1.6766,2.08,2021-06-25,10.859829
3.4661,4.8859,0.5,24.75,25.7,24.04,70.71,9.7,117.1,101.61,25.51,19.08,21.91,2.4029,1.9207,1.94,2021-06-26,11.028057
3.8335,4.8598,0.56,24.84,25.8,24.05,75.99,9.89,104.6,101.52,25.58,20.34,22.59,4.0982,1.5809,2.1,2021-06-27,10.891207
3.4409,4.8386,0.5,25.32,26.23,24.36,77.89,8.12,94.1,101.44,25.81,21.2,23.26,3.7966,1.4102,2.94,2021-06-28,8.477514
4.4964,4.818,0.65,25.51,26.3,24.83,83.35,5.56,74.1,101.22,26.09,22.5,24.0,5.8128,1.2247,4.56,2021-06-29,5.999851
2.3088,4.7038,0.34,25.59,26.18,25.03,82.69,3.71,55.0,101.05,26.13,22.44,24.02,1.1602,1.403,10.2,2021-06-30,7.6872907
2.2608,4.7467,0.33,25.05,26.26,23.62,83.8,4.7,121.5,100.95,26.05,22.12,23.58,0.9226,1.6711,23.2,2021-07-01,4.8262053
2.9201,4.8103,0.42,23.7,24.4,23.17,82.03,8.75,149.4,101.06,25.28,20.47,22.08,1.2146,1.9848,6.35,2021-07-02,8.172037
4.1477,4.9284,0.6,23.97,24.74,23.29,75.48,7.34,142.9,101.28,25.24,19.38,21.67,5.5954,1.2444,0.79,2021-07-03,5.372698
4.1851,4.9579,0.6,24.0,24.79,23.43,76.74,8.8,135.7,101.37,25.28,19.68,21.84,4.5845,1.5506,1.35,2021-07-04,9.351823
2.5822,4.8756,0.37,23.34,23.97,22.65,75.87,9.63,128.7,101.41,24.94,18.86,21.1,1.7436,1.7434,1.5,2021-07-05,9.582151
2.177,4.9051,0.31,23.5,24.26,22.57,74.13,7.68,109.1,101.29,24.62,18.65,21.08,0.253,1.7206,246.04,2021-07-06,9.577406
3.4608,4.8778,0.5,24.3,25.13,23.49,76.01,4.71,88.7,101.15,25.12,19.82,22.06,3.997,1.3596,136.61,2021-07-07,6.1450863
4.7501,4.8941,0.68,24.99,26.55,24.04,76.35,2.35,200.6,101.12,25.58,20.54,22.77,6.6526,1.0445,0.09,2021-07-08,2.5703459
2.8543,4.879,0.41,24.32,25.06,23.61,83.45,6.88,141.1,101.23,25.37,21.35,22.84,2.0911,1.8859,1.23,2021-07-09,10.816691
3.3456,4.8919,0.48,24.13,24.9,23.48,84.8,6.54,122.3,101.26,25.39,21.43,22.78,2.9316,1.6349,1.35,2021-07-10,3.9335504
4.5823,4.9104,0.65,25.28,26.42,24.18,84.49,5.24,80.7,101.26,25.82,22.49,23.88,6.0629,1.1515,0.76,2021-07-11,2.5840592
4.722,4.9428,0.67,25.54,26.36,24.66,83.96,4.15,87.3,101.23,26.02,22.61,24.07,5.9304,1.1695,0.37,2021-07-12,4.243077
3.9269,4.8698,0.56,25.85,26.65,25.12,85.36,3.98,105.4,101.15,26.1,23.2,24.53,4.1786,1.554,1.28,2021-07-13,4.594085
2.4218,4.8612,0.34,25.61,26.44,24.88,86.12,4.15,89.8,101.17,25.83,23.12,24.37,0.1824,1.8986,6.67,2021-07-14,8.152042
2.9779,4.9097,0.42,25.05,25.69,24.56,86.88,9.27,128.3,101.26,25.71,22.73,23.89,2.5894,1.4539,4.44,2021-07-15,4.9967356
3.7867,4.9234,0.53,25.82,26.77,25.18,85.53,8.29,95.8,101.23,26.04,23.22,24.52,4.3906,1.4364,2.84,2021-07-16,7.213629
4.1366,4.9766,0.58,25.84,26.7,25.18,86.38,6.74,84.8,101.14,26.1,23.41,24.63,4.71,1.4765,1.28,2021-07-17,5.504674
4.7052,5.0532,0.65,25.88,26.81,25.21,84.99,6.13,86.0,101.11,26.22,23.16,24.52,5.8298,1.2439,0.42,2021-07-18,5.7815723
4.4035,5.0402,0.61,26.08,27.0,25.25,83.88,5.56,85.8,101.11,26.41,23.15,24.61,5.2394,1.3332,0.31,2021-07-19,5.3890686
4.763,5.045,0.66,26.13,26.82,25.54,82.01,4.94,70.3,101.14,26.51,22.84,24.48,5.8908,1.229,0.08,2021-07-20,4.525532
4.7052,5.0364,0.65,25.76,26.46,25.26,84.01,5.8,71.8,101.26,26.41,22.88,24.32,5.6909,1.3001,0.11,2021-07-21,5.8833933
4.2086,5.0832,0.58,25.93,26.92,25.14,83.26,6.39,69.3,101.34,26.43,22.88,24.4,4.3637,1.6428,0.35,2021-07-22,4.775167
5.0225,5.1612,0.69,25.69,26.64,24.96,80.65,4.79,87.8,101.39,26.48,22.11,23.9,6.6624,1.031,0.05,2021-07-23,3.6280313
4.9711,5.1658,0.68,25.79,26.74,24.94,85.41,4.77,87.4,101.28,26.64,23.17,24.48,6.4032,1.1282,0.08,2021-07-24,3.8127296
5.0328,5.1809,0.68,25.98,26.88,25.28,83.27,3.21,82.8,101.17,26.93,22.93,24.46,6.8986,1.0212,0.08,2021-07-25,2.9702535
5.0076,5.2008,0.68,25.92,26.86,25.19,81.25,3.48,108.3,101.19,26.92,22.48,24.2,6.5314,1.0202,0.07,2021-07-26,4.1540036
3.0881,5.1334,0.42,25.55,26.64,24.55,81.09,3.86,147.6,101.23,26.76,22.07,23.81,2.3702,1.4688,4.67,2021-07-27,6.882345
2.5982,5.142,0.35,24.42,25.07,23.88,83.4,7.36,135.6,101.29,26.01,21.44,22.93,2.3148,1.452,7.78,2021-07-28,6.514199
3.5755,5.3057,0.48,24.7,25.57,23.79,80.9,7.71,113.5,101.32,26.02,21.21,22.95,2.9666,1.8298,3.95,2021-07-29,6.244463
4.4018,5.269,0.58,25.57,26.19,24.87,84.05,6.28,72.3,101.18,26.29,22.7,24.14,3.9326,1.8206,4.17,2021-07-30,7.3680725
1.7878,5.2174,0.24,25.95,28.07,23.93,81.78,6.79,286.0,100.71,26.4,22.58,24.26,0.6492,1.2062,1.04,2021-07-31,9.671993
4.5154,5.4742,0.59,23.84,25.18,22.75,72.63,9.4,247.5,100.67,25.44,18.59,21.21,4.9178,1.5919,0.19,2021-08-01,10.801472
3.9115,5.5486,0.51,23.97,25.74,22.82,69.13,7.06,218.6,100.87,25.46,17.97,20.97,3.1651,2.0071,0.28,2021-08-02,7.4776096
5.0316,5.6352,0.66,23.22,24.24,22.26,65.88,4.62,180.8,101.23,25.05,16.48,19.85,6.5251,1.213,0.21,2021-08-03,4.754412
4.9711,5.6254,0.65,23.08,24.16,21.96,68.22,4.42,142.3,101.3,25.33,16.91,20.0,5.6856,1.4604,0.11,2021-08-04,4.2828107
4.1822,5.627,0.54,24.45,25.43,23.29,57.98,3.27,49.7,101.17,25.33,15.62,20.04,3.3348,1.8931,0.02,2021-08-05,7.324985
5.4876,5.5913,0.71,24.89,26.7,23.53,64.65,4.54,238.1,101.24,25.6,17.7,21.29,6.8292,1.0838,0.01,2021-08-06,2.4504771
4.9282,5.5692,0.63,24.1,25.57,23.14,77.46,4.98,163.7,101.49,25.76,19.91,22.0,5.6383,1.4878,0.48,2021-08-07,9.595027
4.8857,5.629,0.62,23.62,24.57,22.94,74.78,4.53,138.1,101.49,25.63,18.89,21.26,5.6165,1.5754,0.28,2021-08-08,7.402221
3.9038,5.6095,0.49,23.75,25.19,22.76,72.49,2.92,147.8,101.37,25.87,18.49,21.12,3.4649,1.9639,0.07,2021-08-09,7.7163806
2.9215,5.5613,0.37,23.72,24.9,22.99,77.92,7.14,148.8,101.56,25.48,19.64,21.68,1.447,1.8245,2.71,2021-08-10,10.105253
2.6486,5.5279,0.33,23.54,24.21,23.05,81.07,9.62,129.3,101.77,25.11,20.12,21.83,0.3151,1.9306,15.36,2021-08-11,8.503662
2.0011,5.5944,0.25,23.22,23.46,22.79,83.39,9.5,127.5,101.7,24.85,20.27,21.75,0.701,1.3219,27.7,2021-08-12,6.816691
3.18,5.7199,0.4,23.49,24.19,23.09,77.82,8.46,128.6,101.5,25.08,19.41,21.45,1.2612,2.0196,3.77,2021-08-13,7.932272
3.3295,5.7528,0.41,23.68,24.59,23.07,74.89,6.44,135.5,101.39,25.22,18.98,21.33,1.1107,2.1557,0.59,2021-08-14,3.9877505
3.1759,5.7403,0.39,23.58,24.21,23.05,79.57,6.58,120.8,101.43,25.18,19.86,21.72,1.494,2.0983,3.66,2021-08-15,6.7533674
2.6002,5.8109,0.32,23.5,24.22,22.98,78.99,8.81,110.6,101.5,25.05,19.65,21.58,0.4097,1.9829,7.32,2021-08-16,5.561901
3.5278,5.8282,0.43,23.85,24.66,23.22,74.82,7.36,102.9,101.4,25.14,19.13,21.49,2.8387,1.8578,1.21,2021-08-17,5.8300176
5.0597,5.8159,0.61,24.19,25.2,23.1,77.08,4.82,114.5,101.26,25.51,19.94,22.07,5.6666,2.0465,0.02,2021-08-18,5.3234286
5.2865,5.8786,0.64,24.64,25.7,23.81,80.27,4.62,136.3,101.24,25.68,21.03,22.84,5.765,1.579,0.4,2021-08-19,4.961052
3.9082,5.8846,0.47,24.43,25.36,23.86,80.66,6.42,150.1,101.36,25.6,20.9,22.67,3.8057,1.7431,0.22,2021-08-20,6.2522645
3.3401,5.8555,0.4,24.01,24.81,23.37,82.46,6.12,137.8,101.28,25.5,20.86,22.43,1.2708,2.0424,1.04,2021-08-21,4.3464327
5.4914,6.1351,0.65,23.88,25.0,22.74,80.65,6.73,165.6,101.16,25.46,20.36,22.12,6.0,1.6798,0.4,2021-08-22,4.726786
5.6959,6.2249,0.67,23.19,24.39,22.31,73.37,7.04,158.8,101.1,25.05,18.15,20.67,6.8822,1.2852,0.37,2021-08-23,5.7465496
5.3861,6.277,0.63,23.22,24.5,22.35,69.39,7.38,137.3,101.2,24.94,17.29,20.25,5.9179,1.5194,0.36,2021-08-24,7.4122825
4.8888,6.1678,0.57,23.78,25.04,22.46,72.33,8.84,116.9,101.39,25.07,18.52,21.15,3.9379,2.1816,1.05,2021-08-25,10.685639
5.4017,6.2275,0.63,23.41,24.11,22.56,71.01,8.94,123.4,101.5,24.88,17.86,20.64,5.8858,1.5938,0.46,2021-08-26,10.669652
4.967,6.3086,0.57,22.97,23.61,22.26,67.57,8.59,112.0,101.49,24.41,16.65,19.81,4.9385,1.56,0.57,2021-08-27,7.459221
4.8936,6.3034,0.56,23.56,24.6,22.76,69.82,7.51,102.3,101.37,24.88,17.75,20.65,4.2948,2.0873,0.57,2021-08-28,10.860987
5.4869,6.3242,0.63,23.96,25.23,22.78,71.71,5.29,99.3,101.31,25.23,18.53,21.25,5.8404,1.6044,0.13,2021-08-29,6.9728684
5.5008,6.2582,0.63,24.29,25.57,23.03,82.68,4.85,111.2,101.43,25.62,21.17,22.73,5.5229,1.741,0.67,2021-08-30,5.6221695
3.7368,6.2304,0.42,24.74,25.68,23.9,83.97,6.77,113.8,101.45,25.66,21.86,23.3,2.3395,2.1204,0.68,2021-08-31,5.830728
2.8874,6.1526,0.33,24.12,24.68,23.39,84.8,7.14,113.4,101.29,25.37,21.42,22.77,0.9521,1.9613,2.98,2021-09-01,5.180823
2.8531,6.1742,0.32,23.39,23.82,23.07,85.96,7.28,118.2,101.03,25.05,20.93,22.16,0.4351,2.051,13.18,2021-09-02,4.26801
3.5227,6.2381,0.39,25.16,26.71,23.12,86.04,6.97,31.2,100.79,25.46,22.65,23.91,0.6557,2.3873,9.49,2021-09-03,9.161887
5.4413,6.3444,0.61,25.56,27.2,24.24,84.85,2.72,336.2,100.93,26.13,22.82,24.19,5.3285,1.7887,0.72,2021-09-04,5.265207
2.9448,6.3305,0.33,25.31,26.21,24.47,82.81,3.85,340.5,101.04,25.39,22.18,23.75,0.558,2.0563,5.83,2021-09-05,5.778851
5.9866,6.4534,0.66,25.05,26.6,23.58,76.69,4.7,19.1,101.03,25.93,20.61,22.83,6.7925,1.1654,4.56,2021-09-06,3.5348506
6.0629,6.5206,0.67,25.26,26.44,24.08,79.88,3.91,61.7,101.06,26.16,21.55,23.4,6.8935,1.2377,0.74,2021-09-07,2.9788225
4.3198,6.444,0.47,26.2,27.44,25.04,81.5,3.35,23.2,101.24,26.38,22.77,24.49,2.9546,2.4053,2.05,2021-09-08,9.440968
2.8836,6.4392,0.31,24.43,25.22,23.72,84.44,7.66,151.7,101.5,25.81,21.64,23.04,0.6662,2.039,4.5,2021-09-09,8.200161
3.6089,6.529,0.39,24.1,24.85,23.51,82.99,8.17,125.6,101.48,25.58,21.05,22.57,1.4328,2.4262,1.87,2021-09-10,7.1301117
4.8384,6.479,0.52,24.58,25.27,23.81,86.02,6.94,120.6,101.24,25.55,22.1,23.34,2.8066,2.3395,14.83,2021-09-11,4.88626
3.786,6.5448,0.41,25.26,26.02,24.47,85.51,4.23,78.9,101.21,25.96,22.66,23.96,1.9339,2.0966,12.99,2021-09-12,5.7548847
6.1927,6.7277,0.66,25.11,26.06,24.42,81.86,5.93,107.8,101.37,26.02,21.8,23.45,6.2323,1.7582,0.67,2021-09-13,4.127955
6.3024,6.8009,0.67,24.93,25.96,24.23,81.86,6.53,113.7,101.35,25.97,21.63,23.28,6.7812,1.5182,0.2,2021-09-14,3.07233
5.8212,6.821,0.62,25.06,25.98,24.05,84.39,6.06,99.5,101.2,26.16,22.26,23.66,5.8939,1.7009,0.32,2021-09-15,3.8675766
6.1591,6.787,0.65,25.9,27.03,24.93,86.62,5.16,72.4,101.15,26.56,23.51,24.7,6.7896,1.4926,0.3,2021-09-16,4.3512073
6.3917,6.7584,0.67,25.98,27.02,25.07,89.23,5.16,74.0,101.21,26.55,24.08,25.03,6.923,1.4503,0.14,2021-09-17,4.378606
6.4152,6.8009,0.67,25.96,27.12,25.01,78.16,4.57,71.9,101.28,26.75,21.84,23.9,6.6814,1.5043,0.25,2021-09-18,2.7358809
4.1978,6.876,0.44,25.35,26.65,24.28,77.63,5.29,134.6,101.31,26.43,21.15,23.25,2.0666,2.3923,4.15,2021-09-19,6.449568
4.5247,7.0517,0.47,24.14,25.03,23.51,81.58,7.09,141.6,101.27,25.94,20.8,22.47,2.5279,2.4734,2.6,2021-09-20,7.389737
5.8486,7.0658,0.6,24.28,25.27,23.37,78.66,6.6,120.0,101.16,25.87,20.34,22.31,5.299,1.8653,0.45,2021-09-21,6.0396843
6.575,7.0524,0.67,25.11,26.23,23.87,77.78,5.29,93.8,101.22,26.25,20.97,23.04,6.5875,1.7909,0.06,2021-09-22,5.264532
6.9874,7.0243,0.71,25.58,26.71,24.29,77.89,5.77,75.7,101.31,26.38,21.45,23.51,8.0942,1.343,0.02,2021-09-23,5.3533783
5.778,7.026,0.59,24.88,26.52,23.76,79.0,3.28,136.6,101.21,26.34,20.96,22.92,5.1665,2.0138,0.17,2021-09-24,6.430213
4.8374,7.1743,0.49,23.76,24.65,22.98,80.07,6.17,153.8,101.1,25.95,20.11,21.93,4.2264,1.8454,0.49,2021-09-25,6.5288076
5.7055,7.1772,0.58,23.28,24.39,22.33,74.6,4.73,144.5,101.04,25.97,18.53,20.9,3.9314,2.5582,0.04,2021-09-26,6.3091507
5.7038,7.1767,0.57,23.9,25.15,22.43,75.94,4.26,105.3,101.08,26.11,19.4,21.65,3.5894,2.4696,0.18,2021-09-27,6.6479797
4.7602,7.0416,0.48,25.16,26.14,23.98,76.22,5.44,92.8,101.34,26.21,20.68,22.92,2.5769,2.6376,1.1,2021-09-28,4.9016933
4.3543,7.045,0.43,25.28,26.33,24.42,78.42,6.76,120.1,101.44,26.56,21.26,23.27,1.7606,2.7089,0.47,2021-09-29,6.3940816
4.8602,7.0654,0.48,25.29,26.05,24.62,81.7,8.78,131.1,101.41,26.24,21.95,23.62,2.1566,2.9186,1.63,2021-09-30,8.550181
5.0928,7.1606,0.5,25.32,26.47,24.47,77.53,9.44,114.5,101.34,26.43,21.11,23.22,3.0958,2.4401,1.35,2021-10-01,10.695729
3.8522,7.0942,0.38,25.43,26.13,24.53,78.82,9.39,107.4,101.28,25.93,21.51,23.47,1.1114,2.6947,1.71,2021-10-02,10.341352
3.0295,7.1609,0.3,25.59,26.53,24.92,82.44,8.62,97.9,101.13,25.99,22.37,23.98,1.1945,1.9891,30.18,2021-10-03,8.819881
4.6507,7.1688,0.46,25.99,26.89,25.14,88.15,7.27,83.1,100.92,26.23,23.89,24.94,2.0813,2.3299,61.43,2021-10-04,5.362587
4.3543,7.2122,0.42,25.95,26.73,25.23,89.88,5.11,77.3,100.9,26.23,24.17,25.06,1.7402,2.6935,32.18,2021-10-05,6.0630255
6.2518,7.2955,0.61,25.84,26.59,25.37,88.02,4.49,82.3,100.93,26.44,23.72,24.78,5.9232,1.7544,2.97,2021-10-06,5.170499
5.8918,7.362,0.57,26.32,27.15,25.32,87.38,3.42,64.8,100.91,26.9,24.07,25.2,4.4002,2.2145,3.83,2021-10-07,7.015508
6.9689,7.404,0.67,26.13,27.16,25.16,84.61,3.13,136.3,101.04,27.33,23.34,24.74,7.235,1.5367,2.61,2021-10-08,3.3995206
5.7086,7.3534,0.55,25.79,26.5,25.22,84.9,5.06,129.7,101.03,26.78,23.07,24.43,3.8366,2.4046,18.08,2021-10-09,3.8500829
4.4959,7.4057,0.43,25.75,26.68,25.08,86.91,4.94,109.4,100.79,26.42,23.41,24.58,2.1305,2.309,49.54,2021-10-10,2.749406
6.03,7.6315,0.58,24.69,25.58,23.72,83.06,7.16,135.1,100.85,26.17,21.61,23.15,5.5478,1.9246,19.11,2021-10-11,4.6179876
7.7054,7.8919,0.73,23.6,24.6,22.71,75.76,5.29,136.6,101.08,25.9,19.07,21.34,8.4672,1.4966,0.01,2021-10-12,3.4037838
6.8074,7.8257,0.65,24.02,25.19,22.6,71.73,3.92,80.8,101.0,25.85,18.6,21.31,5.7619,2.2466,0.52,2021-10-13,5.2855287
7.0594,7.5979,0.67,25.62,27.15,23.98,68.86,3.05,21.7,100.9,26.07,19.47,22.54,6.2148,2.2661,0.16,2021-10-14,8.532176
6.8678,7.591,0.65,26.41,27.88,24.82,72.0,3.75,10.1,100.96,26.92,20.96,23.68,7.0106,1.6702,0.06,2021-10-15,7.812847
6.4188,7.5566,0.6,26.49,27.57,25.6,77.33,3.66,66.7,101.15,27.27,22.21,24.35,5.8022,2.2154,0.19,2021-10-16,1.9580995
6.2208,7.6087,0.58,26.04,27.04,25.13,80.62,5.26,86.9,101.31,27.16,22.46,24.25,4.123,3.0053,0.47,2021-10-17,4.984237
5.8145,7.5178,0.54,26.6,27.5,25.82,81.97,6.69,91.8,101.4,27.16,23.29,24.94,4.3056,2.2399,1.6,2021-10-18,4.998306
6.5681,7.572,0.61,26.48,27.41,25.83,81.34,7.36,94.3,101.43,27.21,23.04,24.76,5.5486,2.083,1.2,2021-10-19,8.221384
6.6854,7.6906,0.62,26.21,27.09,25.47,79.37,7.29,100.7,101.39,27.15,22.36,24.28,6.0043,2.2111,1.16,2021-10-20,12.813168
6.5453,7.7381,0.61,25.94,26.99,24.96,76.52,7.34,90.4,101.36,26.97,21.5,23.72,4.6406,2.7778,0.2,2021-10-21,13.149453
7.1143,7.8314,0.66,26.15,27.23,25.3,73.58,5.54,101.4,101.47,27.14,21.07,23.61,6.253,2.2898,0.13,2021-10-22,14.561991
6.8054,7.7746,0.63,25.56,26.52,24.81,76.89,6.76,112.5,101.29,26.95,21.22,23.39,6.228,2.3016,0.2,2021-10-23,6.6935115
6.9194,7.8206,0.64,25.09,25.94,24.31,77.05,5.79,103.5,101.05,26.98,20.8,22.95,6.0233,2.3153,0.07,2021-10-24,8.513645
6.9982,7.7614,0.64,25.77,26.92,24.52,77.19,5.45,98.8,101.07,27.2,21.49,23.63,5.8853,2.2464,0.11,2021-10-25,6.072348
7.2977,7.812,0.67,26.14,27.17,25.37,76.33,6.66,99.0,101.27,27.29,21.64,23.89,7.1578,1.98,0.15,2021-10-26,6.810936
7.3217,7.8458,0.67,25.84,26.76,25.08,75.52,7.81,110.8,101.37,27.1,21.19,23.51,6.641,2.1036,0.1,2021-10-27,9.405006
7.3186,7.9258,0.67,25.82,26.87,24.62,77.1,5.67,109.3,101.25,27.29,21.51,23.67,6.6334,2.1336,0.08,2021-10-28,12.489729
6.4337,7.8358,0.59,26.15,26.84,25.32,81.04,5.32,95.4,101.24,27.07,22.66,24.4,4.7261,2.7814,0.37,2021-10-29,6.179757
7.3644,7.9258,0.67,26.37,27.3,25.54,77.76,6.19,99.9,101.28,27.53,22.18,24.27,7.5319,1.7926,0.3,2021-10-30,3.6656544
7.7686,8.0849,0.71,26.09,27.14,24.86,78.59,5.14,97.5,101.19,27.72,22.08,24.08,8.0047,1.7398,0.21,2021-10-31,6.246566
7.1678,7.9994,0.65,26.43,27.52,25.5,77.37,5.43,73.1,101.12,27.82,22.15,24.29,6.3019,2.2634,0.21,2021-11-01,5.976538
4.8168,7.8991,0.44,26.6,27.86,25.73,78.92,2.94,43.8,101.09,27.55,22.62,24.61,2.2174,2.5495,21.4,2021-11-02,4.7897186
6.877,7.9042,0.62,26.5,27.59,25.59,84.18,4.33,79.0,101.12,27.52,23.62,25.06,5.4869,2.268,12.27,2021-11-03,3.720828
1.4887,7.8499,0.13,26.33,26.9,25.79,89.57,5.04,84.6,101.18,26.62,24.5,25.41,0.1764,1.0656,34.25,2021-11-04,4.930932
6.0348,7.8552,0.54,26.27,27.49,25.19,83.99,4.84,89.7,101.0,27.08,23.33,24.8,3.2086,3.2148,3.36,2021-11-05,9.350287
5.4062,7.8679,0.49,26.19,26.89,25.49,81.77,3.62,58.1,100.81,26.82,22.84,24.51,3.2414,2.5918,1.66,2021-11-06,3.4568756
6.0312,7.8852,0.54,26.72,27.67,25.71,82.15,3.19,93.9,100.85,27.7,23.43,25.08,3.415,2.6203,3.3,2021-11-07,4.9566607
6.7008,7.9073,0.6,27.05,27.82,26.41,86.3,4.02,57.8,100.97,27.41,24.57,25.81,4.907,2.2699,27.31,2021-11-08,4.0991282
5.5306,7.9973,0.49,26.94,27.66,26.29,83.03,4.29,96.7,101.0,27.33,23.83,25.38,2.5416,3.1464,1.54,2021-11-09,4.271932
4.6973,8.0333,0.42,26.61,27.06,26.11,85.43,3.79,96.2,100.96,27.25,23.99,25.3,0.7992,3.2042,2.1,2021-11-10,6.192444
5.995,7.9889,0.53,26.6,27.41,25.68,83.05,2.88,73.4,100.98,27.29,23.49,25.04,2.7158,3.2664,1.56,2021-11-11,4.5748544
5.4067,8.0496,0.48,26.48,27.18,25.79,84.64,2.96,112.1,100.9,27.38,23.7,25.09,1.512,3.3346,6.28,2021-11-12,7.0920334
7.4028,8.1948,0.66,26.37,27.5,25.56,84.79,3.77,129.2,100.92,28.05,23.62,24.99,7.5612,1.9452,2.81,2021-11-13,4.0871344
7.4875,8.2056,0.66,26.32,27.33,25.4,84.94,4.31,111.7,100.95,28.26,23.59,24.96,7.2907,1.9913,0.86,2021-11-14,1.6926193
7.7489,8.2092,0.69,26.47,27.5,25.46,79.58,5.27,133.3,100.95,28.28,22.65,24.56,7.6337,1.9505,0.14,2021-11-15,2.517922
7.662,8.3266,0.68,26.02,26.91,25.06,78.14,6.03,117.2,100.94,28.0,21.92,23.97,7.1918,2.2042,0.16,2021-11-16,3.7514596
7.0925,8.2598,0.63,26.53,27.68,25.49,78.92,6.78,99.6,100.84,28.04,22.58,24.55,7.1503,1.9721,0.35,2021-11-17,4.9379377
7.8982,8.377,0.7,26.65,27.62,25.76,73.41,5.7,102.1,100.78,28.02,21.51,24.08,7.325,2.2459,0.14,2021-11-18,2.8686316
7.6214,8.179,0.67,26.59,27.26,25.69,75.96,4.89,91.8,100.81,27.79,22.01,24.3,7.0939,2.2078,0.6,2021-11-19,5.843383
5.442,8.0494,0.48,27.08,27.74,26.35,85.02,5.05,52.0,100.79,27.49,24.37,25.73,3.534,2.3983,12.44,2021-11-20,5.749776
6.9996,8.077,0.62,27.5,28.55,26.63,83.28,2.93,46.9,101.0,28.2,24.41,25.96,5.3602,2.6532,9.94,2021-11-21,7.7387733
7.6937,8.0722,0.68,27.23,27.84,26.44,84.56,3.34,90.3,101.11,28.18,24.4,25.82,7.6015,2.1144,0.88,2021-11-22,3.8128362
6.8635,8.1466,0.6,27.25,28.16,26.5,82.87,3.7,130.9,101.01,28.52,24.1,25.67,4.669,2.8843,1.15,2021-11-23,4.531394
7.4866,8.1185,0.66,27.45,28.47,26.47,79.72,3.05,120.1,100.87,28.53,23.62,25.53,7.1124,1.961,2.51,2021-11-24,2.774982
5.4622,8.1826,0.48,27.15,27.6,26.59,81.28,3.45,112.3,100.82,28.37,23.68,25.42,2.4991,3.0926,2.83,2021-11-25,4.458741
5.5049,8.2034,0.48,27.37,28.05,26.54,79.64,3.1,50.1,100.93,28.24,23.51,25.44,1.2079,3.8342,21.5,2021-11-26,4.709875
2.6638,8.1072,0.23,26.76,27.46,25.58,80.88,4.64,100.4,101.13,27.88,23.2,24.98,0.2407,1.8953,8.38,2021-11-27,6.3068695
6.3593,8.04,0.56,27.51,28.35,26.71,82.56,4.79,101.4,101.04,28.45,24.29,25.9,4.2631,2.7931,5.21,2021-11-28,5.0837164
6.1426,8.0494,0.54,27.02,27.41,26.44,85.31,5.84,114.1,100.91,28.09,24.36,25.69,3.0746,3.1306,9.58,2021-11-29,6.204207
6.0266,8.095,0.53,26.89,27.45,26.19,76.84,7.99,110.1,100.88,28.01,22.48,24.68,3.3283,2.856,3.8,2021-11-30,8.195549
6.7735,8.3606,0.59,26.72,27.59,25.75,71.99,6.63,111.8,100.88,28.02,21.26,23.99,5.7631,2.4794,0.85,2021-12-01,6.252165
6.3737,8.3023,0.55,26.57,27.42,25.65,78.69,7.21,126.9,100.76,27.93,22.58,24.58,5.5495,2.3897,6.4,2021-12-02,6.012609
6.2242,8.1958,0.54,26.99,27.8,26.22,79.89,6.83,111.4,100.65,28.08,23.24,25.12,5.0462,2.6599,6.05,2021-12-03,6.325159
7.1563,8.2675,0.62,27.23,28.12,26.45,79.77,6.46,112.5,100.59,28.14,23.45,25.34,6.4397,2.303,3.12,2021-12-04,4.527877
6.4517,8.2519,0.56,27.54,28.6,26.58,79.05,4.74,106.6,100.64,28.21,23.58,25.55,4.0802,3.5131,8.92,2021-12-05,6.3143625
4.8254,8.1746,0.42,27.14,27.73,26.65,86.9,4.95,80.0,100.62,27.73,24.78,25.96,0.9775,2.9806,15.09,2021-12-06,7.9877334
5.8913,8.1634,0.51,27.07,27.43,26.75,87.29,6.7,85.6,100.75,27.66,24.79,25.93,3.3034,2.6964,42.74,2021-12-07,4.9537086
5.8222,8.1259,0.5,26.46,26.69,26.29,85.81,6.54,88.0,100.76,27.35,23.92,25.19,2.5601,3.1478,22.33,2021-12-08,3.9824145
6.8928,8.2253,0.6,27.02,27.69,26.24,85.51,5.39,104.1,100.65,28.23,24.39,25.71,5.9338,2.3621,10.62,2021-12-09,2.9661145
6.137,8.2462,0.53,26.96,27.61,26.45,84.22,4.93,78.4,100.74,28.15,24.08,25.52,4.2382,2.6412,10.48,2021-12-10,3.204235
7.1256,8.1926,0.62,27.1,28.09,26.41,81.71,4.99,87.3,100.88,28.28,23.71,25.41,5.7238,2.5488,3.77,2021-12-11,2.719851
6.4745,8.2274,0.56,27.0,28.04,26.31,83.21,4.98,95.3,100.9,28.07,23.91,25.46,5.1878,2.9585,4.42,2021-12-12,3.079272
6.9574,8.2985,0.6,26.82,27.51,26.19,81.6,4.23,105.5,100.77,28.34,23.43,25.13,5.9275,3.5688,0.63,2021-12-13,3.327578
6.9449,8.3705,0.6,27.04,28.03,26.01,80.75,3.59,60.0,100.61,28.54,23.46,25.25,5.0599,3.9461,1.04,2021-12-14,5.7777996
6.3091,8.0501,0.55,28.02,29.26,26.83,79.08,4.81,7.9,100.62,28.49,24.05,26.04,4.9195,3.5866,10.59,2021-12-15,9.277084
5.2634,8.1382,0.46,28.12,29.26,26.97,79.12,4.78,10.0,100.55,28.71,24.16,26.14,0.4862,3.8986,4.51,2021-12-16,9.643927
5.7742,8.1684,0.5,28.23,29.02,27.42,80.32,6.81,23.0,100.64,28.5,24.53,26.38,3.3461,3.1325,12.99,2021-12-17,6.4069104
7.3433,8.1509,0.63,28.35,29.18,27.56,79.17,6.96,40.7,100.82,28.58,24.4,26.37,5.8222,2.4269,12.57,2021-12-18,9.139093
6.3055,8.1266,0.54,28.23,29.25,27.59,81.15,6.65,63.4,101.01,28.77,24.7,26.47,3.8196,2.9023,19.31,2021-12-19,4.4107084
7.3039,8.2421,0.63,28.03,28.74,27.31,83.32,6.03,80.3,101.05,28.68,24.95,26.49,5.5711,2.7319,10.06,2021-12-20,6.00798
6.9559,8.2274,0.6,28.01,28.65,27.54,81.67,5.54,86.1,100.92,28.51,24.6,26.3,4.9082,2.7833,1.51,2021-12-21,7.4113016
7.7254,8.3196,0.67,27.59,28.09,27.05,82.21,4.5,83.2,100.76,28.82,24.3,25.95,6.9864,2.19,1.49,2021-12-22,6.5314794
7.4947,8.2092,0.65,27.83,28.52,27.09,81.55,4.58,81.0,100.77,29.11,24.4,26.12,6.613,2.4007,1.87,2021-12-23,2.2358222
7.0454,8.2714,0.61,28.14,28.95,27.45,78.42,6.65,84.4,100.81,28.79,24.05,26.1,5.3566,2.761,7.63,2021-12-24,6.253288
6.0163,8.3026,0.52,27.69,28.36,27.07,80.81,5.71,82.0,100.9,28.83,24.12,25.9,2.4862,3.6638,17.14,2021-12-25,4.363898
1.7647,8.1461,0.15,26.83,27.23,26.54,84.16,3.01,87.8,100.92,28.24,23.93,25.38,0.4762,1.1381,41.93,2021-12-26,5.3898683
4.4789,8.2133,0.39,27.36,28.12,26.44,79.69,4.95,24.1,100.82,28.53,23.56,25.46,0.6634,3.097,10.13,2021-12-27,3.8061643
5.5572,8.136,0.48,27.46,28.31,26.72,82.64,4.94,4.7,100.7,28.44,24.27,25.87,1.0118,3.653,9.05,2021-12-28,5.1321898
6.6086,8.1492,0.57,27.86,28.71,26.92,81.17,4.94,353.3,100.58,28.47,24.34,26.1,4.7256,2.7437,6.84,2021-12-29,5.131099
7.153,8.1406,0.62,28.01,28.8,27.02,80.86,4.15,11.0,100.57,28.72,24.42,26.21,5.5663,2.7185,8.14,2021-12-30,5.8382454
3.3235,8.1439,0.29,27.56,27.94,27.23,85.19,4.7,18.2,100.63,28.29,24.87,26.22,1.0814,2.0364,22.82,2021-12-31,4.326324
1.7904,8.1091,0.15,27.32,28.02,26.79,84.23,4.87,359.4,100.43,28.24,24.43,25.88,0.5633,1.1755,35.75,2022-01-01,3.840192
6.5758,8.327,0.57,27.8,29.08,26.75,85.13,3.99,29.8,100.07,28.83,25.09,26.45,5.0918,2.6441,11.08,2022-01-02,4.0177817
7.4021,8.4583,0.64,27.4,28.13,26.59,85.28,4.48,119.0,99.87,28.89,24.73,26.07,6.4745,2.3839,2.57,2022-01-03,7.7806277
7.5058,8.4425,0.65,27.55,28.45,26.57,81.58,3.38,141.2,100.05,29.18,24.12,25.83,7.8948,1.973,3.97,2022-01-04,8.237435
7.1026,8.3496,0.61,28.12,29.18,27.13,81.69,4.18,176.4,100.24,29.12,24.69,26.4,6.9588,3.4958,2.04,2022-01-05,10.707261
3.7834,8.2282,0.33,28.03,28.61,27.29,85.42,8.53,2.2,100.46,28.42,25.37,26.7,0.2076,2.6808,5.32,2022-01-06,5.1601744
4.1594,8.1478,0.36,27.77,28.37,27.11,85.82,7.73,2.2,100.57,28.37,25.19,26.48,0.7202,2.677,17.82,2022-01-07,6.243326
1.7405,8.2039,0.15,27.69,28.52,27.06,84.33,8.99,4.0,100.56,28.3,24.82,26.25,0.2746,1.2182,50.0,2022-01-08,6.7394695
1.7794,8.1283,0.15,27.07,27.43,26.55,87.03,13.09,16.2,100.31,27.97,24.75,25.91,0.3437,1.2348,93.76,2022-01-09,8.119336
3.8866,8.0746,0.34,27.73,28.59,26.64,86.37,14.56,355.6,99.94,28.12,25.26,26.49,0.8398,2.5774,87.02,2022-01-10,6.284239
4.7009,8.1905,0.41,28.23,28.8,27.96,88.45,11.38,3.5,100.19,28.2,26.15,27.19,0.7939,2.9386,55.39,2022-01-11,7.385644
4.5737,8.1778,0.4,28.58,29.58,27.89,86.18,8.67,345.8,100.35,28.5,26.04,27.31,1.7594,2.4506,14.13,2022-01-12,6.3540354
6.8172,8.1089,0.59,28.57,29.66,27.87,85.58,7.78,324.6,100.29,28.47,25.9,27.24,5.8274,2.7689,9.27,2022-01-13,5.794746
7.0399,8.2238,0.61,28.6,30.03,27.33,81.18,5.53,281.7,100.23,28.66,25.05,26.83,6.2292,2.2176,2.52,2022-01-14,6.866806
6.4135,8.1286,0.56,27.87,29.12,26.85,81.31,4.59,273.6,100.3,28.37,24.38,26.12,7.3394,1.9262,4.98,2022-01-15,9.282445
5.6693,8.0892,0.49,27.1,27.7,26.64,79.21,3.6,192.9,100.4,28.16,23.2,25.15,2.831,3.5318,12.85,2022-01-16,7.714995
3.445,8.0297,0.3,26.61,27.06,26.11,80.96,3.73,142.1,100.39,28.17,23.09,24.85,0.4795,2.2315,23.74,2022-01-17,9.3758955
4.7926,8.034,0.42,27.52,28.29,26.64,87.04,4.96,122.6,100.2,28.18,25.2,26.36,1.3385,2.957,22.18,2022-01-18,8.757695
6.3458,8.1168,0.55,28.22,28.77,27.66,86.35,5.57,104.4,100.19,28.81,25.74,26.98,7.6373,2.3784,9.15,2022-01-19,6.9900208
7.535,8.1979,0.66,28.39,29.2,27.68,83.57,2.72,84.7,100.22,29.01,25.33,26.86,7.5127,1.8811,3.29,2022-01-20,3.4508646
6.2638,8.1763,0.55,28.42,29.01,27.99,85.79,5.4,84.8,100.37,28.71,25.82,27.12,3.5102,3.3835,9.92,2022-01-21,6.839592
7.493,8.1461,0.65,28.32,29.07,27.67,83.82,5.38,88.3,100.47,29.04,25.33,26.83,6.9859,2.4871,1.73,2022-01-22,9.327085
6.846,8.106,0.6,28.12,28.89,27.32,79.53,4.08,98.8,100.45,29.06,24.25,26.19,6.6674,2.383,3.71,2022-01-23,7.1741724
7.3346,8.0909,0.64,27.9,28.73,27.3,81.2,3.75,95.0,100.44,29.11,24.38,26.14,7.0913,2.3726,1.17,2022-01-24,4.461782
7.5732,8.1024,0.66,28.32,29.27,27.29,81.41,4.56,70.2,100.53,29.3,24.84,26.58,6.8354,2.207,0.21,2022-01-25,5.0770836
7.6049,8.113,0.67,28.1,28.84,27.35,82.71,4.8,74.7,100.6,29.29,24.9,26.5,6.6698,2.3489,0.21,2022-01-26,4.3239617
7.415,8.0302,0.65,27.97,28.5,27.33,82.6,5.41,69.1,100.6,28.91,24.76,26.36,6.3703,2.4427,8.25,2022-01-27,4.8072977
6.4178,8.0477,0.56,28.21,28.66,27.47,83.01,4.74,50.8,100.7,29.11,25.07,26.64,3.5681,2.9527,10.71,2022-01-28,4.5444465
5.7221,8.1163,0.5,28.41,28.94,27.86,84.96,5.62,59.1,100.81,28.9,25.65,27.03,1.2082,3.9091,13.11,2022-01-29,6.6972065
4.4698,7.8893,0.39,28.41,29.12,27.83,80.74,6.36,41.5,100.9,28.72,24.79,26.6,0.546,3.085,12.32,2022-01-30,8.201123
2.2085,7.926,0.19,27.31,27.68,26.69,84.43,4.18,58.6,100.83,28.46,24.48,25.89,0.2064,1.5833,28.03,2022-01-31,7.539228
4.0394,7.981,0.36,26.69,27.27,26.04,84.83,5.58,63.1,100.68,28.23,23.94,25.31,0.5782,2.9035,5.18,2022-02-01,13.254848
5.2709,7.8648,0.47,26.7,27.42,25.82,80.74,2.57,32.3,100.61,28.76,23.13,24.92,0.913,3.6288,2.13,2022-02-02,12.073578
5.7466,7.7117,0.51,26.6,26.88,26.15,83.4,4.29,37.7,100.55,28.17,23.56,25.08,3.029,2.8022,20.68,2022-02-03,11.920384
4.6589,7.7849,0.41,27.1,27.5,26.54,88.14,7.36,5.3,100.45,28.18,24.99,26.05,0.9756,3.2786,42.83,2022-02-04,7.909783
4.3531,7.8192,0.39,27.95,28.98,27.19,85.33,7.1,332.3,100.49,28.55,25.27,26.61,0.5378,3.1534,31.73,2022-02-05,4.702038
1.962,7.7359,0.17,27.65,28.32,27.17,84.44,7.28,330.3,100.63,28.33,24.8,26.22,0.3041,1.3267,29.78,2022-02-06,5.4327707
1.6618,7.7081,0.15,27.37,27.93,26.86,85.45,8.71,345.7,100.51,28.16,24.73,26.05,0.57,0.9746,43.69,2022-02-07,6.153531
2.0052,7.721,0.18,27.43,27.96,26.97,85.63,7.48,332.7,100.42,28.09,24.83,26.13,0.3401,1.3421,46.21,2022-02-08,4.590877
3.6288,7.7875,0.32,27.55,28.2,27.12,85.09,6.13,336.8,100.51,28.31,24.84,26.19,0.073,2.7089,7.57,2022-02-09,5.5127673
6.1459,7.848,0.55,27.86,28.8,27.22,81.9,6.15,323.8,100.55,28.46,24.49,26.17,3.8309,2.7607,12.6,2022-02-10,4.4640737
6.1459,7.8598,0.55,27.45,28.35,26.83,82.34,5.3,337.1,100.64,28.53,24.19,25.82,4.9454,2.1343,9.14,2022-02-11,3.3362112
7.2866,7.9008,0.65,27.45,28.43,26.51,82.66,4.69,56.7,100.75,28.76,24.26,25.86,6.6722,2.1439,2.63,2022-02-12,2.6982398
7.4364,7.9658,0.67,28.09,29.07,27.13,80.5,6.7,103.6,100.84,28.76,24.43,26.26,6.0002,2.448,5.05,2022-02-13,4.4954762
4.0097,7.8286,0.36,27.94,28.39,27.52,84.71,7.65,103.8,100.86,28.3,25.15,26.54,0.5902,2.7842,27.79,2022-02-14,6.9548492
6.9924,7.9846,0.63,27.6,28.21,27.03,81.99,5.54,124.5,100.66,28.72,24.27,25.93,6.1394,2.1214,1.57,2022-02-15,3.7451286
7.3994,7.9572,0.67,27.18,27.94,26.47,80.15,4.06,127.0,100.43,28.62,23.49,25.34,7.2629,1.8672,0.47,2022-02-16,3.408175
7.5094,7.9104,0.68,27.26,27.91,26.32,80.46,2.91,117.1,100.52,28.95,23.63,25.44,7.6349,1.7654,0.26,2022-02-17,2.351129
7.4539,7.8768,0.68,27.64,28.13,26.88,79.78,3.1,102.0,100.62,29.17,23.85,25.75,7.1633,2.0124,0.74,2022-02-18,2.1106386
7.615,7.8341,0.69,28.02,28.91,27.23,79.74,3.73,93.5,100.62,29.23,24.2,26.11,7.7078,1.8302,0.68,2022-02-19,3.6309729
7.4398,7.7683,0.68,27.54,28.18,26.9,81.55,4.06,95.8,100.59,29.2,24.12,25.83,7.069,2.159,4.53,2022-02-20,3.4453685
6.8681,7.8403,0.63,27.43,28.25,26.51,81.79,4.61,105.6,100.62,29.24,24.06,25.74,5.4811,3.0132,2.8,2022-02-21,8.625335
6.5758,7.8216,0.6,27.65,28.48,26.9,82.05,3.98,123.7,100.62,29.22,24.33,25.99,5.2063,2.5104,4.47,2022-02-22,10.149925
7.1148,7.7671,0.66,27.85,28.58,27.17,81.04,2.92,170.6,100.53,29.24,24.32,26.08,6.3614,2.0074,2.7,2022-02-23,2.5693438
6.9593,7.7153,0.64,28.28,29.53,27.21,75.68,1.88,205.4,100.31,29.52,23.57,25.93,6.5213,1.9241,10.56,2022-02-24,5.7751102
6.4946,7.6541,0.6,28.88,30.66,27.37,71.29,3.2,302.9,100.21,29.64,23.09,25.99,4.0999,2.9966,3.1,2022-02-25,15.23086
6.3641,7.6152,0.59,28.76,30.22,27.41,76.7,2.72,316.5,100.38,30.01,24.23,26.49,6.1301,3.0341,4.07,2022-02-26,9.653519
6.1462,7.3255,0.57,28.81,29.9,27.88,78.28,3.6,341.4,100.66,29.67,24.64,26.73,4.7378,2.7847,5.17,2022-02-27,6.2120442
3.5249,7.5442,0.33,27.42,27.75,26.9,84.53,4.03,2.1,100.89,28.79,24.6,26.01,0.114,2.6074,16.33,2022-02-28,6.904841
2.6455,7.3901,0.25,27.3,28.12,26.76,78.19,1.67,95.8,100.88,29.17,23.18,25.24,0.0406,2.0081,3.04,2022-03-01,8.024813
4.9308,7.3577,0.46,27.57,28.1,26.93,83.34,4.0,68.3,100.87,29.19,24.51,26.04,1.0562,3.3341,5.15,2022-03-02,3.6704576
4.7568,7.4621,0.45,27.39,27.91,26.87,81.62,4.3,20.6,100.9,28.75,23.98,25.68,1.2667,3.2762,13.45,2022-03-03,4.5669565
5.7571,7.3726,0.54,28.14,29.32,27.09,79.31,4.44,346.9,100.78,29.12,24.21,26.17,4.2355,1.9925,27.32,2022-03-04,6.363251
6.4238,7.3985,0.61,28.4,29.37,27.39,81.47,4.62,350.9,100.68,29.24,24.93,26.66,6.8981,1.6654,42.26,2022-03-05,3.7732093
5.2728,7.2214,0.5,28.49,29.14,27.89,82.23,3.86,333.9,100.63,29.18,25.18,26.83,3.4819,3.1524,3.87,2022-03-06,4.6588016
6.4589,7.2744,0.62,28.68,29.51,27.94,80.37,3.3,322.5,100.63,29.14,24.98,26.83,4.8314,2.5942,2.56,2022-03-07,7.6774855
6.7834,7.2684,0.65,28.44,29.27,27.82,80.78,2.53,145.0,100.74,29.45,24.83,26.64,6.4361,1.9032,4.97,2022-03-08,10.325799
3.785,7.1695,0.36,27.88,28.14,27.68,83.55,3.09,46.7,100.71,28.83,24.86,26.37,1.6622,2.4252,11.02,2022-03-09,20.23964
5.5949,7.1479,0.54,28.46,29.67,27.48,80.32,3.85,317.5,100.49,29.21,24.74,26.6,4.2701,2.1996,8.22,2022-03-10,9.918864
6.3924,7.2266,0.62,28.41,29.47,27.69,82.55,4.52,305.6,100.44,29.37,25.15,26.78,5.7713,1.9553,10.34,2022-03-11,5.855327
6.4514,7.181,0.63,28.44,29.56,27.5,78.34,2.95,315.6,100.75,29.68,24.31,26.38,6.0055,1.733,6.36,2022-03-12,9.996527
6.2729,7.0814,0.61,28.55,29.47,27.62,77.23,2.45,319.6,100.92,29.76,24.16,26.36,5.1804,2.3234,7.77,2022-03-13,5.6587553
5.8589,7.099,0.57,28.19,28.61,27.63,81.53,3.22,3.3,100.82,29.09,24.75,26.47,4.109,2.3554,3.43,2022-03-14,9.927703
6.2342,7.057,0.61,28.22,28.81,27.65,79.94,3.09,39.6,100.89,29.28,24.44,26.33,5.5104,1.9008,4.6,2022-03-15,2.9767406
4.3718,7.0452,0.43,28.13,28.77,27.5,82.8,3.5,85.4,100.97,29.33,24.95,26.54,2.5205,2.1619,7.89,2022-03-16,5.778631
4.5986,7.0646,0.46,27.56,28.19,26.57,82.72,3.14,83.0,100.89,29.11,24.37,25.97,1.2492,3.1248,10.31,2022-03-17,6.793968
2.9458,6.9605,0.29,27.64,29.02,26.25,81.56,5.84,345.9,100.71,28.89,24.2,25.92,0.2832,2.2025,26.1,2022-03-18,11.433229
1.2312,6.8695,0.12,27.39,27.9,26.82,82.35,5.64,332.1,100.72,28.66,24.13,25.76,0.269,0.8249,17.91,2022-03-19,10.521767
4.0397,6.5964,0.41,28.13,29.19,26.83,76.3,6.65,344.5,100.87,28.71,23.53,25.83,0.3912,2.8714,7.22,2022-03-20,13.14774
3.7862,6.8405,0.38,28.36,29.11,27.64,78.78,5.13,8.3,100.91,28.86,24.33,26.34,0.131,2.867,4.01,2022-03-21,12.888932
3.985,6.8434,0.4,28.53,29.4,27.68,76.71,4.61,17.8,100.82,29.02,24.04,26.28,0.354,2.9878,1.44,2022-03-22,8.649081
5.2846,6.839,0.54,27.91,28.75,27.08,80.26,3.05,9.5,100.81,29.12,24.21,26.06,3.4692,2.4845,4.06,2022-03-23,6.849298
2.6479,6.7747,0.27,27.76,28.78,26.85,78.66,2.69,300.5,100.75,29.12,23.71,25.74,0.7042,1.7844,15.95,2022-03-24,8.176805
3.6734,6.7366,0.38,27.45,28.76,26.56,81.61,4.1,224.3,100.59,28.92,24.03,25.74,0.81,2.443,9.44,2022-03-25,6.9015226
4.4887,6.9098,0.46,27.36,28.4,26.5,79.52,4.21,162.6,100.62,28.8,23.51,25.44,1.1357,3.1627,8.6,2022-03-26,6.279123
5.4535,6.8138,0.56,27.29,28.31,26.36,75.81,3.85,140.1,100.74,28.79,22.64,24.96,5.8505,1.8223,1.19,2022-03-27,4.3799276
5.8486,6.7306,0.61,27.41,28.29,26.57,76.56,2.98,110.6,100.71,28.95,22.94,25.17,7.0246,1.6601,2.18,2022-03-28,6.073137
4.6726,6.5719,0.49,27.63,28.32,26.8,81.87,2.43,57.0,100.68,28.85,24.28,25.95,1.5523,3.067,8.43,2022-03-29,4.3762255
4.4215,6.4145,0.46,28.01,28.62,27.38,81.65,3.47,23.7,100.65,28.77,24.6,26.3,1.9685,2.8116,13.17,2022-03-30,6.8375597
3.7433,6.444,0.39,27.92,28.47,27.54,81.07,5.07,12.6,100.75,28.38,24.4,26.16,0.2599,2.7365,8.78,2022-03-31,5.9778385
3.1541,6.5107,0.33,27.04,27.81,26.41,84.14,6.17,42.0,100.87,28.19,24.15,25.59,0.223,2.3693,8.27,2022-04-01,5.7358065
4.6889,6.4752,0.5,26.53,27.17,25.9,83.81,5.49,22.7,100.99,28.25,23.59,25.06,2.5795,2.4118,3.93,2022-04-02,7.3084116
5.3714,6.4303,0.57,26.78,27.48,25.85,81.56,3.8,48.1,100.97,28.63,23.38,25.08,5.2908,1.9058,2.22,2022-04-03,5.580027
5.9383,6.4918,0.64,27.15,27.9,26.28,79.5,3.9,61.2,100.92,28.77,23.31,25.23,6.3631,1.3903,2.82,2022-04-04,2.2971528
5.6006,6.4524,0.6,27.91,28.84,26.91,77.9,3.88,31.7,100.83,28.9,23.71,25.81,5.3263,1.709,5.29,2022-04-05,6.781459
3.9566,6.4078,0.43,27.99,28.74,27.44,79.71,5.48,2.9,100.87,28.4,24.18,26.08,0.5282,2.7314,5.84,2022-04-06,10.098383
3.4471,6.335,0.38,27.98,28.64,27.28,79.29,3.93,56.9,100.96,28.41,24.07,26.03,0.1939,2.6736,1.31,2022-04-07,9.230185
3.9907,6.2909,0.44,27.97,28.6,27.41,80.14,4.76,109.0,101.04,28.43,24.25,26.11,0.5969,3.0192,0.82,2022-04-08,8.888918
6.06,6.3348,0.67,28.05,29.13,27.05,77.36,4.05,81.5,100.98,28.89,23.72,25.89,6.1867,1.5535,0.09,2022-04-09,5.621267
6.3034,6.3497,0.7,27.93,28.92,27.15,76.82,4.35,107.2,100.96,28.9,23.49,25.71,7.4119,1.1844,0.05,2022-04-10,1.0956852
6.2594,6.3281,0.7,27.71,28.77,26.93,76.32,3.24,111.0,100.94,29.16,23.16,25.43,7.1935,1.1957,0.03,2022-04-11,2.684068
6.1358,6.319,0.69,27.76,29.24,26.6,73.7,1.78,68.5,100.87,29.41,22.62,25.19,6.8107,1.2744,0.12,2022-04-12,2.7165363
6.0521,6.2712,0.68,27.88,28.95,27.07,78.7,3.14,59.1,100.94,29.09,23.85,25.86,6.8969,1.1947,0.42,2022-04-13,3.651678
6.221,6.2981,0.7,27.68,28.73,26.78,80.21,4.89,100.6,101.05,29.13,23.96,25.82,7.3658,1.0738,0.13,2022-04-14,1.5147136
5.5361,6.169,0.63,27.98,28.93,27.1,79.85,6.3,114.7,100.97,28.94,24.18,26.08,5.9472,1.6044,2.16,2022-04-15,5.0884523
4.5094,6.0775,0.51,28.18,28.86,27.53,80.96,3.03,65.5,100.91,28.91,24.61,26.39,2.748,2.413,6.7,2022-04-16,6.484576
4.871,6.0089,0.56,27.76,28.27,27.24,82.62,2.99,106.2,101.05,28.67,24.54,26.15,3.5352,2.7895,14.54,2022-04-17,5.409781
4.4261,5.9642,0.51,27.56,28.1,26.83,86.69,3.99,114.7,101.12,28.63,25.16,26.36,2.1302,2.9964,4.83,2022-04-18,6.985026
3.2539,5.9028,0.38,27.83,28.62,27.28,82.97,4.03,89.9,101.05,28.73,24.67,26.25,0.5155,2.4214,3.98,2022-04-19,9.485809
0.7774,5.904,0.09,26.53,27.48,25.67,86.04,2.62,71.9,101.06,28.11,24.02,25.28,0.275,0.5174,16.42,2022-04-20,7.2146873
5.3702,5.9546,0.63,26.79,27.5,26.08,81.72,1.92,83.4,101.0,28.85,23.42,25.1,5.3729,2.173,2.83,2022-04-21,3.1267574
5.7619,5.9786,0.68,26.81,27.56,26.12,82.36,3.13,122.5,101.01,28.84,23.57,25.19,7.1294,1.1071,4.68,2022-04-22,1.789445
5.741,5.945,0.68,26.76,27.5,26.04,81.68,3.3,107.8,100.94,28.86,23.38,25.07,6.8534,1.199,2.74,2022-04-23,4.150195
3.7454,5.7912,0.45,26.71,27.52,26.19,79.7,3.68,122.5,100.87,28.67,22.92,24.82,1.8175,2.25,1.62,2022-04-24,6.3072534
1.8768,5.6494,0.22,26.73,27.03,26.25,80.01,2.59,3.4,100.63,28.31,23.02,24.87,0.438,1.319,18.91,2022-04-25,8.417558
3.7114,5.7466,0.45,25.66,26.55,24.86,79.8,5.94,162.4,100.71,27.48,21.91,23.78,2.2841,1.9296,22.44,2022-04-26,8.685341
5.0213,5.8512,0.61,26.52,27.28,25.76,76.4,7.9,116.4,101.0,27.76,22.06,24.29,5.4353,1.5079,5.21,2022-04-27,8.690151
3.3912,5.6426,0.41,26.51,27.08,26.14,80.54,10.9,117.6,101.02,27.46,22.9,24.7,0.6682,2.5754,8.52,2022-04-28,11.176923
3.037,5.5838,0.37,27.32,27.72,26.76,86.05,7.61,88.6,100.81,27.75,24.81,26.07,1.4273,1.7472,13.6,2022-04-29,6.401983
2.545,5.5085,0.31,27.25,27.44,27.06,89.23,5.68,82.1,100.75,27.7,25.35,26.3,0.2659,1.8437,16.98,2022-04-30,6.5067806
3.9283,5.466,0.48,27.57,28.29,26.87,82.48,4.46,9.1,100.69,27.88,24.32,25.94,1.4143,2.4816,7.92,2022-05-01,10.938052
5.1209,5.4787,0.64,27.55,28.65,26.77,83.13,3.02,227.9,100.76,28.2,24.43,25.99,5.9923,1.5034,7.02,2022-05-02,9.100659
3.8498,5.4425,0.48,26.83,27.36,26.16,87.03,4.49,173.8,100.83,28.03,24.51,25.67,2.7156,1.812,19.91,2022-05-03,6.3643384
4.7794,5.436,0.6,27.03,27.67,26.16,85.97,3.96,74.6,100.79,28.12,24.5,25.76,4.8977,1.6044,31.85,2022-05-04,4.375927
5.1058,5.4797,0.64,27.35,28.35,26.56,81.03,2.37,95.7,100.81,28.52,23.8,25.57,5.917,1.3711,2.88,2022-05-05,6.0174303
4.1513,5.4377,0.53,27.19,28.31,26.36,79.79,3.98,209.4,100.77,28.15,23.41,25.3,3.6569,1.7047,4.9,2022-05-06,8.211217
4.5262,5.3959,0.58,26.1,26.8,25.41,81.16,4.08,161.4,100.87,27.86,22.63,24.36,4.5982,1.6565,4.1,2022-05-07,6.2998567
4.5722,5.4955,0.58,25.84,26.51,25.14,79.95,6.73,142.4,101.09,27.46,22.13,23.98,4.6022,1.5989,2.55,2022-05-08,8.907378
4.9769,5.6302,0.64,25.79,26.58,25.15,73.84,7.44,138.5,101.23,27.19,20.78,23.29,5.1794,1.7405,0.1,2022-05-09,7.3142805
4.3102,5.467,0.56,25.74,26.74,24.86,73.13,6.93,119.4,101.18,27.04,20.58,23.16,3.7872,1.957,0.02,2022-05-10,7.2498097
3.5618,5.4362,0.46,25.79,26.73,25.1,73.69,5.45,131.6,101.08,27.1,20.75,23.27,2.1307,1.9754,0.4,2022-05-11,6.780567
3.7198,5.4252,0.49,25.51,26.4,24.83,74.45,7.21,151.5,101.08,26.79,20.65,23.08,3.8566,2.141,4.06,2022-05-12,10.932758
3.9278,5.549,0.51,24.39,25.04,23.73,72.71,7.88,160.1,101.21,26.22,19.19,21.79,6.701,2.2284,0.24,2022-05-13,11.864401
4.4064,5.5303,0.58,24.89,26.06,23.86,70.31,6.6,146.5,101.13,26.44,19.12,22.0,3.786,2.6822,0.12,2022-05-14,10.499491
4.3961,5.3806,0.58,25.19,26.24,24.42,71.48,6.16,117.8,101.09,26.66,19.68,22.44,6.252,1.5401,0.67,2022-05-15,11.558981
3.1606,5.2488,0.42,25.33,26.15,24.5,74.17,5.93,109.3,101.24,26.63,20.42,22.87,2.0532,1.8101,1.28,2022-05-16,10.158374
4.135,5.2193,0.55,26.0,27.0,24.98,73.85,6.42,100.9,101.32,26.8,20.98,23.49,4.949,1.3325,0.51,2022-05-17,6.8402033
4.1858,5.2776,0.56,26.15,26.94,25.38,76.94,6.96,102.6,101.34,26.75,21.8,23.97,4.5984,1.6414,0.06,2022-05-18,8.388615
3.7176,5.1115,0.5,26.63,27.42,26.0,81.86,7.73,99.2,101.29,26.96,23.29,24.96,3.0127,2.1026,3.6,2022-05-19,10.140596
1.8631,4.9992,0.25,26.56,27.13,25.99,86.52,6.61,85.0,101.24,26.83,24.14,25.35,0.2186,1.3474,12.58,2022-05-20,7.127092
3.5935,4.9349,0.49,26.37,26.95,25.85,85.11,5.17,77.5,101.14,26.96,23.69,25.03,2.6263,1.8528,5.0,2022-05-21,6.2349343
3.9377,5.0129,0.54,26.69,27.28,25.86,83.45,3.64,66.8,101.02,27.25,23.67,25.18,3.3235,1.92,1.9,2022-05-22,4.9311204
4.5094,4.9774,0.62,27.26,28.02,26.52,83.86,4.26,43.5,101.09,27.48,24.3,25.78,5.0988,1.3459,2.59,2022-05-23,3.5683384
3.8213,4.9702,0.52,27.07,27.73,26.58,83.81,4.55,60.8,101.21,27.13,24.12,25.59,3.9545,1.5881,2.4,2022-05-24,6.433304
3.7442,5.0738,0.52,26.9,27.76,26.31,82.06,5.4,79.7,101.1,27.12,23.59,25.25,3.6271,1.727,16.98,2022-05-25,9.324125
2.5848,5.0352,0.36,26.57,27.16,26.02,81.85,5.93,73.8,100.92,26.84,23.23,24.9,0.3982,1.9344,6.2,2022-05-26,7.069829
3.8515,4.9346,0.53,26.93,27.6,26.17,84.49,3.59,84.2,100.9,27.24,24.12,25.52,4.1009,1.3618,4.75,2022-05-27,5.2328277
2.891,4.8403,0.4,26.88,27.55,26.37,86.76,5.47,82.4,100.97,27.03,24.5,25.69,0.6874,1.949,11.1,2022-05-28,7.052492
2.821,4.7916,0.39,26.43,26.69,26.2,88.61,6.93,63.4,101.06,26.92,24.42,25.43,1.0572,1.8202,20.75,2022-05-29,9.275851
4.6368,4.8814,0.65,26.69,27.56,25.98,82.12,3.68,69.6,101.12,27.39,23.4,25.04,5.9525,1.1525,1.22,2022-05-30,3.7896798
4.5703,4.9145,0.64,26.42,27.15,25.89,85.35,4.27,113.6,101.15,27.43,23.78,25.1,6.0319,1.1587,0.18,2022-05-31,2.5405242
4.7028,4.9778,0.66,25.87,26.74,25.09,85.7,4.98,123.1,101.16,27.23,23.31,24.59,5.8728,1.2701,0.02,2022-06-01,3.7349324
4.745,4.9363,0.67,26.06,27.03,25.02,79.1,4.23,111.2,101.13,27.08,22.15,24.1,6.0881,1.1993,0.03,2022-06-02,4.433705
4.5994,4.9476,0.65,26.43,27.2,25.89,76.25,3.4,129.6,101.09,27.17,21.92,24.18,6.0677,1.4755,0.06,2022-06-03,5.8713636
4.6615,4.9315,0.66,26.15,27.2,25.41,80.71,5.41,136.6,101.21,27.02,22.58,24.37,6.1265,1.0879,0.36,2022-06-04,4.173966
4.7126,4.9231,0.67,25.61,26.62,24.68,80.16,5.35,124.4,101.27,26.79,21.95,23.78,5.916,1.2943,0.0,2022-06-05,5.755684
4.4534,4.9039,0.64,25.58,26.55,24.71,81.26,5.25,130.0,101.22,26.8,22.14,23.86,5.37,1.3562,0.01,2022-06-06,5.472728
4.7393,4.9805,0.68,24.98,25.81,24.14,77.9,6.74,128.9,101.25,26.29,20.87,22.92,6.143,1.2533,0.0,2022-06-07,6.075567
4.2007,4.9644,0.6,24.45,25.2,23.46,76.26,6.21,109.4,101.21,26.09,20.02,22.24,5.155,1.4299,0.01,2022-06-08,5.8846226
4.4124,4.9262,0.63,25.26,26.46,24.06,74.77,4.09,70.9,101.23,26.31,20.46,22.87,5.8392,1.5019,0.03,2022-06-09,4.832046
4.6606,4.9195,0.67,25.52,26.53,24.51,74.66,2.96,76.3,101.23,26.41,20.7,23.11,6.2033,1.3709,0.0,2022-06-10,5.4353533
4.5382,4.8653,0.66,25.64,26.58,24.85,79.15,3.81,78.7,101.2,26.49,21.77,23.71,5.2006,1.5643,0.19,2022-06-11,9.509165
4.7155,4.9106,0.68,26.08,27.15,25.07,82.46,3.57,68.7,101.24,26.86,22.85,24.47,5.9842,1.2703,1.04,2022-06-12,6.814169
3.7886,4.8338,0.55,25.96,26.56,25.31,83.8,3.91,86.2,101.32,26.88,23.02,24.49,4.1112,1.5396,1.05,2022-06-13,5.836867
4.6625,4.8706,0.68,26.36,27.39,25.58,77.07,4.7,97.7,101.39,26.87,22.01,24.19,6.0742,1.1628,0.6,2022-06-14,4.7553782
4.3402,4.817,0.63,25.73,26.22,25.36,83.41,6.17,104.4,101.4,26.6,22.74,24.23,4.9154,1.6358,1.73,2022-06-15,5.041301
2.4125,4.6966,0.35,26.18,26.99,25.48,83.28,8.29,111.8,101.37,26.67,23.14,24.66,1.5542,1.4112,8.16,2022-06-16,6.7323923
3.2549,4.7057,0.47,26.33,27.08,25.6,82.16,8.21,98.7,101.34,26.62,23.06,24.7,2.0258,2.2613,2.97,2022-06-17,9.40004
3.115,4.7201,0.45,26.56,27.37,26.1,81.03,7.58,92.6,101.27,26.73,23.04,24.8,1.2358,2.2529,1.96,2022-06-18,10.485224
2.3345,4.7494,0.34,26.43,27.39,25.95,83.77,5.58,66.6,100.95,26.66,23.47,24.95,1.2955,1.577,11.05,2022-06-19,9.398903
0.8899,4.6438,0.13,26.4,27.15,25.78,85.45,5.25,326.4,100.72,26.33,23.78,25.09,0.3732,0.6259,19.19,2022-06-20,9.934325
2.6652,4.6709,0.39,25.59,26.8,24.58,81.27,3.71,215.7,100.91,26.58,22.14,23.86,3.2698,1.4066,3.86,2022-06-21,8.941339
4.3049,4.7465,0.63,24.92,25.89,24.14,75.82,4.99,171.1,101.19,26.15,20.37,22.65,5.49,1.2206,0.02,2022-06-22,5.1716285
3.0547,4.7237,0.45,24.44,25.2,23.84,77.5,5.77,136.5,101.36,25.97,20.27,22.36,2.2142,1.6543,0.04,2022-06-23,6.9330854
3.9521,4.721,0.58,25.21,26.15,24.27,77.98,5.63,114.6,101.37,26.16,21.11,23.16,3.6607,1.7902,2.69,2022-06-24,7.167934
4.0423,4.7083,0.59,25.35,26.28,24.56,79.0,6.57,110.3,101.39,26.29,21.46,23.41,4.1868,1.6954,1.03,2022-06-25,7.6104813
3.9526,4.7611,0.58,25.93,26.75,25.25,80.14,7.34,106.9,101.41,26.43,22.25,24.09,4.6553,1.4124,0.51,2022-06-26,6.253451
4.555,4.8564,0.66,25.63,26.58,24.82,79.82,7.59,120.0,101.29,26.28,21.9,23.76,5.4247,1.4789,0.11,2022-06-27,6.1484685
4.4014,4.8307,0.64,25.33,26.37,24.33,80.7,6.43,106.4,101.2,26.33,21.79,23.56,5.699,1.2732,0.08,2022-06-28,5.891387
3.2234,4.6997,0.47,26.01,27.16,25.14,84.97,4.77,111.4,101.13,26.57,23.3,24.65,2.2154,1.9313,0.59,2022-06-29,6.542095
3.5566,4.6903,0.52,25.84,26.59,25.2,89.22,5.21,131.2,101.23,26.25,23.95,24.9,2.8205,1.8914,1.16,2022-06-30,7.0296907
3.7766,4.7726,0.55,25.27,25.75,24.59,88.71,7.57,127.4,101.35,26.52,23.29,24.28,4.2233,1.4182,0.87,2022-07-01,6.811689
4.0058,4.7909,0.58,25.47,26.2,24.95,85.51,7.44,115.2,101.35,26.53,22.88,24.18,4.4894,1.3946,1.93,2022-07-02,6.5833206
4.4386,4.8338,0.64,25.63,26.56,25.0,82.23,8.19,112.3,101.27,26.41,22.38,24.0,5.4562,1.2288,0.73,2022-07-03,6.4931245
3.7855,4.8156,0.55,25.16,25.93,24.64,80.34,8.55,120.1,101.28,26.13,21.55,23.36,4.1153,1.567,2.06,2022-07-04,6.8908577
3.7142,4.841,0.54,25.57,26.47,24.61,81.32,8.38,111.3,101.3,26.26,22.15,23.86,4.2946,1.4662,1.11,2022-07-05,8.312221
3.7214,4.8048,0.54,25.66,26.31,25.17,84.58,8.63,105.3,101.36,26.42,22.89,24.28,3.7579,1.6433,3.65,2022-07-06,7.0574374
4.1482,4.8132,0.6,25.42,26.16,24.88,83.25,7.23,114.4,101.32,26.28,22.39,23.9,4.9982,1.3416,1.44,2022-07-07,6.0191283
3.9818,4.8389,0.57,25.28,26.21,24.69,78.61,6.58,101.6,101.22,26.12,21.29,23.29,5.8937,1.3555,0.4,2022-07-08,6.6091843
4.0085,4.9128,0.57,25.36,26.22,24.67,78.48,7.13,99.7,101.24,26.08,21.36,23.36,4.59,1.5511,0.08,2022-07-09,7.362729
3.5066,4.7676,0.5,25.82,26.53,25.08,84.57,7.82,96.0,101.23,26.11,23.04,24.43,3.2902,1.5816,4.15,2022-07-10,6.3405
4.349,4.8178,0.62,26.18,26.89,25.66,86.49,6.51,90.1,101.26,26.45,23.77,24.98,5.1439,1.3248,2.41,2022-07-11,4.6670723
4.723,4.8398,0.67,26.32,27.39,25.51,87.02,3.38,77.0,101.19,26.86,23.98,25.15,6.2318,1.0406,1.7,2022-07-12,2.508898
4.0058,4.8391,0.57,26.36,27.28,25.71,85.11,6.16,83.7,101.04,26.74,23.66,25.01,4.7707,1.4134,2.18,2022-07-13,5.274906
4.5751,4.8775,0.65,26.67,27.87,25.77,83.38,6.25,56.3,101.04,26.87,23.62,25.15,5.8015,1.183,1.43,2022-07-14,3.1304026
4.901,4.9409,0.69,26.48,27.49,25.68,86.05,4.67,50.0,101.18,26.95,23.96,25.22,6.7634,0.9314,3.08,2022-07-15,7.1629386
3.8086,4.9673,0.53,26.33,27.21,25.46,83.68,3.0,89.4,101.28,27.17,23.35,24.84,5.3885,1.1059,1.13,2022-07-16,3.8725502
3.4476,4.8802,0.48,26.24,27.01,25.72,84.34,8.06,117.7,101.39,26.89,23.4,24.82,3.0631,1.6553,2.08,2022-07-17,6.814062
4.2319,5.0405,0.59,26.0,26.78,25.36,78.18,8.22,97.1,101.41,26.68,21.89,23.94,4.5422,1.5595,1.4,2022-07-18,6.6952453
4.535,5.0806,0.63,26.25,27.12,25.67,80.49,8.45,95.1,101.33,26.64,22.64,24.45,5.0652,1.6051,1.39,2022-07-19,6.8691506
4.8281,5.1331,0.67,26.18,27.33,25.35,78.99,7.95,94.8,101.36,26.66,22.26,24.22,5.9532,1.309,0.21,2022-07-20,6.518363
4.4952,5.1187,0.62,26.18,27.17,25.41,78.08,7.41,96.4,101.35,26.64,22.06,24.12,5.2824,1.4088,0.29,2022-07-21,5.4021215
4.6402,5.087,0.64,25.72,26.53,25.11,79.89,6.34,111.1,101.31,26.31,22.0,23.86,5.4408,1.4201,0.42,2022-07-22,5.4235444
4.7412,5.1523,0.65,25.47,26.34,24.82,78.72,5.99,109.8,101.3,26.46,21.52,23.49,5.8236,1.343,0.35,2022-07-23,4.9459887
3.4025,5.1149,0.46,25.73,26.83,24.94,80.53,6.58,87.7,101.2,26.42,22.14,23.93,2.2044,1.8792,2.84,2022-07-24,7.9317036
2.9995,5.0736,0.41,25.97,27.02,25.15,83.95,6.56,80.2,101.15,26.64,23.06,24.51,1.8338,1.8578,5.31,2022-07-25,5.614808
3.6319,5.0707,0.49,26.18,27.09,25.38,82.14,6.2,71.1,101.15,26.57,22.9,24.54,2.4953,1.8434,2.78,2022-07-26,5.2347317
5.0186,5.1425,0.68,26.11,26.86,25.5,79.54,4.9,73.2,101.19,26.49,22.32,24.22,6.1958,1.1796,0.14,2022-07-27,4.96145
5.0225,5.2526,0.67,26.17,27.15,25.3,77.62,5.72,87.2,101.34,26.7,21.96,24.06,6.1915,1.2005,0.12,2022-07-28,5.1752524
4.6771,5.2286,0.62,26.07,27.08,25.13,79.47,6.12,102.7,101.31,26.71,22.24,24.15,4.6913,1.8941,1.27,2022-07-29,6.145001
3.5633,5.2162,0.47,26.36,27.08,25.9,85.23,6.25,84.5,101.23,26.7,23.7,25.03,3.667,1.6858,3.84,2022-07-30,5.938276
4.5504,5.239,0.6,26.57,27.42,25.85,84.31,4.49,62.6,101.2,26.88,23.72,25.14,4.3702,1.9632,4.59,2022-07-31,7.557489
3.2059,5.219,0.42,26.23,26.76,25.68,87.45,4.85,81.9,101.22,26.42,24.0,25.11,1.6718,1.9322,6.26,2022-08-01,7.7002583
3.7867,5.1878,0.5,26.15,26.82,25.59,86.91,5.79,103.7,101.35,26.48,23.81,24.98,3.107,1.625,2.76,2022-08-02,7.7180004
4.7911,5.2433,0.63,26.07,26.52,25.62,83.39,6.91,87.4,101.31,26.43,23.05,24.56,5.4521,1.35,0.85,2022-08-03,6.0968046
4.4064,5.3472,0.57,26.16,27.04,25.27,83.48,6.26,84.6,101.17,26.57,23.16,24.66,4.0402,1.8677,1.39,2022-08-04,7.2444096
4.5982,5.3278,0.59,26.01,26.76,25.43,84.17,6.18,78.6,101.06,26.5,23.15,24.58,4.6903,1.571,22.84,2022-08-05,9.83438
4.4148,5.4374,0.57,25.94,26.82,24.98,80.79,5.24,87.9,101.01,26.64,22.41,24.17,4.9788,1.416,9.22,2022-08-06,5.6519413
5.0594,5.49,0.65,25.95,26.66,25.37,80.32,5.06,96.7,101.09,26.84,22.31,24.13,5.8987,1.3798,1.79,2022-08-07,3.5368898
5.0285,5.4996,0.64,26.02,26.88,25.29,80.96,4.6,70.2,101.0,26.95,22.51,24.27,5.7917,1.409,3.68,2022-08-08,3.725475
5.3184,5.5272,0.67,26.57,27.65,25.52,81.25,4.57,31.8,100.95,27.12,23.1,24.83,6.4999,1.1496,1.94,2022-08-09,3.5878997
2.4487,5.495,0.31,27.03,28.56,25.75,79.35,4.97,351.8,100.85,27.22,23.12,25.08,0.6506,1.6507,0.29,2022-08-10,8.089572
2.2128,5.4293,0.28,25.2,26.96,23.56,84.18,6.36,206.1,100.91,26.33,22.36,23.78,0.2597,1.5516,10.21,2022-08-11,7.1924686
4.0762,5.6078,0.51,23.9,24.79,23.33,74.26,6.23,173.7,101.22,25.86,19.05,21.47,2.0429,2.1658,0.37,2022-08-12,7.042075
3.2491,5.6249,0.4,23.69,24.4,23.17,73.72,7.02,152.9,101.43,25.57,18.74,21.21,1.0068,2.1715,0.19,2022-08-13,8.081599
3.7644,5.7799,0.47,24.08,24.76,23.42,72.86,8.42,117.2,101.45,25.46,18.92,21.5,2.136,2.1586,0.2,2022-08-14,12.18217
4.8324,5.8126,0.59,24.9,25.9,23.73,73.03,9.1,102.2,101.46,25.97,19.74,22.32,5.6501,1.4026,0.5,2022-08-15,9.870953
3.6398,5.6878,0.45,25.67,26.41,25.01,79.89,9.69,95.0,101.47,26.29,21.96,23.82,1.5768,2.2658,1.23,2022-08-16,15.369352
3.7877,5.5973,0.46,25.73,26.48,25.24,81.4,10.0,83.8,101.43,26.51,22.33,24.03,1.2502,2.513,2.29,2022-08-17,13.516087
5.0189,5.8298,0.61,25.54,26.22,25.07,73.32,10.11,85.8,101.43,26.23,20.4,22.97,5.0801,1.7256,1.39,2022-08-18,12.874444
4.6423,6.065,0.56,25.25,26.31,24.41,68.17,8.64,99.1,101.41,26.02,18.97,22.11,4.1952,2.0078,1.01,2022-08-19,13.252503
4.9536,6.1346,0.59,24.87,25.95,24.1,66.83,6.47,111.8,101.33,25.76,18.29,21.58,5.2399,1.7198,0.19,2022-08-20,9.727074
5.352,6.0749,0.64,24.84,26.0,23.95,69.91,5.44,129.9,101.23,25.91,18.97,21.9,5.856,1.5814,0.27,2022-08-21,5.578599
5.6402,6.0415,0.67,24.77,26.01,23.74,75.79,4.4,113.4,101.23,26.13,20.21,22.49,6.389,1.4585,0.17,2022-08-22,2.7486563
4.9037,6.0542,0.58,24.82,26.32,23.84,79.22,4.91,106.6,101.35,26.38,20.97,22.9,5.2241,1.721,1.34,2022-08-23,3.4542465
3.8582,6.0943,0.45,25.02,25.93,24.02,80.38,6.33,108.6,101.35,26.4,21.42,23.22,4.1818,1.7398,2.09,2022-08-24,3.6054358
5.2222,6.1382,0.61,25.25,26.05,24.53,78.09,6.38,105.7,101.35,26.38,21.17,23.21,4.8377,1.877,0.21,2022-08-25,4.4980197
5.4972,6.2107,0.64,25.44,26.46,24.41,79.07,7.14,110.8,101.37,26.46,21.56,23.5,5.6779,1.6826,0.37,2022-08-26,7.6071844
4.0858,6.0823,0.47,25.79,26.72,25.08,79.54,7.94,97.5,101.4,26.56,22.0,23.9,3.7862,1.848,1.31,2022-08-27,6.5075836
5.8224,6.1668,0.67,25.17,26.08,24.25,81.54,5.82,107.8,101.43,26.64,21.8,23.48,6.4253,1.3498,1.72,2022-08-28,4.9305058
5.1886,6.3149,0.6,24.52,25.65,23.72,79.9,5.56,123.9,101.25,26.35,20.82,22.67,4.5468,2.01,1.56,2022-08-29,5.392856
4.8242,6.2974,0.55,24.67,26.23,23.55,77.98,4.89,133.5,101.13,26.45,20.55,22.61,4.3586,1.9435,1.79,2022-08-30,4.8601975
4.3805,6.2885,0.5,24.37,25.09,23.69,81.74,7.3,130.3,101.26,25.95,21.06,22.71,2.9376,2.1132,15.87,2022-08-31,5.9443083
4.4621,6.3106,0.5,24.6,25.52,23.98,76.94,7.11,125.1,101.41,26.2,20.3,22.45,3.7685,2.0146,2.16,2022-09-01,4.844036
5.1017,6.293,0.57,24.67,25.67,23.91,77.85,5.14,118.1,101.3,26.13,20.56,22.62,4.5343,2.1905,2.61,2022-09-02,4.8313923
3.5568,6.4462,0.4,24.41,25.28,23.72,79.34,6.23,125.1,101.26,25.9,20.61,22.51,1.4364,2.5142,8.01,2022-09-03,5.0747104
5.9575,6.5129,0.66,24.35,25.46,23.34,74.56,5.47,106.0,101.37,26.18,19.54,21.95,5.9222,1.9178,0.19,2022-09-04,4.354263
6.2186,6.5743,0.69,24.53,25.68,23.14,75.39,3.88,71.8,101.26,26.03,19.89,22.21,6.2858,1.823,0.02,2022-09-05,3.5856616
6.3742,6.4994,0.7,25.87,27.38,24.47,77.37,3.13,44.2,101.25,26.92,21.6,23.73,7.0409,1.2828,0.12,2022-09-06,6.2654095
6.3134,6.4421,0.69,25.99,27.06,25.12,81.02,4.8,66.8,101.28,27.04,22.48,24.23,6.9283,1.3222,0.29,2022-09-07,6.190291
6.3019,6.5345,0.69,26.01,27.23,24.76,80.08,5.2,84.4,101.47,26.74,22.31,24.16,6.9955,1.4016,1.68,2022-09-08,7.9471364
6.1159,6.6667,0.66,25.74,26.85,24.97,79.22,5.87,87.4,101.55,26.88,21.87,23.8,6.3151,1.692,0.18,2022-09-09,6.381974
5.2402,6.6631,0.57,25.43,26.12,24.88,80.8,5.11,89.2,101.45,26.44,21.91,23.67,3.2009,2.6273,0.21,2022-09-10,8.569359
6.4927,6.7548,0.7,25.26,26.43,24.2,79.14,4.75,100.9,101.31,26.8,21.39,23.33,6.8424,1.5314,0.03,2022-09-11,6.4795527
6.4063,6.7464,0.69,25.67,26.98,24.39,82.14,4.65,107.5,101.41,27.2,22.39,24.03,6.6698,1.7191,1.17,2022-09-12,5.1380553
6.4421,6.7618,0.69,26.1,26.96,25.56,82.04,6.43,89.4,101.48,27.28,22.79,24.45,6.6122,1.7309,1.23,2022-09-13,8.353865
6.377,6.7157,0.68,26.09,27.04,25.19,81.43,5.56,88.4,101.48,27.26,22.67,24.38,6.5995,1.6054,0.49,2022-09-14,7.1108346
6.0566,6.7598,0.64,25.63,26.55,24.93,80.51,4.05,83.1,101.26,27.13,22.04,23.84,4.9157,2.3491,0.3,2022-09-15,7.614453
4.2569,6.7198,0.45,26.16,27.21,25.03,84.33,3.45,83.2,101.17,27.66,23.32,24.74,2.0182,2.3436,1.85,2022-09-16,5.965994
5.9184,6.7397,0.62,26.58,27.64,25.8,82.09,4.59,87.7,101.31,27.65,23.27,24.93,5.4434,1.837,2.59,2022-09-17,6.8357906
5.8109,6.774,0.61,26.18,27.31,25.32,83.6,7.11,105.2,101.44,27.44,23.19,24.69,5.5334,1.7239,7.52,2022-09-18,8.733547
4.2122,6.7682,0.44,25.69,26.34,25.09,82.59,7.63,100.8,101.47,27.02,22.52,24.1,2.1974,2.4876,7.35,2022-09-19,7.5543337
6.2789,6.8998,0.65,26.0,26.95,25.16,79.95,8.54,104.3,101.38,27.14,22.28,24.14,5.9753,1.7909,1.11,2022-09-20,8.645465
5.8226,6.9089,0.6,26.29,27.23,25.55,80.26,7.65,88.3,101.17,27.25,22.62,24.45,5.317,2.0786,0.92,2022-09-21,5.9397287
3.7831,7.0085,0.39,26.47,27.56,25.64,79.86,5.82,56.7,101.1,26.95,22.7,24.58,0.4634,2.5891,1.69,2022-09-22,10.182397
3.2278,6.9194,0.33,26.01,26.76,25.52,85.73,5.86,77.8,101.21,26.32,23.45,24.73,0.3533,2.2716,10.22,2022-09-23,8.245713
4.4662,6.8803,0.45,25.86,26.6,25.2,86.84,5.87,94.2,101.16,26.82,23.52,24.69,2.0124,2.4492,7.68,2022-09-24,9.0554695
6.5688,6.9322,0.67,26.32,27.32,25.56,84.58,5.51,87.0,101.01,27.27,23.52,24.92,6.7862,1.4767,3.02,2022-09-25,4.5852246
5.7811,6.9876,0.58,25.88,26.88,25.24,83.65,6.16,86.6,100.93,27.19,22.91,24.4,5.8997,1.788,1.62,2022-09-26,4.0233135
6.299,7.1057,0.63,26.11,27.05,25.13,82.04,4.29,78.8,100.98,27.43,22.81,24.46,6.5638,1.3248,4.39,2022-09-27,3.7932181
6.5347,7.2674,0.65,25.96,27.27,25.01,80.42,6.02,165.6,101.01,27.42,22.34,24.15,6.1058,1.9445,2.7,2022-09-28,5.0013824
6.8273,7.3987,0.68,25.35,26.58,24.45,73.33,7.22,128.9,101.2,27.07,20.22,22.79,6.3941,2.0563,0.33,2022-09-29,7.661669
6.918,7.3877,0.69,25.3,26.57,24.15,75.44,6.33,87.4,101.26,27.07,20.64,22.97,7.2902,1.6994,0.2,2022-09-30,5.497064
6.9658,7.3303,0.69,25.42,26.55,24.23,79.61,5.17,61.7,101.15,27.36,21.65,23.54,7.4448,1.4522,0.05,2022-10-01,7.6595583
6.4171,7.2506,0.63,26.42,27.67,25.15,80.14,4.69,66.0,101.03,27.79,22.72,24.57,6.2028,1.8518,0.15,2022-10-02,5.255501
5.8478,7.1779,0.57,26.84,27.91,25.88,82.08,5.43,60.1,100.99,27.88,23.53,25.19,4.9874,1.9411,2.47,2022-10-03,5.6097493
5.1629,7.243,0.51,26.84,27.82,25.86,79.58,5.01,57.7,101.09,27.91,23.01,24.92,3.5014,1.9901,4.64,2022-10-04,7.5273123
1.6375,7.2898,0.16,26.57,27.6,25.91,82.72,5.64,70.9,101.25,27.24,23.37,24.97,0.0394,1.253,6.41,2022-10-05,7.345022
6.5686,7.4059,0.64,26.44,27.22,25.6,84.27,4.74,86.4,101.22,27.27,23.58,25.02,6.2753,2.0146,4.4,2022-10-06,9.975949
3.8083,7.3454,0.37,26.44,27.22,25.56,81.59,6.08,97.0,101.24,26.8,23.05,24.74,0.1226,2.8877,13.7,2022-10-07,6.220837
2.3878,7.4299,0.23,25.78,26.83,24.84,82.21,8.1,87.4,101.28,26.93,22.53,24.16,0.1678,1.7081,34.66,2022-10-08,7.48566
4.7964,7.4818,0.46,25.59,26.44,24.85,81.14,4.7,80.6,101.1,27.06,22.13,23.86,1.5878,2.6846,27.24,2022-10-09,8.533319
6.0276,7.505,0.58,25.41,26.34,24.62,81.3,3.99,166.6,100.78,26.77,21.99,23.7,5.226,2.1127,22.75,2022-10-10,6.5068164
6.3218,7.662,0.6,25.31,26.62,24.17,76.03,4.23,165.2,100.76,27.07,20.77,23.04,5.4463,2.4053,1.23,2022-10-11,9.007558
7.1014,7.6279,0.68,25.12,26.15,24.09,75.0,3.16,126.2,100.83,26.93,20.38,22.75,7.0975,1.8641,0.06,2022-10-12,4.757837
3.9264,7.487,0.37,25.92,26.71,24.81,81.8,5.26,44.4,100.74,26.72,22.57,24.24,1.4275,2.376,31.55,2022-10-13,4.5310316
5.369,7.6022,0.51,26.61,28.62,25.12,81.13,5.26,280.6,100.67,27.02,23.03,24.82,4.1304,1.9598,10.22,2022-10-14,5.046445
7.4424,7.8936,0.7,25.95,27.85,24.46,69.46,4.15,216.9,101.02,27.04,19.86,22.9,7.7551,1.6373,0.01,2022-10-15,4.1284842
6.2566,7.6596,0.59,25.61,26.58,24.58,78.16,4.66,110.6,101.25,26.96,21.53,23.57,5.0981,2.3604,1.06,2022-10-16,6.3152328
6.0439,7.5862,0.57,26.56,27.62,25.47,83.73,6.36,96.2,101.35,27.45,23.59,25.07,5.4806,1.8269,1.77,2022-10-17,5.598686
5.7583,7.5922,0.54,26.59,27.19,26.0,83.63,4.52,76.0,101.27,27.2,23.61,25.1,3.2866,2.8548,3.76,2022-10-18,9.682175
6.6091,7.6642,0.62,26.38,27.34,25.66,83.08,4.04,93.1,101.17,27.73,23.28,24.83,5.7497,2.1826,19.99,2022-10-19,4.0302978
6.0974,7.6452,0.57,25.92,26.69,25.25,82.65,3.94,123.6,101.12,27.51,22.76,24.34,4.9106,2.2733,35.46,2022-10-20,2.8227234
5.0426,7.6198,0.47,25.6,26.59,24.93,84.23,5.95,137.6,101.06,27.07,22.76,24.18,2.7883,2.7271,38.93,2022-10-21,5.009724
3.7253,7.6025,0.35,25.62,26.38,25.1,83.93,7.83,133.4,101.01,26.87,22.72,24.17,2.2128,2.375,13.94,2022-10-22,8.521845
4.2374,7.4494,0.39,25.27,26.02,24.79,83.09,8.34,138.4,101.09,26.46,22.21,23.74,0.5585,2.879,4.79,2022-10-23,8.799635
3.2309,7.5883,0.3,25.04,25.5,24.61,79.77,7.82,131.5,101.15,26.39,21.31,23.17,0.2815,2.3263,3.41,2022-10-24,10.434562
2.5291,7.6884,0.23,24.89,25.9,23.95,76.28,6.74,112.7,101.07,26.34,20.44,22.66,0.0302,1.9102,5.59,2022-10-25,7.3830366
2.455,7.5612,0.23,24.45,24.89,23.82,82.9,6.93,77.2,100.81,25.96,21.38,22.92,0.3984,1.7004,20.61,2022-10-26,3.2343054
6.5657,7.7597,0.6,25.2,25.9,24.41,85.16,8.34,100.6,100.69,26.54,22.55,23.87,5.9616,1.9318,12.66,2022-10-27,4.852879
6.7363,7.8506,0.62,25.87,26.8,24.97,88.52,7.71,112.8,100.73,26.9,23.85,24.86,6.3691,1.8326,7.87,2022-10-28,2.6799824
6.7951,7.8485,0.62,26.32,26.94,25.78,84.24,4.83,120.6,100.79,27.2,23.46,24.89,6.5323,1.955,2.94,2022-10-29,3.918146
6.3175,7.806,0.57,26.65,27.35,26.02,81.51,2.42,84.2,100.79,27.49,23.24,24.95,4.7657,2.2358,1.97,2022-10-30,4.204274
4.4244,7.7894,0.4,26.46,27.08,25.76,85.64,3.69,40.5,100.83,26.8,23.88,25.17,0.3492,3.1714,2.55,2022-10-31,9.252915
5.2435,7.7832,0.48,26.47,27.7,24.66,83.74,3.69,35.5,100.95,26.65,23.51,24.99,1.6716,3.2801,9.47,2022-11-01,6.0656476
5.3436,7.7086,0.48,24.64,25.48,23.57,84.07,3.91,70.7,100.95,26.84,21.79,23.22,1.1794,3.5446,2.71,2022-11-02,5.557624
6.6118,7.8842,0.6,26.86,28.06,25.45,80.46,4.38,44.4,100.95,27.57,23.2,25.03,5.6258,2.2598,0.51,2022-11-03,7.2702804
7.0459,7.8989,0.63,26.93,27.6,26.41,85.99,5.23,55.6,101.16,27.52,24.4,25.67,6.7138,1.9087,1.24,2022-11-04,2.7457716
5.7994,7.9039,0.52,26.27,26.82,25.77,86.03,4.37,101.6,101.18,27.79,23.77,25.02,3.8674,2.6513,1.94,2022-11-05,6.295963
7.5526,8.1007,0.68,26.11,27.06,25.22,80.8,6.21,107.7,101.01,27.6,22.56,24.34,7.4707,1.9469,0.4,2022-11-06,5.3702393
7.5454,8.0453,0.68,25.79,26.7,24.85,80.62,5.18,94.2,100.89,27.43,22.22,24.01,6.8422,2.1689,5.65,2022-11-07,5.383967
6.9245,8.0383,0.62,26.29,27.38,25.24,80.29,6.09,77.7,100.88,27.57,22.63,24.46,6.9341,1.83,2.65,2022-11-08,5.501171
5.9698,7.8994,0.53,26.39,26.95,25.72,82.49,6.62,62.8,100.83,27.21,23.19,24.79,3.0046,2.9438,20.36,2022-11-09,8.987726
4.1371,7.9085,0.37,26.6,27.12,25.95,86.6,5.29,48.4,100.79,27.17,24.2,25.4,0.557,2.8968,17.34,2022-11-10,5.8846154
4.3615,7.9013,0.39,27.8,29.31,26.62,83.57,2.49,12.3,100.83,28.25,24.74,26.27,1.5708,2.5466,8.62,2022-11-11,4.213874
4.4868,7.9392,0.4,26.74,27.15,25.96,87.08,2.61,68.6,100.95,27.46,24.43,25.59,3.324,1.902,28.82,2022-11-12,3.788088
2.2488,7.8833,0.2,25.91,26.38,25.39,87.17,3.74,124.5,100.86,27.42,23.64,24.77,0.0826,1.6646,25.22,2022-11-13,4.1385703
1.8806,7.8494,0.17,26.39,27.58,25.31,83.75,2.69,37.2,100.61,27.52,23.43,24.91,1.0771,1.187,10.81,2022-11-14,6.948532
7.5917,8.1794,0.67,26.21,27.01,25.42,79.68,2.4,167.2,100.53,27.68,22.42,24.32,7.861,1.6978,2.96,2022-11-15,3.3418033
7.8458,8.3359,0.69,26.55,28.3,25.34,74.1,2.8,206.4,100.7,27.91,21.53,24.04,8.4929,1.7477,0.67,2022-11-16,0.71736395
7.4076,8.3854,0.65,25.86,26.74,24.8,79.18,2.91,128.1,100.83,27.9,21.99,23.93,7.2432,1.8271,0.97,2022-11-17,3.888907
6.8712,8.2138,0.61,26.67,27.8,25.55,77.97,3.29,51.8,100.96,28.12,22.51,24.59,6.0199,2.255,1.3,2022-11-18,3.1874804
7.2038,8.25,0.63,27.26,28.38,26.34,74.81,3.75,43.9,101.01,28.27,22.38,24.82,6.2004,2.3323,0.54,2022-11-19,2.6049776
6.8196,8.2162,0.6,27.29,28.56,26.25,75.39,3.56,55.6,101.0,28.38,22.55,24.92,4.7801,2.8939,0.06,2022-11-20,8.424806
7.9558,8.2373,0.7,27.02,27.91,26.19,79.94,3.86,81.1,101.07,28.45,23.27,25.15,8.1487,1.7261,0.32,2022-11-21,1.4196715
7.9572,8.2092,0.7,26.71,27.65,25.83,81.34,3.92,96.6,101.08,28.61,23.26,24.99,8.1276,1.877,0.33,2022-11-22,2.970829
7.9944,8.3045,0.7,26.55,27.47,25.66,80.87,4.35,111.6,101.11,28.54,23.01,24.78,8.065,1.9711,0.51,2022-11-23,1.6739818
7.9625,8.3251,0.7,27.3,28.37,26.04,77.56,3.23,74.6,101.09,28.89,23.04,25.17,8.7,1.6313,0.36,2022-11-24,1.8790729
7.1599,8.2351,0.63,27.67,28.55,26.67,80.06,3.31,45.9,100.97,29.28,23.94,25.8,6.7253,1.9596,1.26,2022-11-25,1.6349587
7.3805,8.2111,0.65,28.4,29.61,27.16,78.9,4.15,25.7,100.82,29.23,24.38,26.39,7.7213,1.6476,1.78,2022-11-26,2.436785
6.3571,8.1617,0.56,27.92,28.47,27.34,79.72,2.71,21.9,100.91,28.55,24.11,26.01,4.8487,2.4917,3.76,2022-11-27,5.5241427
7.0522,8.1634,0.62,27.32,28.01,26.76,82.44,5.53,86.5,101.06,28.37,24.08,25.71,4.9762,2.9969,9.45,2022-11-28,9.849636
7.3536,8.2392,0.64,27.51,28.27,26.7,83.52,5.49,88.1,101.05,28.87,24.48,25.99,6.8424,2.4583,6.74,2022-11-29,4.326324
6.6281,8.2522,0.58,27.61,28.51,26.35,79.44,4.7,82.4,100.81,28.92,23.73,25.67,5.61,2.2894,6.57,2022-11-30,4.8352504
6.9197,8.1545,0.6,28.51,29.81,27.42,72.06,1.96,63.3,100.62,29.56,22.97,25.74,6.3744,2.8337,0.02,2022-12-01,4.866685
7.231,8.0897,0.63,28.58,30.05,27.25,74.64,2.77,348.2,100.58,29.29,23.62,26.1,6.6355,2.0066,0.56,2022-12-02,3.915627
7.0286,8.1703,0.61,28.85,30.54,27.11,73.97,4.08,337.6,100.63,29.49,23.71,26.28,7.5811,1.7086,4.12,2022-12-03,6.834888
5.5954,8.0892,0.49,28.44,29.77,27.59,75.25,2.38,167.8,100.8,29.49,23.61,26.02,1.9577,3.3187,3.71,2022-12-04,7.2300634
7.001,7.951,0.61,27.85,28.33,27.35,79.83,2.8,90.9,100.86,29.24,24.06,25.96,7.2703,2.665,2.61,2022-12-05,5.4124527
7.1676,8.0412,0.62,28.12,29.21,27.13,73.82,1.57,85.1,100.72,29.9,23.0,25.56,5.5771,2.5738,1.36,2022-12-06,1.3353513
6.7085,7.997,0.58,28.36,29.46,27.49,78.32,3.97,224.9,100.49,29.64,24.23,26.3,5.5469,2.7103,5.53,2022-12-07,3.181121
7.0637,8.1785,0.61,28.2,28.92,27.29,78.82,2.9,177.4,100.43,29.85,24.17,26.18,7.0277,2.0654,4.93,2022-12-08,3.8659422
6.8429,8.1305,0.59,27.84,28.13,27.51,80.52,1.81,57.8,100.65,29.29,24.2,26.02,5.3285,2.5286,12.83,2022-12-09,2.5252903
3.3797,8.0899,0.29,27.27,27.91,26.67,83.45,3.63,1.7,100.84,28.81,24.24,25.76,0.4174,2.2601,15.31,2022-12-10,3.7817783
3.5494,8.0645,0.31,27.57,28.49,26.64,76.52,2.59,321.9,100.76,28.96,23.07,25.32,0.2453,2.5558,9.82,2022-12-11,5.900532
4.1722,8.0976,0.36,27.34,28.27,26.63,77.1,3.29,279.7,100.67,28.66,22.98,25.16,0.7392,2.8042,11.97,2022-12-12,5.765038
6.2861,8.129,0.54,27.54,28.87,26.37,77.69,4.42,311.0,100.43,28.59,23.29,25.41,4.8883,2.394,24.66,2022-12-13,2.9858427
7.907,8.4528,0.68,27.25,28.14,26.4,79.16,5.13,183.7,100.27,28.97,23.34,25.3,7.908,2.2253,0.63,2022-12-14,2.7363925
7.7136,8.5222,0.67,27.01,28.2,25.92,77.84,5.65,166.0,100.29,28.78,22.8,24.9,7.2089,2.4005,2.64,2022-12-15,2.2130706
7.9498,8.58,0.69,26.9,28.0,25.88,75.84,4.94,159.8,100.23,28.79,22.27,24.59,7.1201,2.6021,0.21,2022-12-16,2.9154775
8.2116,8.501,0.71,26.68,27.99,25.42,76.92,2.73,153.4,100.24,29.11,22.29,24.49,8.3815,1.9363,0.34,2022-12-17,1.2569785
8.1086,8.4533,0.7,27.56,29.14,26.02,74.12,2.7,46.3,100.43,29.46,22.53,25.05,8.8711,1.4059,0.31,2022-12-18,2.0107648
7.9099,8.4079,0.68,28.18,29.05,27.2,75.38,4.0,61.3,100.53,29.7,23.43,25.81,8.184,1.8204,0.54,2022-12-19,2.4571066
7.9704,8.5075,0.69,28.05,28.81,27.38,77.31,3.89,81.2,100.6,29.79,23.71,25.88,8.3467,1.8283,0.21,2022-12-20,5.9239864
7.3099,8.2025,0.63,28.5,29.2,27.46,80.24,5.75,60.1,100.64,29.11,24.78,26.64,6.4946,2.1538,5.68,2022-12-21,6.31627
4.4938,8.035,0.39,28.43,29.23,27.74,81.65,5.33,69.8,100.95,28.82,25.0,26.71,0.3101,3.209,5.94,2022-12-22,5.0062566
2.9321,8.1804,0.25,28.21,28.87,27.64,81.02,6.01,86.3,100.97,28.88,24.65,26.43,0.3655,2.0582,11.16,2022-12-23,7.4849567
4.8545,8.1974,0.42,27.59,28.07,27.09,81.74,3.94,46.3,100.97,28.7,24.19,25.89,2.5142,2.7026,19.69,2022-12-24,9.287397
5.2428,8.0258,0.45,28.01,28.69,27.18,80.95,4.46,64.7,100.97,28.68,24.44,26.22,1.0795,3.281,7.28,2022-12-25,10.4772835
6.4289,8.1557,0.55,28.4,29.47,27.59,78.0,4.52,59.3,100.91,29.37,24.19,26.3,3.9684,3.4044,0.57,2022-12-26,10.871908
6.5364,8.0866,0.56,27.95,28.66,27.29,82.47,3.23,48.5,100.9,28.78,24.69,26.32,4.6534,2.4132,6.8,2022-12-27,6.189289
6.6194,7.9764,0.57,27.73,28.27,27.12,83.5,3.25,43.1,100.88,28.47,24.69,26.21,4.2617,2.9006,12.97,2022-12-28,3.374886
5.0659,8.0494,0.44,27.86,28.54,27.24,81.22,3.97,358.6,100.78,28.45,24.36,26.11,1.7004,3.1238,11.12,2022-12-29,2.4293385
2.9316,8.0878,0.25,28.02,29.02,27.07,81.03,4.89,327.6,100.65,28.28,24.46,26.24,0.4927,2.058,31.09,2022-12-30,7.247614
2.0611,8.129,0.18,28.15,28.78,27.57,80.29,5.73,320.8,100.7,28.27,24.44,26.3,0.2839,1.4791,19.45,2022-12-31,7.818457
3.4445,8.1646,0.3,28.5,29.57,27.47,76.57,5.34,319.5,100.62,28.56,23.96,26.23,0.1356,2.509,15.51,2023-01-01,4.22785
5.987,8.0988,0.52,28.22,28.99,27.46,81.88,5.51,340.9,100.56,28.41,24.85,26.54,3.0511,2.9328,8.52,2023-01-02,6.201425
2.9206,8.035,0.25,27.75,28.28,27.33,83.47,6.37,337.0,100.66,28.18,24.71,26.23,0.0566,2.197,28.37,2023-01-03,6.326907
4.031,7.9056,0.35,27.65,28.16,26.94,82.59,5.34,336.1,100.68,28.14,24.44,26.04,0.2981,2.8872,10.82,2023-01-04,6.4340496
0.823,8.0479,0.07,27.63,28.07,27.14,85.93,4.29,334.4,100.64,28.09,25.09,26.36,0.4387,0.5062,24.13,2023-01-05,7.030422
4.565,8.1905,0.39,27.97,29.23,27.09,82.7,4.81,280.7,100.63,28.27,24.75,26.36,0.5633,3.0749,12.09,2023-01-06,5.235819
6.7831,7.9543,0.59,28.73,30.09,27.19,80.39,3.38,245.9,100.67,28.99,25.01,26.87,4.5458,3.5777,2.29,2023-01-07,3.9941738
6.486,8.0208,0.56,28.7,29.83,27.77,81.95,4.11,226.2,100.71,29.05,25.31,27.0,3.3516,3.8282,6.04,2023-01-08,7.655956
6.1843,7.9433,0.53,28.45,29.42,27.74,83.07,4.11,274.9,100.6,28.6,25.3,26.87,3.1738,3.4618,9.92,2023-01-09,8.030014
6.816,8.0515,0.59,28.72,29.64,27.93,81.3,6.56,324.0,100.43,28.58,25.2,26.96,5.2764,3.0098,11.01,2023-01-10,8.3511505
4.9111,7.9958,0.43,28.35,29.32,27.42,82.6,6.31,325.6,100.65,28.67,25.1,26.72,2.1199,2.6676,13.24,2023-01-11,7.328737
5.7564,8.0549,0.5,27.65,28.42,27.14,84.47,6.73,329.5,100.69,28.49,24.81,26.23,2.4878,2.9762,23.95,2023-01-12,3.2487931
4.8818,8.083,0.42,27.49,28.51,26.39,82.38,3.91,276.2,100.57,28.35,24.23,25.86,1.2619,3.0322,37.24,2023-01-13,6.1305094
6.547,8.0748,0.57,28.05,28.86,26.89,80.25,2.42,345.0,100.57,28.99,24.34,26.19,3.7877,3.1202,3.85,2023-01-14,2.8348026
6.9703,8.1252,0.6,28.25,28.69,27.76,81.42,2.41,165.2,100.61,29.07,24.78,26.51,5.3434,2.5529,14.89,2023-01-15,1.660652
4.9344,8.0417,0.43,27.9,28.47,27.4,84.21,4.19,211.0,100.6,28.94,25.01,26.46,1.795,2.6765,60.36,2023-01-16,5.176307
7.098,8.1586,0.62,27.46,28.29,26.76,80.29,4.4,201.6,100.54,28.97,23.76,25.61,5.521,3.2851,4.28,2023-01-17,3.4511807
5.7499,8.0892,0.5,27.4,28.52,26.34,75.94,2.82,61.4,100.48,29.12,22.77,25.08,3.2088,2.7658,13.79,2023-01-18,5.6423845
5.7787,7.9735,0.5,28.03,29.0,27.28,81.98,6.07,348.3,100.44,28.63,24.66,26.35,2.0503,3.5251,13.03,2023-01-19,6.885443
4.4969,8.0441,0.39,28.41,29.39,27.43,77.85,4.62,301.7,100.65,28.44,24.15,26.28,0.4315,3.1423,11.39,2023-01-20,6.044516
5.4878,8.0942,0.48,27.6,28.25,26.85,78.58,3.52,55.4,100.73,28.85,23.53,25.57,2.0311,3.1222,7.77,2023-01-21,6.737984
6.977,8.0686,0.61,28.29,28.75,27.85,83.43,4.99,54.2,100.77,28.75,25.23,26.76,5.5229,2.5927,11.06,2023-01-22,4.864013
6.9322,8.1194,0.61,28.13,28.66,27.56,83.22,3.8,94.1,100.84,29.09,25.04,26.58,4.8216,2.8697,1.55,2023-01-23,7.0446653
7.4563,8.1521,0.65,28.29,28.76,27.66,83.57,4.91,112.7,100.79,29.02,25.26,26.78,6.2806,2.2421,3.07,2023-01-24,0.9461658
7.655,8.1444,0.67,28.5,29.12,27.82,80.55,5.36,108.6,100.82,29.42,24.84,26.67,7.0738,2.1538,1.96,2023-01-25,2.5149484
6.87,8.0969,0.6,28.23,28.64,27.73,82.36,4.22,103.4,100.78,29.4,24.96,26.6,5.1288,2.9078,0.79,2023-01-26,2.5734615
7.4849,8.1101,0.66,28.01,28.43,27.55,81.89,3.43,94.1,100.65,29.3,24.64,26.32,6.6343,2.1521,3.84,2023-01-27,1.752518
7.2317,8.1516,0.63,28.11,28.67,27.35,80.03,2.69,73.4,100.57,29.71,24.36,26.24,6.8047,1.9459,5.3,2023-01-28,1.7537332
7.5386,8.1634,0.66,27.98,28.34,27.57,80.05,2.75,100.9,100.71,29.75,24.23,26.11,7.4722,1.752,6.16,2023-01-29,1.8071518
6.9706,8.0568,0.61,28.19,28.65,27.44,81.63,3.55,81.1,100.6,29.65,24.77,26.48,5.7326,2.4334,3.38,2023-01-30,7.0677013
5.4545,7.9754,0.48,28.97,29.69,28.32,81.32,4.69,2.8,100.51,29.38,25.46,27.22,2.1221,3.4709,2.99,2023-01-31,4.932389
5.3304,8.0122,0.47,28.66,29.73,27.78,76.43,2.63,16.9,100.48,29.84,24.09,26.38,2.015,2.9839,5.48,2023-02-01,4.850264
4.799,7.9627,0.42,28.2,28.93,27.52,85.58,5.44,133.9,100.29,29.34,25.56,26.88,1.4626,2.7845,13.76,2023-02-02,8.826372
6.4824,7.7618,0.57,27.56,27.97,27.16,86.24,8.6,24.0,100.41,28.93,25.07,26.31,4.4575,2.7864,12.64,2023-02-03,3.7392454
5.627,7.855,0.5,28.35,29.36,27.11,75.41,6.4,357.3,100.68,29.44,23.58,25.96,3.1932,3.0794,3.02,2023-02-04,7.1109414
5.9438,7.8137,0.53,28.88,30.58,27.48,72.27,3.69,289.7,100.7,29.76,23.35,26.12,3.6437,2.7614,6.89,2023-02-05,7.106351
5.8949,7.8602,0.52,28.19,29.75,26.68,78.92,6.83,271.4,100.54,29.25,24.18,26.18,4.4714,2.2685,36.88,2023-02-06,5.403706
6.7169,7.853,0.6,28.05,29.05,27.18,79.99,5.04,294.7,100.5,29.23,24.28,26.17,5.2087,2.2814,34.49,2023-02-07,2.4298713
3.6574,7.8156,0.33,27.2,27.47,26.98,83.42,4.83,343.6,100.62,28.77,24.16,25.68,0.2304,2.623,4.73,2023-02-08,6.1352453
3.3384,7.7669,0.3,27.95,28.52,27.5,78.36,3.96,14.8,100.66,29.31,23.85,25.9,0.4318,2.2536,23.12,2023-02-09,8.099676
3.1678,7.6301,0.28,27.83,28.36,27.37,79.72,3.13,31.8,100.63,29.22,24.02,25.93,0.1402,2.2754,7.59,2023-02-10,2.7687576
6.2071,7.7362,0.56,28.6,29.42,27.62,79.83,3.56,20.6,100.5,29.34,24.79,26.7,3.7013,2.8049,8.5,2023-02-11,5.6760144
5.6179,7.7537,0.5,28.74,29.92,27.84,79.76,5.38,330.9,100.39,29.05,24.9,26.82,2.0177,3.5218,12.36,2023-02-12,5.249472
4.806,7.6426,0.43,28.41,29.49,27.62,82.92,5.91,314.2,100.35,28.95,25.23,26.82,0.4951,3.3007,8.52,2023-02-13,5.870355
3.961,7.6075,0.36,28.35,29.47,27.45,83.54,7.26,316.3,100.33,28.78,25.3,26.83,0.378,2.8349,12.75,2023-02-14,7.705694
5.3695,7.6598,0.49,27.7,28.37,26.93,83.6,3.92,151.9,100.47,29.15,24.68,26.19,4.2912,2.341,29.59,2023-02-15,3.8550992
4.0006,7.5835,0.36,28.0,29.16,27.27,85.53,6.26,307.0,100.49,28.96,25.35,26.67,0.4582,2.8018,49.66,2023-02-16,7.7830863
2.4965,7.601,0.23,27.67,28.61,26.77,85.7,7.29,325.4,100.49,28.44,25.07,26.37,0.3552,1.7868,32.1,2023-02-17,5.050495
2.1286,7.5953,0.19,27.8,28.8,27.11,84.25,6.6,347.7,100.62,28.57,24.92,26.36,0.0991,1.5958,24.21,2023-02-18,6.632732
5.6806,7.549,0.52,28.23,29.04,27.35,81.19,4.27,355.9,100.81,28.93,24.71,26.47,2.3856,3.0725,12.26,2023-02-19,4.6007214
6.2866,7.609,0.57,28.11,29.06,27.28,79.45,2.12,325.3,100.89,29.06,24.22,26.17,4.5389,2.2788,30.14,2023-02-20,3.3246365
5.5906,7.6116,0.51,27.85,28.36,27.04,83.06,1.74,63.5,100.59,28.83,24.73,26.29,2.9278,2.755,11.92,2023-02-21,3.2827215
6.0734,7.632,0.56,27.84,28.3,27.43,83.14,3.44,121.1,100.35,28.76,24.74,26.29,5.0191,2.381,10.74,2023-02-22,4.121418
5.5092,7.4436,0.51,27.88,28.39,27.18,83.72,3.86,128.3,100.33,29.08,24.89,26.38,1.9121,3.4198,9.15,2023-02-23,5.3629456
6.067,7.4892,0.56,28.58,29.38,27.74,84.49,5.87,101.2,100.39,28.97,25.73,27.16,3.9149,3.1363,8.18,2023-02-24,4.0746284
6.5633,7.5917,0.61,28.98,29.44,28.54,85.84,8.78,72.2,100.45,28.82,26.39,27.69,5.737,2.1197,8.84,2023-02-25,5.4178104
6.299,7.5012,0.58,28.94,29.52,28.53,84.05,10.25,46.0,100.63,28.93,26.0,27.47,5.0026,3.0989,7.24,2023-02-26,4.0107293
6.3377,7.5302,0.59,29.06,29.8,28.49,80.13,7.34,30.9,100.67,29.16,25.3,27.18,5.6496,3.0754,2.64,2023-02-27,2.6712072
7.163,7.6246,0.67,28.78,29.48,28.09,78.95,6.07,44.5,100.67,29.19,24.78,26.78,7.253,1.9044,1.16,2023-02-28,2.5274005
6.0763,7.5994,0.57,28.94,29.92,27.97,77.91,5.7,26.9,100.61,29.16,24.71,26.82,3.4219,3.7277,4.16,2023-03-01,2.549207
4.6411,7.3706,0.44,28.88,29.55,28.4,83.78,6.87,0.9,100.56,28.75,25.88,27.38,1.2058,3.067,8.26,2023-03-02,2.332861
3.9283,7.2996,0.37,28.88,29.76,28.2,84.14,5.84,342.1,100.53,28.79,25.94,27.41,0.2686,2.8018,4.29,2023-03-03,6.4398265
5.5781,7.2288,0.53,28.89,29.67,28.39,84.48,7.97,343.7,100.34,28.71,26.02,27.45,2.7048,3.067,7.28,2023-03-04,6.4347887
2.4425,7.1354,0.23,28.83,29.83,27.5,83.53,10.61,320.6,100.32,28.73,25.77,27.3,0.2354,1.7239,18.76,2023-03-05,6.2216897
3.1286,7.4263,0.3,28.06,29.0,27.24,83.41,8.67,295.6,100.54,28.56,24.99,26.53,0.2525,2.1986,49.31,2023-03-06,5.2563996
5.6342,7.398,0.54,27.19,27.8,26.7,83.41,5.54,179.5,100.73,28.69,24.15,25.67,4.4508,1.908,12.51,2023-03-07,5.085823
5.0954,7.4299,0.49,27.01,27.65,26.58,78.81,6.08,135.3,100.77,28.41,23.03,25.02,4.1203,2.1026,2.16,2023-03-08,5.547065
7.0519,7.524,0.68,27.08,27.84,26.43,74.81,6.59,119.8,100.86,28.24,22.24,24.66,7.1938,1.7623,0.35,2023-03-09,7.0651183
7.0879,7.5024,0.68,27.07,28.08,26.12,70.79,5.97,127.0,100.9,28.27,21.31,24.19,7.3255,1.7153,0.07,2023-03-10,3.9801905
7.0942,7.5485,0.69,27.41,28.49,26.44,72.58,4.7,127.1,100.8,28.5,22.05,24.73,7.139,1.8821,0.1,2023-03-11,5.5791035
5.9923,7.3022,0.58,27.15,27.78,26.51,80.76,5.1,96.4,100.76,28.45,23.58,25.36,6.0473,1.5336,0.79,2023-03-12,4.768211
5.8867,7.193,0.57,27.22,28.11,26.18,81.02,3.3,67.6,100.83,28.74,23.69,25.45,4.6056,2.2282,4.51,2023-03-13,4.432117
4.5794,7.1935,0.45,27.85,28.69,26.97,79.51,2.74,32.4,100.89,29.18,23.99,25.92,2.3035,2.2577,3.59,2023-03-14,2.7347653
6.0972,7.2283,0.6,28.04,28.78,27.21,82.39,4.0,52.7,100.87,29.1,24.78,26.41,5.9803,1.7993,9.78,2023-03-15,2.780915
6.719,7.2127,0.66,28.2,28.87,27.51,81.2,6.23,80.9,100.88,29.03,24.68,26.44,6.9386,1.6306,4.86,2023-03-16,3.736048
6.5443,7.2576,0.65,27.77,28.57,26.97,80.85,4.53,91.6,100.98,29.09,24.19,25.98,6.5026,1.7378,1.28,2023-03-17,4.662873
6.6814,7.2151,0.66,27.86,28.75,27.0,80.01,3.51,172.3,100.95,29.11,24.1,25.98,6.6845,1.673,1.43,2023-03-18,4.196856
4.4299,7.1083,0.44,27.81,28.07,27.37,79.62,2.4,200.5,100.83,28.98,23.97,25.89,2.4922,2.2344,8.64,2023-03-19,3.991758
5.5642,6.9881,0.56,27.94,28.57,27.32,77.68,3.0,346.7,100.75,28.67,23.7,25.82,5.1497,2.3446,4.49,2023-03-20,5.9917865
4.4602,7.0006,0.45,27.7,28.48,26.81,75.27,2.15,325.8,100.74,29.1,22.93,25.31,1.7844,2.4821,11.49,2023-03-21,7.094009
3.6636,6.9703,0.37,27.89,28.68,26.82,77.76,3.31,314.0,100.75,28.72,23.65,25.77,0.72,2.5529,14.88,2023-03-22,3.0593271
5.6911,6.9247,0.58,27.64,27.86,27.24,81.19,2.55,340.8,100.84,28.49,24.14,25.89,4.5305,2.232,9.42,2023-03-23,4.6211925
5.4094,6.811,0.55,27.64,28.73,26.85,80.51,2.93,313.0,100.82,28.78,23.98,25.81,4.098,2.2884,3.59,2023-03-24,2.645841
4.8504,6.8054,0.5,27.06,27.57,26.56,84.58,3.13,144.0,100.87,28.63,24.26,25.66,3.3958,2.2889,11.49,2023-03-25,5.983857
5.1607,6.8484,0.53,27.45,28.08,26.53,85.05,3.81,114.0,100.76,28.7,24.73,26.09,5.9537,1.9855,3.96,2023-03-26,6.5306196
5.4624,6.7855,0.56,28.08,28.47,27.52,81.9,2.32,102.6,100.69,28.81,24.72,26.4,4.5192,2.2363,1.01,2023-03-27,4.045191
6.3931,6.7236,0.66,28.6,29.63,27.7,81.35,3.29,257.3,100.61,28.97,25.1,26.85,6.8702,1.4808,1.03,2023-03-28,0.9696919
5.838,6.7951,0.61,28.56,30.38,26.95,75.24,2.51,212.8,100.54,29.49,23.69,26.13,5.9849,2.8788,0.17,2023-03-29,17.14406
6.4752,6.7399,0.68,28.38,29.3,27.74,78.13,2.62,101.9,100.63,29.62,24.2,26.29,7.3375,1.5353,0.37,2023-03-30,9.552565
5.9899,6.6394,0.63,28.24,28.82,27.58,81.44,3.57,87.5,100.8,29.53,24.77,26.5,5.6215,1.9651,0.7,2023-03-31,2.9346979
6.0811,6.6055,0.64,28.11,28.58,27.53,80.22,4.31,102.3,100.77,29.18,24.39,26.25,6.2717,1.6975,0.53,2023-04-01,3.7366304
6.4874,6.7694,0.69,28.32,29.17,27.54,76.98,4.81,99.2,100.81,29.24,23.9,26.11,7.2631,1.5055,0.02,2023-04-02,3.1589806
6.6478,6.7922,0.71,27.6,28.4,27.02,81.11,4.7,112.2,100.93,29.23,24.08,25.84,7.9836,1.1746,1.31,2023-04-03,3.125571
5.9779,6.6821,0.64,27.82,28.73,26.78,80.67,5.46,114.9,100.92,29.19,24.2,26.01,6.0197,1.8307,2.02,2023-04-04,5.3658624
6.5407,6.7246,0.7,27.36,28.34,26.56,75.73,4.4,108.5,100.82,29.02,22.7,25.03,7.225,1.4808,0.04,2023-04-05,2.9164581
6.427,6.6722,0.7,28.07,29.42,26.54,73.07,3.87,23.4,100.68,29.14,22.8,25.44,6.8621,1.6056,0.06,2023-04-06,2.9662318
3.7246,6.4411,0.41,28.52,29.17,27.96,79.93,4.7,9.1,100.77,28.92,24.73,26.62,1.741,2.3182,6.0,2023-04-07,3.1541703
5.723,6.4447,0.63,28.15,28.7,27.61,83.64,3.99,25.2,100.99,28.74,25.13,26.64,4.6008,2.3842,2.96,2023-04-08,9.303221
6.241,6.445,0.69,27.99,28.77,27.47,83.23,4.0,90.4,101.08,29.06,24.9,26.44,7.4489,1.153,3.2,2023-04-09,2.3462262
6.187,6.4495,0.68,27.9,28.65,27.27,83.15,5.21,95.3,101.04,29.23,24.78,26.34,6.571,1.5766,2.65,2023-04-10,3.6546907
5.9736,6.4368,0.66,28.18,29.04,27.55,80.36,5.95,94.1,101.03,29.25,24.49,26.34,6.3972,1.5209,0.67,2023-04-11,4.895398
5.9354,6.3259,0.66,28.01,28.59,27.4,81.43,4.4,78.7,100.97,29.15,24.55,26.28,6.2393,1.6577,13.28,2023-04-12,4.1672907
5.7413,6.4243,0.64,27.73,28.55,26.95,77.75,5.58,75.1,100.95,28.82,23.5,25.62,5.6458,1.8485,26.83,2023-04-13,4.590106
5.7194,6.4138,0.64,27.56,28.4,26.63,77.77,5.16,81.2,100.9,28.81,23.34,25.45,5.8039,1.985,0.45,2023-04-14,5.70774
4.0418,6.1582,0.46,28.07,28.91,27.54,84.34,6.11,86.5,100.77,28.57,25.2,26.63,1.5461,2.6376,13.33,2023-04-15,4.8095
3.2227,6.0835,0.37,27.55,28.06,26.7,85.65,5.89,80.4,100.85,28.27,24.95,26.25,0.1711,2.4002,13.34,2023-04-16,6.442484
4.1479,5.9952,0.48,27.36,28.01,26.38,82.14,3.75,51.5,100.92,28.29,24.05,25.71,1.1263,3.0113,2.13,2023-04-17,8.787389
1.2132,5.9772,0.14,27.37,28.31,26.6,79.94,4.32,258.2,100.84,28.28,23.61,25.49,0.4618,0.8369,12.37,2023-04-18,6.6338544
5.5159,6.0348,0.64,27.87,29.37,26.59,79.71,4.09,236.7,100.66,28.97,24.03,25.95,6.6103,1.3037,3.95,2023-04-19,3.4320352
4.9961,6.0331,0.58,27.79,28.25,27.02,82.61,4.74,136.5,100.7,29.05,24.58,26.18,5.701,1.6591,3.47,2023-04-20,6.5452924
4.4292,6.0053,0.52,27.9,28.68,27.35,80.39,6.71,123.2,100.78,28.81,24.23,26.06,3.3953,2.0688,6.81,2023-04-21,7.504902
5.3114,6.0434,0.62,27.34,28.13,26.64,75.74,6.55,119.5,100.93,28.52,22.69,25.02,5.9566,1.3934,2.01,2023-04-22,5.3432956
4.0248,5.9623,0.48,27.11,27.95,26.47,77.01,5.69,106.6,100.94,28.39,22.75,24.93,3.0283,2.0311,2.35,2023-04-23,4.8582826
5.8385,5.9815,0.69,26.9,27.64,26.24,76.22,4.27,94.3,100.75,28.44,22.36,24.63,7.2715,1.1234,0.61,2023-04-24,2.3199434
3.846,5.8562,0.46,26.96,27.94,26.04,77.46,3.32,100.1,100.72,28.5,22.7,24.83,3.1306,2.3546,0.03,2023-04-25,4.5608673
4.309,5.6957,0.52,27.13,27.77,26.55,82.52,5.91,82.8,100.89,28.4,23.91,25.52,5.0378,1.405,2.3,2023-04-26,4.96231
4.7714,5.7091,0.58,27.54,27.87,27.03,81.57,5.0,62.8,100.93,28.11,24.13,25.83,3.8796,2.1564,4.94,2023-04-27,3.8409882
4.1674,5.663,0.51,28.14,29.28,27.05,79.65,4.67,347.6,100.74,28.62,24.28,26.21,3.7133,1.8245,5.84,2023-04-28,4.326722
4.0534,5.6626,0.49,28.39,29.12,27.62,78.74,2.64,24.9,100.8,28.55,24.36,26.37,4.3418,1.2365,3.51,2023-04-29,1.9984157
3.5815,5.6803,0.44,27.88,28.47,27.33,83.21,4.67,93.0,101.03,28.47,24.79,26.34,1.6942,2.105,2.3,2023-04-30,4.779608
4.7813,5.6124,0.59,28.1,29.09,27.11,82.28,6.96,99.9,101.16,28.64,24.8,26.45,6.047,1.2907,4.91,2023-05-01,5.866241
4.3157,5.6033,0.53,27.78,28.49,27.18,79.04,8.45,109.7,101.27,28.22,23.83,25.8,4.4347,1.7863,7.45,2023-05-02,12.149897
4.3387,5.6167,0.54,27.32,28.06,26.91,74.07,9.87,104.1,101.06,27.86,22.3,24.81,4.0409,1.8989,2.84,2023-05-03,11.634761
4.5497,5.5258,0.57,27.31,28.13,26.51,80.52,9.12,103.3,100.81,28.11,23.68,25.5,4.17,1.7998,7.83,2023-05-04,9.284961
4.3774,5.5334,0.55,27.54,28.33,26.92,80.38,7.34,101.3,100.72,28.24,23.87,25.71,4.7858,1.481,4.0,2023-05-05,5.9748545
4.6615,5.4874,0.59,27.47,28.41,26.75,78.43,3.69,98.6,100.81,28.28,23.39,25.43,4.4594,1.668,2.97,2023-05-06,2.8754315
4.0824,5.455,0.52,27.3,27.97,26.53,79.43,2.73,36.3,100.73,28.22,23.43,25.36,3.6674,1.7558,10.02,2023-05-07,4.7117686
4.6555,5.5133,0.59,27.57,29.1,26.49,80.88,3.72,306.4,100.59,28.3,23.98,25.77,5.244,1.5641,14.23,2023-05-08,4.0849743
5.5618,5.6407,0.71,27.43,29.06,26.0,71.15,1.73,247.0,100.7,28.4,21.65,24.54,7.9231,0.8302,0.21,2023-05-09,1.4751649
5.2567,5.591,0.68,26.96,27.96,25.9,70.99,1.88,128.8,101.03,28.27,21.2,24.08,6.9502,1.061,0.12,2023-05-10,1.0789094
5.2082,5.4943,0.67,26.4,27.25,25.52,81.91,4.28,141.5,101.23,28.26,23.07,24.74,6.715,1.177,1.15,2023-05-11,1.4967725
4.3152,5.3129,0.56,27.01,27.91,26.25,83.0,6.42,131.3,101.28,28.27,23.89,25.45,5.1072,1.3174,5.01,2023-05-12,4.2880116
3.503,5.257,0.46,26.75,27.32,26.17,85.07,7.73,129.8,101.16,28.09,24.05,25.4,4.4506,1.2017,12.53,2023-05-13,7.76393
3.1058,5.1871,0.41,26.34,26.74,26.02,81.79,10.6,127.4,101.18,27.53,22.99,24.67,1.0865,2.0926,12.23,2023-05-14,11.593457
1.8866,5.1917,0.25,25.9,26.48,25.15,78.53,8.79,128.6,101.16,27.02,21.89,23.89,0.2189,1.343,5.97,2023-05-15,7.1335506
3.059,5.1835,0.41,25.43,25.93,24.9,80.07,5.91,116.2,101.05,27.17,21.76,23.59,1.338,2.0868,3.87,2023-05-16,9.626305
4.3925,5.2373,0.59,26.36,27.37,25.27,79.91,6.67,98.2,101.06,27.46,22.63,24.49,5.227,1.8936,1.42,2023-05-17,6.5539465
3.955,5.1398,0.53,27.22,27.95,26.47,82.93,7.7,82.0,100.89,27.76,24.07,25.64,4.0954,1.691,2.11,2023-05-18,3.9113743
3.4435,5.0738,0.46,27.93,29.01,27.16,86.49,5.88,13.1,100.66,27.98,25.48,26.71,1.3212,2.4564,5.62,2023-05-19,5.0121403
1.4671,4.9922,0.2,27.55,28.79,26.23,88.1,4.22,294.6,100.81,27.87,25.42,26.49,0.2191,1.1316,18.08,2023-05-20,7.975615
3.7898,4.9913,0.51,26.25,26.79,25.86,86.3,6.03,147.2,101.13,27.56,23.8,25.02,4.105,1.4448,4.15,2023-05-21,4.348223
3.8767,4.9445,0.53,26.41,27.05,25.74,84.46,5.66,122.9,101.13,27.58,23.59,25.0,3.4922,1.8065,0.95,2023-05-22,3.3990517
4.3538,4.9121,0.6,26.33,26.91,25.86,82.84,4.85,146.3,101.03,27.32,23.2,24.77,4.6718,1.607,0.91,2023-05-23,3.2781742
2.1958,4.9433,0.3,25.33,25.94,24.53,80.64,6.12,165.0,100.99,26.83,21.78,23.56,0.7778,1.5984,0.44,2023-05-24,8.177323
2.3393,4.9486,0.32,24.54,25.77,22.67,75.32,5.73,156.1,100.99,26.41,19.88,22.21,1.3488,1.4359,5.05,2023-05-25,8.266646
3.5741,5.0417,0.49,23.82,24.41,22.79,77.92,3.66,145.3,100.9,26.35,19.72,21.77,3.2222,1.7496,4.12,2023-05-26,6.2698007
5.0251,5.1648,0.7,25.08,26.14,24.23,75.17,3.94,116.0,100.95,26.75,20.37,22.72,7.3855,0.8486,0.03,2023-05-27,2.365283
3.5035,4.9344,0.49,26.4,27.35,25.01,85.72,5.33,95.9,101.06,27.21,23.83,25.12,3.7188,1.5629,10.79,2023-05-28,4.549101
4.2466,4.8578,0.59,27.33,28.12,26.73,86.33,5.5,74.4,101.19,27.6,24.86,26.1,5.3162,1.164,10.0,2023-05-29,2.5328717
4.1801,4.8458,0.59,27.09,27.75,26.43,88.56,3.97,77.3,101.14,27.74,25.05,26.07,4.9517,1.3205,5.5,2023-05-30,2.4752467
2.5517,4.8302,0.36,27.01,27.62,26.44,88.09,3.95,102.0,101.15,27.41,24.88,25.94,0.5762,1.8533,19.06,2023-05-31,5.3593397
2.7859,4.8204,0.39,26.45,26.91,26.04,91.55,4.84,111.9,101.09,27.22,24.98,25.71,2.6434,1.4266,9.19,2023-06-01,4.6401567
2.8339,4.7414,0.4,26.06,26.53,25.63,89.49,5.21,105.9,101.16,27.23,24.22,25.15,1.3476,1.7899,50.92,2023-06-02,4.775714
1.133,4.6562,0.16,25.51,26.05,24.93,87.68,6.29,110.0,101.23,26.7,23.34,24.42,0.1013,0.899,36.36,2023-06-03,5.1138473
2.8087,4.8331,0.4,25.36,26.03,24.85,81.26,6.9,129.5,101.27,26.65,21.93,23.65,1.0032,1.8737,2.07,2023-06-04,5.719201
4.2319,4.9838,0.6,25.13,25.88,24.53,77.99,5.21,122.2,101.2,26.52,21.04,23.08,4.5259,1.5154,0.26,2023-06-05,4.438135
3.3005,4.8749,0.47,25.16,25.7,24.51,78.27,3.16,120.2,101.14,26.74,21.13,23.14,2.425,2.2526,0.64,2023-06-06,9.282274
1.219,4.7165,0.17,24.61,25.67,22.99,78.55,3.12,85.5,101.1,26.17,20.6,22.6,0.0317,0.9739,16.0,2023-06-07,5.462347
2.9532,4.7554,0.42,23.86,24.9,22.5,84.97,4.52,22.3,100.94,26.0,21.2,22.53,2.2258,1.4189,16.8,2023-06-08,4.532922
3.3835,4.8936,0.49,24.91,25.92,24.11,78.44,4.41,201.3,100.88,26.29,20.88,22.89,3.1265,1.6174,4.32,2023-06-09,3.3568597
4.1892,4.9459,0.6,24.37,25.36,23.51,70.12,4.81,172.9,101.22,25.84,18.57,21.47,4.8703,1.5545,0.01,2023-06-10,1.7366517
3.8964,4.9006,0.56,24.21,25.23,23.42,72.37,5.79,141.4,101.38,25.73,18.94,21.57,3.8928,1.5427,0.05,2023-06-11,4.847877
1.4714,4.7184,0.21,24.1,24.96,23.67,77.69,5.33,130.3,101.26,25.75,19.97,22.04,0.587,1.0714,4.34,2023-06-12,5.4882035
2.4406,4.7182,0.35,24.38,25.15,23.68,81.91,5.42,131.4,101.14,26.04,21.11,22.74,1.098,1.626,3.26,2023-06-13,4.9119534
1.9152,4.6944,0.28,24.71,25.33,23.99,82.63,5.5,111.0,101.07,26.07,21.57,23.14,0.8311,1.3104,1.75,2023-06-14,3.8421319
1.7064,4.6421,0.25,24.89,25.28,24.59,85.33,6.43,97.4,100.97,25.98,22.28,23.59,1.0639,1.2358,9.94,2023-06-15,4.1004
2.5805,4.6546,0.37,24.7,25.19,24.3,87.98,6.31,116.1,100.81,26.14,22.6,23.65,2.0191,1.379,9.86,2023-06-16,2.458563
2.6371,4.7014,0.38,24.65,25.12,24.17,86.02,6.15,147.1,100.63,26.09,22.18,23.41,1.7268,1.4717,13.99,2023-06-17,2.0736337
4.0714,4.8482,0.59,24.55,25.76,23.36,78.26,4.96,168.3,100.85,25.93,20.51,22.53,4.5098,1.3937,0.17,2023-06-18,2.787232
3.8342,4.8576,0.56,23.5,24.25,22.6,77.64,4.67,168.6,101.02,25.53,19.38,21.44,5.1432,1.3159,0.74,2023-06-19,3.5687718
3.5419,4.8398,0.52,23.65,24.47,23.01,76.7,5.17,147.6,101.08,25.5,19.33,21.49,3.8028,1.6128,3.71,2023-06-20,4.6649475
3.0922,4.7405,0.45,23.89,24.94,22.98,78.16,4.25,109.6,101.04,25.7,19.87,21.88,3.8926,1.3493,5.14,2023-06-21,4.996977
4.0534,4.7616,0.59,23.78,24.36,23.31,82.08,2.72,121.1,100.97,25.85,20.55,22.16,4.8619,1.2893,1.16,2023-06-22,5.3088627
4.5504,4.7938,0.66,24.17,25.34,23.05,76.01,4.61,186.1,100.93,25.61,19.66,21.92,5.779,1.1724,0.1,2023-06-23,3.7867806
4.1182,4.8672,0.6,23.89,25.29,22.82,73.71,3.78,212.7,101.0,25.51,18.92,21.4,4.8715,1.6759,0.01,2023-06-24,5.767973
4.7321,5.003,0.69,23.76,24.68,23.03,70.45,4.49,194.4,101.04,25.38,18.08,20.92,6.5086,1.039,0.0,2023-06-25,3.8675835
4.7827,4.9757,0.7,23.6,24.88,22.62,67.8,4.2,201.6,101.05,25.23,17.3,20.45,7.0361,0.817,0.0,2023-06-26,4.788376
3.625,4.8612,0.53,24.05,25.51,22.58,69.41,3.86,229.3,100.97,25.38,18.1,21.08,3.8758,1.4983,0.01,2023-06-27,4.8882213
4.6642,4.9524,0.68,24.29,25.8,22.91,71.59,6.73,245.4,100.85,25.31,18.81,21.55,6.625,0.9749,0.05,2023-06-28,7.5662003
4.5874,4.8775,0.67,23.99,25.04,22.82,68.39,3.13,213.4,100.9,25.43,17.82,20.9,5.921,1.1503,0.01,2023-06-29,5.6283655
4.4918,4.7657,0.65,24.86,26.56,23.72,70.45,2.6,252.4,101.06,25.64,19.11,21.98,5.2649,1.3642,0.01,2023-06-30,9.070803
4.7873,4.8062,0.69,24.3,25.11,23.57,77.85,4.12,154.7,101.31,25.67,20.2,22.25,6.8246,0.9014,0.14,2023-07-01,4.909708
4.2425,4.7986,0.61,24.63,25.5,23.67,81.64,3.34,139.6,101.29,25.97,21.3,22.96,4.9793,1.3478,1.66,2023-07-02,3.3408015
2.513,4.7302,0.36,24.01,24.55,23.17,82.0,5.91,176.7,101.36,25.58,20.76,22.39,2.0254,1.7335,2.21,2023-07-03,9.900702
3.5606,4.7813,0.51,23.56,24.54,22.77,78.97,5.67,144.4,101.4,25.34,19.71,21.63,2.3998,1.968,0.43,2023-07-04,6.6441717
3.7769,4.7167,0.54,23.86,24.76,22.81,77.62,5.24,120.5,101.46,25.35,19.73,21.79,4.5691,1.487,0.1,2023-07-05,4.868042
4.3164,4.8818,0.62,24.45,25.64,23.54,78.78,4.8,122.8,101.42,25.64,20.54,22.49,5.1139,1.332,0.0,2023-07-06,1.9875301
4.067,4.89,0.58,24.81,25.8,23.75,83.7,6.12,109.0,101.29,25.84,21.88,23.35,4.1808,1.7669,0.27,2023-07-07,4.3497295
4.0697,4.8324,0.58,25.78,26.98,24.86,84.79,4.84,81.3,101.16,26.31,23.04,24.41,4.3956,1.5178,0.3,2023-07-08,3.7344563
4.5298,4.8626,0.65,25.88,27.15,24.88,78.07,3.37,105.9,101.1,26.32,21.75,23.81,5.645,1.3373,0.03,2023-07-09,4.8345327
4.1609,4.9178,0.59,24.47,25.24,23.75,81.87,4.2,133.9,101.14,26.09,21.18,22.82,5.1382,1.3769,2.05,2023-07-10,4.3913956
3.3406,4.9174,0.48,24.32,25.17,23.66,79.5,5.36,137.4,101.28,25.7,20.55,22.43,2.8762,1.661,2.41,2023-07-11,3.8057947
3.4922,4.9294,0.5,24.14,24.98,23.56,76.42,6.11,132.5,101.26,25.55,19.75,21.94,4.1683,1.3325,0.55,2023-07-12,2.9192224
2.9945,4.8295,0.42,24.29,25.0,23.65,79.24,8.6,135.6,101.21,25.5,20.48,22.39,2.0916,1.6013,3.6,2023-07-13,6.8407927
1.3654,4.6829,0.19,23.98,24.68,23.48,77.85,9.7,127.7,101.22,25.27,19.89,21.94,0.191,1.0231,8.56,2023-07-14,6.811206
0.9473,4.6802,0.13,23.3,23.68,23.07,84.0,10.48,126.6,101.17,24.89,20.46,21.88,0.1594,0.7162,18.32,2023-07-15,7.639187
1.3354,4.7477,0.19,23.38,23.8,22.93,83.23,10.73,121.7,101.21,24.87,20.39,21.88,0.5765,0.9137,23.62,2023-07-16,5.054346
2.5992,4.9416,0.36,24.01,24.66,23.58,82.72,8.93,118.7,101.16,25.12,20.91,22.46,0.9569,1.6474,9.72,2023-07-17,7.429648
3.1766,4.9356,0.44,23.8,24.48,23.29,79.32,9.23,130.6,101.12,24.99,20.02,21.91,2.8848,1.7035,11.37,2023-07-18,7.941381
3.0874,5.0364,0.43,23.97,24.74,23.16,77.26,8.58,109.5,101.04,25.1,19.77,21.87,2.5399,1.5084,3.7,2023-07-19,9.512007
2.5198,4.807,0.35,25.03,25.74,24.06,84.88,7.26,65.8,100.82,25.49,22.32,23.68,0.7546,1.8334,14.89,2023-07-20,5.7161317
4.1431,5.034,0.57,24.71,25.91,23.4,85.5,5.04,185.5,100.76,25.67,22.12,23.42,3.2671,2.0258,5.56,2023-07-21,3.8464236
3.1447,5.2085,0.43,23.91,25.27,22.98,80.59,3.17,188.6,100.81,25.58,20.36,22.13,2.525,1.6404,0.1,2023-07-22,3.1492107
4.8108,5.1086,0.66,23.9,25.23,22.8,72.91,4.68,221.9,100.85,25.16,18.7,21.3,5.8294,1.1856,0.01,2023-07-23,3.751552
3.0701,4.9783,0.42,23.72,24.46,23.11,77.49,4.29,167.4,101.11,25.19,19.57,21.64,2.1658,1.7314,0.1,2023-07-24,3.834856
2.5034,4.9445,0.34,23.16,23.89,22.29,80.49,5.66,148.2,101.38,24.92,19.64,21.4,0.985,1.7928,0.39,2023-07-25,2.638842
1.3526,5.0395,0.18,22.4,22.97,22.03,83.25,6.62,156.4,101.46,24.58,19.44,20.92,0.2971,0.9718,6.54,2023-07-26,4.0172524
1.6025,5.1458,0.22,22.71,23.16,22.26,77.79,7.17,147.5,101.41,24.22,18.65,20.68,0.2726,1.2214,19.23,2023-07-27,5.6413684
4.2691,5.3304,0.57,23.12,24.02,22.3,69.32,6.55,140.8,101.44,24.43,17.21,20.17,4.2382,1.8446,0.23,2023-07-28,5.366417
4.3877,5.3249,0.59,22.66,23.32,21.85,69.06,5.53,148.2,101.39,24.35,16.71,19.68,4.2482,1.7203,0.01,2023-07-29,2.7220323
4.1239,5.3362,0.55,22.89,23.97,22.07,68.72,5.93,148.3,101.29,24.48,16.85,19.87,5.1408,1.3032,0.0,2023-07-30,3.5275605
2.2949,5.2174,0.3,22.46,22.89,21.71,80.12,5.64,121.4,101.23,24.37,18.87,20.67,1.1424,1.6423,3.16,2023-07-31,4.390927
2.2879,5.2678,0.3,23.16,23.8,22.68,84.4,8.32,117.8,101.2,24.64,20.4,21.78,0.8894,1.5156,13.12,2023-08-01,6.0557427
3.4246,5.2939,0.45,23.61,24.26,22.94,81.85,9.63,117.4,101.39,24.77,20.35,21.98,2.7665,1.6704,3.93,2023-08-02,5.7213397
3.5614,5.389,0.47,23.86,24.53,23.47,80.65,9.95,124.9,101.56,24.88,20.35,22.11,2.8478,1.7587,1.35,2023-08-03,7.0667315
1.9394,5.2171,0.25,23.11,23.81,22.26,82.08,10.6,124.7,101.5,24.52,19.9,21.5,0.6257,1.2598,5.9,2023-08-04,8.167291
1.1779,5.2075,0.15,23.77,25.04,22.28,90.8,8.65,99.0,101.02,24.61,22.2,22.99,0.2114,0.9048,52.0,2023-08-05,7.0426297
2.0081,5.2759,0.26,24.97,26.29,24.16,91.67,3.39,121.6,100.73,25.39,23.53,24.25,0.3938,1.5002,7.75,2023-08-06,4.5902767
4.2696,5.411,0.55,24.78,25.77,23.98,89.88,3.24,115.9,100.7,25.56,23.02,23.9,4.3097,1.7417,2.05,2023-08-07,11.884538
4.9956,5.4151,0.64,25.3,26.46,24.46,87.09,2.76,172.9,100.81,25.86,23.0,24.15,5.8186,1.2874,0.08,2023-08-08,2.0776412
4.1772,5.443,0.53,24.65,26.05,23.78,80.42,4.22,198.2,101.06,25.49,21.03,22.84,4.4074,1.5372,1.39,2023-08-09,3.5191333
3.413,5.4646,0.43,24.81,25.81,23.52,86.16,4.39,38.2,100.99,25.45,22.35,23.58,2.3088,1.7131,12.14,2023-08-10,5.733355
1.6886,5.483,0.21,22.78,24.51,21.6,82.78,7.24,203.6,101.21,24.58,19.7,21.24,0.1543,1.2422,4.61,2023-08-11,7.0920835
4.578,5.7146,0.57,22.84,23.82,21.78,72.56,6.54,155.7,101.37,24.38,17.65,20.25,3.3446,2.3398,0.01,2023-08-12,5.391868
3.6211,5.6594,0.45,23.4,24.3,22.5,76.05,7.0,124.9,101.41,24.62,18.95,21.17,2.1634,2.0122,0.24,2023-08-13,6.0640984
3.233,5.5392,0.4,24.25,24.95,23.4,86.59,6.83,102.2,101.36,24.95,21.89,23.07,1.5269,1.9042,0.96,2023-08-14,6.0424128
2.339,5.5666,0.29,24.99,25.87,24.34,90.34,6.8,99.3,101.18,25.5,23.32,24.15,0.4171,1.6397,8.77,2023-08-15,3.3748932
3.4087,5.5519,0.42,24.96,25.55,24.54,89.98,6.78,104.5,101.11,25.35,23.23,24.09,2.531,1.8043,19.49,2023-08-16,4.7876368
2.9647,5.6234,0.36,24.75,26.85,23.17,89.07,6.65,97.5,101.01,25.17,22.83,23.79,1.7213,1.7683,12.75,2023-08-17,6.800633
4.8622,5.7706,0.59,23.94,24.79,23.16,86.56,5.52,145.9,101.19,25.08,21.58,22.76,5.6345,1.2518,4.12,2023-08-18,1.5308359
4.3171,5.8481,0.52,23.8,24.57,23.04,85.41,6.95,126.3,101.32,25.12,21.23,22.51,3.4382,1.9894,2.11,2023-08-19,3.4305642
5.6378,5.8843,0.68,25.08,26.22,23.74,82.55,4.28,68.9,101.22,25.52,21.92,23.5,6.7872,1.2264,0.47,2023-08-20,4.175476
3.661,5.8649,0.44,25.06,26.17,23.9,84.06,3.26,143.0,101.26,25.79,22.19,23.63,3.0086,1.8578,0.97,2023-08-21,4.3872175
3.4414,5.9614,0.41,23.58,24.32,22.66,82.52,7.95,149.1,101.45,24.96,20.44,22.01,1.2521,2.3971,0.76,2023-08-22,6.611728
5.0983,6.1759,0.6,22.56,23.31,21.87,76.35,7.37,134.6,101.51,24.53,18.21,20.38,3.9504,2.2918,0.08,2023-08-23,6.966502
5.4319,6.2376,0.64,22.62,23.58,21.64,72.85,5.49,117.9,101.26,24.59,17.51,20.06,5.5548,1.6397,0.09,2023-08-24,4.4948506
4.3918,6.132,0.51,23.25,24.25,22.39,74.18,3.68,108.8,101.03,24.88,18.41,20.83,4.4846,1.8149,0.44,2023-08-25,2.9876618
5.1869,6.1363,0.6,23.4,24.16,22.83,78.17,4.07,135.9,101.04,25.03,19.39,21.39,5.1108,2.2565,1.33,2023-08-26,5.9739165
3.7406,6.1968,0.43,23.41,24.09,22.74,81.57,7.45,119.1,101.11,25.03,20.09,21.75,2.0599,2.1646,2.03,2023-08-27,5.625694
4.0205,6.2561,0.46,23.21,23.9,22.67,76.72,8.46,119.7,101.19,24.7,18.91,21.06,1.6658,2.3676,0.85,2023-08-28,4.9343214
3.3187,6.0446,0.38,23.6,24.39,22.84,76.9,7.94,116.5,101.24,24.92,19.33,21.46,1.0783,2.1706,0.09,2023-08-29,6.1932893
4.517,6.0787,0.52,24.23,24.93,23.59,78.5,9.69,105.3,101.29,24.94,20.27,22.25,3.7694,1.9634,0.16,2023-08-30,10.630174
2.2214,6.0485,0.25,24.62,25.24,23.98,83.38,9.79,92.0,101.32,25.06,21.64,23.13,0.0456,1.7321,0.62,2023-08-31,8.006026
5.298,6.1812,0.6,25.29,26.21,24.48,83.8,6.25,77.1,101.25,25.81,22.37,23.83,5.4283,1.477,0.22,2023-09-01,5.035801
6.0089,6.2561,0.68,25.46,26.52,24.55,82.6,4.03,86.2,101.19,26.12,22.29,23.87,6.7289,1.392,0.09,2023-09-02,3.4073508
5.8942,6.2878,0.66,25.45,26.63,24.43,81.02,3.8,90.7,101.22,26.24,21.95,23.7,6.473,1.4702,0.35,2023-09-03,3.8944137
5.2296,6.3254,0.58,25.31,26.25,24.54,80.62,5.28,112.2,101.38,26.16,21.75,23.53,5.2327,1.6166,2.25,2023-09-04,3.0539126
5.88,6.4066,0.65,24.93,26.11,23.52,82.37,7.08,129.3,101.47,26.06,21.74,23.34,5.5966,1.9459,0.33,2023-09-05,2.389001
5.011,6.4296,0.55,23.99,25.09,23.24,81.33,6.35,133.8,101.53,25.56,20.61,22.3,2.7113,2.5678,0.02,2023-09-06,6.3250384
5.6323,6.5962,0.62,23.88,25.0,22.88,77.95,7.21,127.7,101.5,25.57,19.81,21.84,5.4161,1.9394,0.22,2023-09-07,4.5427837
5.6669,6.6187,0.62,24.22,25.21,23.28,75.86,7.02,124.5,101.36,25.55,19.7,21.96,5.3933,2.0069,0.34,2023-09-08,6.025729
4.3162,6.5642,0.47,24.4,25.3,23.71,79.58,8.78,117.4,101.15,25.58,20.66,22.53,2.0743,2.4732,2.99,2023-09-09,8.87858
5.2373,6.5729,0.57,24.5,25.55,23.73,78.62,7.7,119.5,101.07,25.72,20.55,22.52,5.1862,1.9536,0.96,2023-09-10,7.3812885
6.3919,6.5911,0.69,24.85,25.99,23.81,76.76,5.5,112.4,101.11,25.97,20.5,22.68,6.8628,1.5329,0.06,2023-09-11,6.5837326
6.3478,6.5822,0.68,25.13,26.15,24.14,81.43,4.93,103.3,101.13,26.25,21.74,23.44,6.7387,1.6267,0.18,2023-09-12,6.346454
5.4192,6.5844,0.58,25.4,26.53,24.43,85.27,4.83,98.2,101.2,26.34,22.76,24.08,4.6642,2.0282,4.13,2023-09-13,4.6826186
4.4911,6.5518,0.48,25.16,26.28,24.42,86.86,5.83,121.1,101.23,26.34,22.82,23.99,4.0409,1.7074,3.97,2023-09-14,4.238956
4.1232,6.6086,0.44,25.25,26.04,24.38,86.33,6.84,99.5,101.12,26.26,22.82,24.03,1.2082,2.8294,5.02,2023-09-15,7.7203736
3.8167,6.5998,0.4,25.91,26.71,25.15,87.58,6.3,59.9,101.01,25.97,23.7,24.81,0.5093,2.6582,6.36,2023-09-16,6.2167444
5.7101,6.5414,0.6,26.34,27.44,25.39,89.22,2.66,76.3,101.05,26.72,24.42,25.38,5.2478,1.7695,3.68,2023-09-17,3.8529322
3.7663,6.701,0.39,25.94,26.77,25.38,86.02,6.99,89.5,101.15,26.59,23.42,24.68,2.04,2.0736,6.29,2023-09-18,5.8188334
5.5075,6.7814,0.57,25.48,26.4,24.42,80.46,8.14,110.6,101.28,26.41,21.89,23.68,5.0693,1.8096,1.21,2023-09-19,10.339306
5.8742,6.9535,0.61,24.78,25.72,23.88,74.9,8.37,113.1,101.23,25.93,20.03,22.41,5.4931,1.8929,0.46,2023-09-20,9.522665
5.3378,6.9358,0.55,24.81,25.93,23.95,77.52,7.54,105.5,101.09,25.96,20.62,22.71,3.571,2.5373,3.24,2023-09-21,8.295039
3.3828,6.775,0.35,24.93,25.64,24.3,81.85,8.88,95.8,101.05,25.82,21.64,23.28,1.1189,2.0794,9.45,2023-09-22,9.792728
4.5763,6.768,0.47,25.23,26.06,24.52,82.7,10.23,84.8,101.03,25.86,22.09,23.66,2.9465,2.2656,7.98,2023-09-23,13.61488
4.1014,6.7913,0.42,25.59,26.45,24.84,83.41,9.31,73.0,100.96,25.99,22.57,24.08,1.5223,2.3664,13.62,2023-09-24,12.396953
4.081,6.8755,0.41,25.79,26.58,24.95,88.14,8.08,58.3,100.86,25.97,23.7,24.74,2.4922,2.0938,19.15,2023-09-25,9.247558
3.3802,6.9142,0.34,25.87,27.32,24.55,89.26,4.74,50.1,100.89,26.15,23.97,24.92,0.5767,2.2942,23.38,2023-09-26,6.4345756
3.4145,6.93,0.34,24.38,25.36,23.7,87.46,6.73,171.5,101.09,25.6,22.17,23.28,0.7879,2.4734,23.18,2023-09-27,4.8777337
4.0738,7.0027,0.41,23.92,24.68,23.28,86.76,7.2,159.2,101.18,25.33,21.6,22.76,1.3399,2.3998,17.93,2023-09-28,3.4358792
3.4416,7.0692,0.34,23.39,24.16,22.8,80.1,7.85,157.5,101.24,25.13,19.78,21.59,1.2624,2.3945,1.12,2023-09-29,5.2041926
5.1098,7.2886,0.51,23.29,24.09,22.34,75.88,6.97,139.5,101.26,24.95,18.82,21.06,4.6303,2.0083,169.23,2023-09-30,6.0972667
6.1519,7.5173,0.61,23.17,24.04,22.5,73.68,8.27,139.4,101.47,24.65,18.22,20.69,4.7546,2.844,312.61,2023-10-01,6.775835
4.9406,7.4966,0.49,23.62,24.74,22.33,72.67,8.76,118.4,101.64,24.8,18.44,21.03,3.4123,2.418,0.66,2023-10-02,12.835059
4.9068,7.3378,0.48,23.97,24.89,23.3,72.76,8.4,119.3,101.63,24.94,18.79,21.38,1.5665,3.1073,0.63,2023-10-03,9.830408
2.0561,7.1765,0.2,24.12,24.95,23.5,78.68,8.48,127.4,101.5,25.15,20.21,22.16,0.5028,1.3656,2.62,2023-10-04,9.970833
5.9114,7.4988,0.58,23.36,24.23,22.05,75.99,10.34,135.7,101.4,24.79,18.89,21.13,4.3658,2.1626,2.25,2023-10-05,9.826671
5.6148,7.8144,0.55,22.66,23.93,21.4,74.54,7.85,130.2,101.32,24.64,17.92,20.29,3.673,2.7226,0.03,2023-10-06,8.377526
6.8578,7.5629,0.66,23.07,24.13,21.89,76.95,6.34,106.0,101.31,24.9,18.82,20.94,5.8015,2.3249,0.54,2023-10-07,6.24317
6.157,7.3723,0.59,23.51,24.52,22.49,75.44,3.92,100.4,101.26,25.34,18.92,21.22,5.0218,3.2417,0.25,2023-10-08,6.575789
5.4259,7.3711,0.52,23.9,25.67,22.73,78.25,4.78,167.4,101.23,25.48,19.87,21.89,4.422,2.0342,0.33,2023-10-09,5.307172
6.9269,7.7681,0.66,23.19,24.56,22.2,74.99,6.14,148.7,101.35,25.12,18.48,20.83,6.0403,2.1684,0.35,2023-10-10,4.577586
6.431,7.614,0.62,23.32,24.55,21.96,75.57,4.63,128.6,101.46,25.21,18.76,21.04,6.0684,1.8876,0.12,2023-10-11,6.4876814
5.1266,7.5727,0.49,24.3,25.95,22.94,75.74,4.21,136.1,101.39,25.52,19.74,22.02,5.3038,2.1446,3.45,2023-10-12,5.4677753
4.6889,7.4117,0.45,24.64,25.72,23.55,79.34,4.64,118.5,101.38,25.71,20.83,22.74,1.4198,3.0271,0.08,2023-10-13,6.4540586
3.852,7.3195,0.37,24.89,25.87,24.1,85.72,6.45,111.3,101.41,25.73,22.35,23.62,1.4107,2.3297,2.05,2023-10-14,5.6955047
4.705,7.398,0.44,24.96,25.91,24.26,84.41,6.38,113.0,101.47,25.96,22.17,23.56,3.0283,2.2231,2.03,2023-10-15,6.312625
6.4039,7.5838,0.6,24.52,25.54,23.71,79.81,7.96,122.3,101.53,25.67,20.82,22.67,5.6892,1.9488,0.28,2023-10-16,6.6202474
5.6942,7.7741,0.54,24.7,25.91,23.65,81.09,7.28,108.1,101.39,25.86,21.25,22.98,4.0042,2.5622,1.1,2023-10-17,6.629243
6.9998,7.7318,0.66,25.13,26.19,24.09,76.01,5.99,97.0,101.3,26.08,20.59,22.86,6.8808,1.9373,0.11,2023-10-18,5.440015
7.3548,7.6051,0.69,25.27,26.28,24.38,79.45,5.69,80.9,101.06,26.18,21.46,23.36,7.0474,2.0378,0.15,2023-10-19,7.463157
6.9977,7.5922,0.65,25.42,26.54,24.5,78.03,5.17,77.8,101.04,26.26,21.31,23.37,7.2494,1.9901,0.1,2023-10-20,6.230806
7.2362,7.6114,0.67,25.65,26.85,24.41,81.59,3.14,63.7,100.97,26.68,22.27,23.96,7.2228,1.8826,0.09,2023-10-21,5.211547
6.2196,7.5485,0.58,26.04,27.48,24.85,83.22,2.2,101.2,100.97,27.16,22.98,24.51,4.6802,2.3328,5.44,2023-10-22,2.812868
3.114,7.5,0.29,24.96,25.47,24.53,86.1,6.42,137.9,101.11,26.11,22.49,23.72,0.6271,2.1374,7.63,2023-10-23,5.787456
4.6678,7.506,0.43,25.0,26.04,24.26,79.23,7.09,119.0,101.36,26.02,21.16,23.08,1.397,3.0696,0.78,2023-10-24,9.318207
5.6299,7.6294,0.52,24.79,25.83,23.76,76.75,7.15,111.3,101.46,26.06,20.44,22.62,2.1362,3.2998,0.55,2023-10-25,11.399479
4.9985,7.6519,0.46,25.06,26.06,24.23,75.76,7.27,100.5,101.46,26.26,20.5,22.78,1.8084,3.0113,0.1,2023-10-26,10.083568
5.7418,7.752,0.53,25.32,26.39,24.45,77.08,5.97,103.5,101.36,26.48,21.03,23.17,5.3712,1.8516,0.86,2023-10-27,8.537483
7.0361,7.7746,0.64,25.5,26.64,24.55,77.95,5.71,82.0,101.19,26.49,21.38,23.44,5.815,2.2939,0.69,2023-10-28,6.281226
7.0178,7.8499,0.64,25.86,27.18,24.68,81.11,4.05,67.2,101.06,26.98,22.37,24.12,6.0017,2.2486,0.18,2023-10-29,5.3622384
7.5226,7.855,0.68,26.14,27.52,24.95,86.37,3.91,108.0,101.1,27.37,23.68,24.91,7.3704,1.8298,0.63,2023-10-30,4.123997
6.3487,7.8617,0.58,26.44,27.82,25.27,89.72,4.85,143.6,101.02,27.47,24.61,25.53,4.9565,2.3201,1.64,2023-10-31,3.2440825
6.3413,7.8384,0.57,26.68,27.91,25.62,88.77,5.22,114.7,100.95,27.49,24.68,25.68,5.165,2.3506,3.19,2023-11-01,4.092257
6.9223,7.8799,0.63,26.67,27.79,25.87,82.89,6.6,94.1,100.98,27.49,23.5,25.09,5.9465,2.1701,1.01,2023-11-02,6.4979486
6.6377,7.8214,0.6,26.63,27.6,25.82,85.02,6.55,92.7,100.96,27.59,23.9,25.27,5.6129,2.387,0.9,2023-11-03,6.806502
7.3488,7.6841,0.66,26.9,28.06,25.85,84.18,5.09,80.8,101.04,27.84,24.0,25.45,6.6718,2.215,0.55,2023-11-04,6.5564904
7.3284,7.8857,0.66,26.88,28.17,25.94,85.04,4.36,90.8,100.99,27.75,24.16,25.52,6.9936,2.257,193.65,2023-11-05,5.8981586
6.93,7.8576,0.62,26.85,27.66,26.07,84.36,4.25,90.8,100.9,27.52,24.0,25.42,5.7636,2.5726,291.88,2023-11-06,7.2640915
5.7026,7.9234,0.51,26.57,27.46,25.86,80.02,4.28,81.7,100.82,27.65,22.85,24.71,2.1653,3.3773,0.16,2023-11-07,8.324591
5.3282,7.7599,0.48,26.98,27.97,26.02,74.65,3.46,105.8,100.72,27.78,22.08,24.53,2.5049,3.0055,0.25,2023-11-08,4.6510067
3.3842,7.8286,0.3,26.24,27.07,25.35,79.73,6.55,128.8,100.7,27.39,22.47,24.35,0.3209,2.4451,3.96,2023-11-09,6.2001247
4.0891,7.7486,0.36,25.82,26.59,25.15,82.47,7.43,118.0,100.71,27.41,22.62,24.22,0.7486,2.6518,2.06,2023-11-10,7.114686
4.344,7.8456,0.39,25.88,26.96,25.28,81.32,10.25,126.0,100.78,27.33,22.44,24.16,2.7262,2.6052,2.28,2023-11-11,8.71168
3.5446,7.8394,0.32,25.44,26.15,24.94,85.27,9.24,127.7,100.64,26.72,22.8,24.12,0.3197,2.538,18.7,2023-11-12,6.6811056
1.9541,7.7921,0.17,25.36,25.61,24.95,90.06,5.16,140.7,100.43,26.6,23.63,24.5,0.1481,1.4225,81.92,2023-11-13,4.9208426
3.2407,7.8533,0.29,26.81,27.85,25.5,89.24,3.66,81.0,100.43,27.3,24.91,25.86,0.0955,2.3885,12.28,2023-11-14,7.4775667
3.06,7.9555,0.27,27.63,28.77,26.36,85.49,11.26,356.7,100.29,27.19,24.95,26.29,0.2866,2.1144,5.23,2023-11-15,7.090847
7.0646,8.1077,0.62,27.57,29.44,26.01,81.93,3.92,298.7,100.79,27.62,24.15,25.86,6.8882,1.9255,0.56,2023-11-16,1.5763817
7.1741,8.0045,0.63,26.6,28.16,25.42,85.82,2.85,140.1,101.11,27.85,24.03,25.32,6.8566,1.9694,4.14,2023-11-17,0.6358079
6.6178,7.8722,0.58,26.32,27.28,25.58,86.17,4.36,142.2,101.28,27.52,23.84,25.08,5.4859,2.2298,9.69,2023-11-18,1.6013644
7.733,8.3446,0.68,26.34,27.45,25.48,77.58,5.56,139.1,101.3,27.02,22.1,24.22,7.0987,2.1763,0.0,2023-11-19,3.1716638
7.7474,8.3918,0.68,25.57,26.85,24.61,78.75,5.48,135.8,101.26,27.16,21.61,23.59,7.0714,2.4336,0.01,2023-11-20,3.514863
7.6142,8.3446,0.67,25.67,27.21,24.53,81.58,4.97,157.7,101.15,27.3,22.29,23.98,6.9643,2.225,0.05,2023-11-21,3.1904364
8.0383,8.2478,0.71,26.41,27.93,24.94,79.27,2.51,130.8,100.92,27.95,22.5,24.45,8.035,1.8178,0.05,2023-11-22,5.1651626
7.3829,8.2339,0.65,26.77,28.14,25.5,80.08,2.59,107.0,100.77,28.14,23.04,24.91,6.8976,1.89,0.24,2023-11-23,3.7397428
6.2249,8.2733,0.55,26.13,27.56,25.09,78.4,3.54,180.4,100.64,27.75,22.05,24.09,4.2998,2.6117,0.72,2023-11-24,2.8300562
4.1201,8.208,0.36,25.55,27.12,24.42,79.58,3.6,160.3,100.69,27.62,21.75,23.65,2.2056,2.2476,0.79,2023-11-25,2.0947084
4.9795,8.1163,0.44,26.26,27.4,25.11,81.67,4.62,117.9,100.93,27.73,22.88,24.57,2.9297,2.3926,0.92,2023-11-26,2.1141205
4.9138,7.9675,0.43,27.07,28.13,26.17,84.36,6.18,120.2,100.9,28.02,24.2,25.64,2.2634,2.6378,5.3,2023-11-27,4.1307116
5.3357,8.0054,0.47,27.39,28.34,26.45,84.5,5.44,113.3,100.9,28.05,24.55,25.97,2.7041,2.6616,10.19,2023-11-28,3.7260647
6.9569,8.0395,0.61,27.42,28.3,26.64,85.2,4.32,100.7,100.85,28.34,24.73,26.08,4.7016,2.8378,3.88,2023-11-29,4.009337
7.3603,8.0201,0.64,27.72,28.68,26.95,82.32,4.43,89.8,100.87,28.42,24.44,26.08,6.1397,2.28,0.43,2023-11-30,4.424798
7.5972,7.963,0.66,28.03,29.06,27.04,77.6,4.29,87.3,100.92,28.73,23.74,25.88,6.977,2.3004,0.83,2023-12-01,3.1819026
7.5362,8.1881,0.66,27.72,28.7,26.75,82.38,4.7,95.5,100.97,28.84,24.46,26.09,6.5942,2.4108,1.87,2023-12-02,5.1067133
7.7347,8.298,0.67,27.89,29.07,26.92,78.79,4.51,105.6,100.97,29.05,23.85,25.87,7.0092,2.3342,0.17,2023-12-03,3.0102854
7.855,8.166,0.68,27.73,28.86,26.76,82.39,5.21,95.8,100.93,29.12,24.46,26.1,7.0476,2.5224,1.15,2023-12-04,3.4781208
7.553,8.2286,0.66,28.0,28.95,27.2,81.79,5.44,89.1,100.93,29.11,24.61,26.31,6.9526,2.3503,3.44,2023-12-05,2.6334774
6.0679,8.1653,0.53,27.65,28.27,27.1,80.16,4.6,95.0,100.84,28.67,23.93,25.79,2.8282,3.3401,0.52,2023-12-06,3.9606504
6.9742,8.2937,0.61,27.38,28.41,26.71,80.56,4.03,117.6,100.76,29.01,23.75,25.57,5.0136,2.5853,207.79,2023-12-07,3.1310775
6.7896,8.2759,0.59,27.11,28.0,26.47,83.19,5.64,135.1,100.78,28.4,24.02,25.56,5.8817,2.3861,287.13,2023-12-08,7.982919
5.9098,8.2762,0.51,26.8,27.56,26.18,83.37,7.22,137.5,100.62,28.14,23.76,25.28,4.1657,3.3295,4.01,2023-12-09,5.1456866
6.1493,8.4586,0.53,25.98,26.95,24.35,79.1,8.1,153.3,100.46,27.82,22.08,24.03,4.4755,2.6026,1.53,2023-12-10,5.0064273
8.0522,8.6628,0.7,25.11,26.4,23.76,74.14,6.46,177.4,100.42,27.4,20.18,22.65,7.9843,2.2706,0.52,2023-12-11,5.2977495
7.8108,8.6002,0.68,25.53,27.17,23.86,74.64,4.14,199.4,100.45,27.69,20.69,23.11,7.8922,2.0081,1.1,2023-12-12,3.64534
7.5346,8.4926,0.65,26.07,27.34,24.95,75.55,4.51,171.7,100.55,27.8,21.4,23.74,6.8333,2.3146,0.17,2023-12-13,4.287372
7.5247,8.3381,0.65,25.92,27.08,24.82,80.23,4.62,135.3,100.61,27.87,22.26,24.09,6.8196,2.4473,4.89,2023-12-14,2.7849226
7.6469,8.3695,0.66,26.7,27.87,25.63,80.33,5.93,108.0,100.59,28.11,23.04,24.87,7.4002,2.1862,2.55,2023-12-15,4.083528
5.2025,8.2214,0.45,27.3,28.32,26.37,82.67,6.85,123.1,100.62,28.39,24.09,25.7,1.6747,3.2938,2.69,2023-12-16,4.725216
7.3378,8.2162,0.63,27.85,28.71,27.12,88.47,6.07,105.8,100.53,28.6,25.76,26.81,6.389,2.3158,8.15,2023-12-17,3.7286937
3.1325,8.1698,0.27,27.69,28.07,27.31,87.82,7.63,95.0,100.59,27.93,25.51,26.6,0.8947,2.0414,34.14,2023-12-18,4.049895
6.3504,8.1096,0.55,27.6,28.01,27.14,86.56,8.2,101.1,100.67,27.69,25.18,26.39,4.9486,2.3486,19.93,2023-12-19,8.615501
4.9202,8.1617,0.42,27.71,28.52,26.94,84.69,7.22,104.0,100.68,28.26,24.91,26.31,0.9062,3.2441,1.65,2023-12-20,6.902489
7.0798,8.2042,0.61,27.66,28.37,27.15,88.46,6.57,105.4,100.71,27.97,25.6,26.63,5.8022,2.4139,12.19,2023-12-21,5.267438
5.9635,8.2166,0.51,27.32,27.99,26.24,83.32,8.39,112.3,100.81,27.55,24.24,25.78,3.6562,3.0067,7.06,2023-12-22,9.983272
7.7342,8.3873,0.67,26.69,27.78,25.67,75.16,6.74,121.2,100.85,27.83,21.93,24.31,6.6818,2.4518,0.23,2023-12-23,7.4529324
6.6569,8.395,0.57,27.05,28.04,25.91,75.92,7.29,105.2,100.86,27.85,22.45,24.75,4.7258,2.7907,1.35,2023-12-24,8.479031
7.9978,8.5054,0.69,27.06,28.31,26.11,76.07,6.8,118.4,100.98,28.01,22.48,24.77,8.1254,2.1638,0.73,2023-12-25,5.4113374
7.1525,8.3844,0.62,27.22,28.21,26.28,79.77,7.56,113.5,101.11,28.04,23.42,25.32,5.9249,2.3657,4.68,2023-12-26,8.748571
6.7714,8.2531,0.58,27.31,28.44,26.49,81.27,7.26,123.4,101.18,28.16,23.83,25.57,5.1547,2.5903,1.94,2023-12-27,6.5079393
7.3337,8.4264,0.63,27.06,28.08,26.3,81.98,6.88,126.9,101.11,28.23,23.73,25.39,6.7272,2.1571,0.21,2023-12-28,5.2181334
7.3423,8.3741,0.63,27.3,28.32,26.24,83.63,6.14,114.6,101.05,28.38,24.29,25.79,6.6766,2.2762,0.26,2023-12-29,3.6449847
7.4983,8.2788,0.65,27.47,28.54,26.65,82.02,5.71,102.4,101.13,28.38,24.13,25.8,5.5435,2.79,0.2,2023-12-30,4.7061663
4.2984,8.2104,0.37,27.55,28.32,26.84,84.79,6.55,106.8,101.18,28.18,24.77,26.16,1.8864,2.3894,2.16,2023-12-31,4.687472
6.4466,8.1636,0.56,27.31,28.08,26.31,82.14,6.28,105.9,101.14,28.24,24.0,25.66,5.2464,1.9975,3.65,2024-01-01,2.7853274
7.2658,8.3042,0.63,27.05,28.03,26.06,81.34,5.53,118.4,101.07,28.43,23.6,25.32,6.2878,2.4005,2.38,2024-01-02,2.9567175
7.5898,8.3035,0.66,27.4,28.53,26.36,82.16,4.79,141.8,100.94,28.65,24.09,25.75,6.6202,2.4533,1.03,2024-01-03,1.5780941
7.1966,8.1043,0.62,27.95,28.85,27.06,80.38,4.2,77.9,100.77,28.88,24.25,26.1,6.2926,2.2898,0.76,2024-01-04,2.2254553
5.5572,8.053,0.48,27.54,28.0,26.91,83.97,4.23,49.6,100.78,28.62,24.61,26.07,2.4792,2.9885,2.18,2024-01-05,4.011383
4.6906,7.9908,0.41,27.31,28.11,26.58,82.55,3.14,71.9,100.85,28.64,24.08,25.69,0.5498,3.2777,5.82,2024-01-06,3.0503032
5.0494,8.0371,0.44,27.61,28.47,26.89,81.13,3.27,76.8,100.88,28.43,24.08,25.85,1.6644,2.983,21.2,2024-01-07,2.7344704
6.4097,8.0885,0.55,27.59,28.97,26.18,81.42,3.89,66.1,100.85,28.7,24.1,25.84,3.8237,2.9935,16.21,2024-01-08,3.401432
5.5507,8.0333,0.48,28.11,28.71,27.5,79.81,3.75,56.4,100.81,28.52,24.3,26.21,2.8982,2.9868,8.0,2024-01-09,6.709769
5.628,8.0191,0.49,27.11,27.67,26.53,84.4,2.8,79.4,100.81,28.32,24.26,25.68,2.8598,2.5697,5.14,2024-01-10,3.575522
5.0453,7.8811,0.44,27.1,27.69,26.3,84.36,3.7,79.4,100.82,28.31,24.26,25.68,1.3248,3.1954,7.71,2024-01-11,6.7080917
6.701,7.9361,0.58,27.59,28.52,26.48,84.9,4.71,98.4,100.82,28.52,24.84,26.22,4.1042,3.0766,13.33,2024-01-12,3.7370143
6.2081,8.1206,0.54,27.59,28.19,26.82,86.06,4.36,95.0,100.72,28.42,25.07,26.33,3.7584,2.7458,14.5,2024-01-13,3.3807907
5.9477,7.9867,0.52,27.7,28.31,26.95,87.79,6.51,90.7,100.54,28.04,25.51,26.6,4.8701,2.8193,21.07,2024-01-14,5.2331333
4.7897,7.9841,0.42,28.11,28.61,27.59,87.06,7.23,90.4,100.47,28.18,25.77,26.94,1.0051,2.9719,33.74,2024-01-15,4.9091253
2.4101,8.0227,0.21,28.29,28.88,27.78,86.67,4.81,92.7,100.32,28.47,25.86,27.08,0.1476,1.7998,33.57,2024-01-16,3.0337048
4.4894,8.0734,0.39,28.82,30.11,27.84,84.32,2.31,339.9,100.24,29.07,25.92,27.37,0.6014,3.0274,12.88,2024-01-17,3.1308076
5.395,7.9793,0.47,28.85,29.93,28.0,86.33,5.43,356.5,100.25,28.62,26.34,27.59,4.2338,2.3342,8.12,2024-01-18,5.456471
4.301,8.0107,0.37,28.44,29.22,27.81,86.34,4.29,345.0,100.35,28.41,25.95,27.2,3.2525,2.1658,21.87,2024-01-19,2.252378
4.41,7.9728,0.38,27.92,28.35,27.64,88.66,6.56,4.8,100.5,28.15,25.89,26.91,1.3464,2.8274,13.54,2024-01-20,2.9589486
4.8434,8.0299,0.42,28.48,29.27,27.76,84.51,4.68,335.2,100.57,28.44,25.63,27.05,2.1593,2.6273,9.12,2024-01-21,6.5595317
5.6942,8.0426,0.5,28.79,29.81,27.84,83.43,3.69,311.7,100.53,28.7,25.71,27.25,3.942,2.736,10.8,2024-01-22,4.06272
4.3207,7.9279,0.38,28.67,29.42,27.86,84.31,2.78,319.7,100.59,28.69,25.77,27.22,0.1092,3.222,30.43,2024-01-23,2.667388
4.7918,7.9838,0.42,28.92,30.16,27.92,82.0,2.95,313.3,100.71,28.9,25.54,27.23,3.241,2.6436,11.81,2024-01-24,3.882093
1.7856,7.9946,0.16,26.82,27.62,25.83,81.3,5.67,31.6,100.56,28.04,23.36,25.09,0.3732,1.1822,42.86,2024-01-25,3.2995188
7.0044,8.0628,0.61,27.65,28.27,27.05,85.43,8.91,123.7,100.12,28.31,25.0,26.32,7.0498,1.6356,11.25,2024-01-26,3.7159111
7.3068,8.321,0.64,27.27,28.47,26.16,77.61,4.69,192.8,100.4,28.63,23.02,25.14,7.1393,2.0544,0.03,2024-01-27,6.1232796
7.2197,8.287,0.63,27.0,28.54,25.7,74.73,3.63,176.0,100.55,28.9,22.12,24.56,6.876,2.5368,0.05,2024-01-28,12.795418
7.0733,8.2709,0.62,28.01,30.15,25.73,71.05,2.68,239.7,100.52,29.19,22.21,25.11,6.0473,2.1996,0.29,2024-01-29,11.7969
4.2979,7.9865,0.38,28.76,30.33,26.92,78.61,2.43,284.9,100.4,29.51,24.66,26.71,0.8052,2.8051,3.59,2024-01-30,9.460848
4.0613,7.9006,0.36,29.09,29.91,28.22,82.42,2.97,323.0,100.46,29.31,25.8,27.45,0.5998,2.8488,4.5,2024-01-31,6.248563
4.9236,7.872,0.43,28.76,30.27,27.84,85.54,6.9,345.7,100.35,28.78,26.1,27.43,1.7446,2.9669,6.63,2024-02-01,2.5968633
6.7884,7.9111,0.6,28.69,29.7,27.94,86.65,3.13,347.8,100.33,29.16,26.25,27.47,5.1031,3.3077,16.09,2024-02-02,15.831332
6.7786,7.8545,0.6,28.75,29.49,28.25,86.33,4.42,170.3,100.45,29.45,26.24,27.49,6.3259,2.4149,0.64,2024-02-03,4.3625407
6.9367,7.9908,0.61,28.69,29.45,28.02,81.28,4.02,151.2,100.54,29.59,25.17,26.93,6.9367,2.3357,342.77,2024-02-04,5.4121256
6.3082,7.9788,0.56,28.67,29.44,27.86,81.5,5.11,159.3,100.46,29.5,25.2,26.93,5.8793,1.889,93.94,2024-02-05,4.460297
3.2119,7.8026,0.29,28.79,29.73,27.92,84.24,7.06,105.9,100.16,29.1,25.88,27.33,0.2177,2.3726,18.32,2024-02-06,4.6119766
5.1014,7.8816,0.45,27.68,28.13,26.89,82.51,6.44,124.0,100.16,28.75,24.45,26.07,1.9171,2.9566,4.45,2024-02-07,5.565532
5.5008,8.0462,0.49,27.32,28.22,26.31,81.15,4.6,143.5,100.17,28.9,23.81,25.57,3.7018,2.5726,5.06,2024-02-08,2.6097062
6.395,7.9068,0.57,27.7,28.33,26.95,79.68,3.3,179.1,100.32,29.16,23.88,25.79,5.9827,2.0335,3.52,2024-02-09,4.800725
5.8658,7.7506,0.52,28.72,29.91,27.86,76.72,2.64,324.5,100.25,29.51,24.19,26.45,3.2304,3.1339,12.49,2024-02-10,5.504546
5.4017,7.6123,0.48,29.43,30.21,28.62,87.1,6.67,357.6,99.98,29.3,27.06,28.25,1.6469,3.3221,16.02,2024-02-11,6.1907597
5.2608,7.7172,0.47,29.28,29.61,28.91,88.15,8.24,11.7,99.9,29.25,27.13,28.2,0.9698,3.5659,8.04,2024-02-12,5.8604712
6.5671,7.6855,0.59,29.45,30.35,28.67,83.91,4.33,16.8,100.04,29.69,26.45,27.95,4.973,2.3263,5.08,2024-02-13,3.7900066
6.3415,7.6313,0.57,29.32,30.17,28.33,81.42,2.0,42.8,100.16,30.0,25.82,27.57,4.2593,2.646,8.74,2024-02-14,4.427772
3.769,7.8005,0.34,28.91,29.55,28.02,83.38,3.79,57.4,100.3,29.65,25.82,27.37,0.7097,2.4389,39.35,2024-02-15,6.2235584
2.5181,7.7198,0.23,28.49,29.16,28.06,83.72,9.01,103.7,100.47,28.96,25.49,26.99,0.6847,1.5355,65.96,2024-02-16,10.070721
4.8394,7.6217,0.44,28.0,28.48,27.6,78.82,8.94,108.2,100.6,28.56,24.0,26.0,2.4722,2.359,30.22,2024-02-17,8.64403
6.4373,7.6152,0.58,28.29,29.14,27.46,79.16,6.67,101.1,100.57,28.99,24.34,26.31,5.1946,2.2778,4.32,2024-02-18,6.477684
2.7914,7.6186,0.25,27.99,28.42,27.64,85.72,6.62,63.9,100.61,28.55,25.4,26.69,0.1301,2.029,51.68,2024-02-19,4.4363303
3.5594,7.5734,0.32,28.96,30.13,27.98,84.26,4.87,351.0,100.63,29.09,26.05,27.5,0.8638,2.3239,10.46,2024-02-20,4.225697
5.7264,7.608,0.52,28.92,29.8,28.11,87.28,3.18,356.1,100.64,29.0,26.61,27.77,2.6566,2.9364,8.82,2024-02-21,7.727831
4.5149,7.5696,0.41,28.17,28.52,27.89,89.53,4.5,129.1,100.65,28.78,26.3,27.23,0.793,2.9897,13.42,2024-02-22,5.1777
3.0917,7.5682,0.28,28.34,29.02,27.8,88.9,5.29,69.2,100.68,28.7,26.35,27.34,0.163,2.2466,14.19,2024-02-23,5.348181
2.7806,7.4554,0.26,28.43,29.57,27.6,85.32,2.37,106.2,100.71,29.2,25.73,27.08,0.5458,1.8521,17.79,2024-02-24,3.2374814
5.0515,7.3584,0.47,28.31,29.13,27.77,83.46,2.63,352.1,100.68,28.99,25.25,26.78,1.2278,3.173,21.47,2024-02-25,3.163919
6.4294,7.3733,0.6,28.39,28.96,27.57,80.36,3.01,11.0,100.74,29.16,24.7,26.55,4.6214,2.4638,3.54,2024-02-26,3.2060611
6.9586,7.5228,0.65,29.14,30.24,27.88,82.08,3.16,4.1,100.95,29.38,25.77,27.46,6.3965,1.855,1.31,2024-02-27,1.0536994
6.8143,7.517,0.64,29.03,29.63,28.56,83.44,2.52,52.5,101.04,29.3,25.95,27.49,6.2558,2.591,0.68,2024-02-28,2.3611479
5.622,7.493,0.53,29.13,29.83,28.28,79.04,2.0,356.0,100.9,29.32,25.11,27.12,3.0775,2.6868,3.11,2024-02-29,4.269886
6.3636,7.5106,0.6,29.13,29.69,28.62,77.59,1.92,100.7,100.94,29.99,24.82,26.97,5.6347,1.699,2.12,2024-03-01,1.5838282
6.925,7.5576,0.65,29.24,30.03,28.39,80.7,5.13,99.7,101.06,29.74,25.59,27.42,7.2682,1.5979,1.57,2024-03-02,3.1112642
6.24,7.4933,0.59,29.26,29.89,28.71,81.28,6.92,102.4,101.15,29.53,25.74,27.5,5.7977,2.6688,1.46,2024-03-03,3.2435422
6.4058,7.511,0.61,29.17,29.93,28.54,80.07,6.78,102.3,101.13,29.42,25.39,27.28,7.5998,2.8951,0.3,2024-03-04,5.8197074
6.7133,7.5425,0.64,29.2,29.98,28.59,77.33,6.49,93.6,100.96,29.39,24.84,27.02,6.9379,1.7952,0.1,2024-03-05,4.1607857
6.3084,7.5324,0.6,28.97,29.73,28.23,79.48,6.03,113.1,100.88,29.6,25.08,27.02,5.9381,2.3251,3.77,2024-03-06,4.5317955
6.0094,7.3882,0.57,28.9,29.71,28.1,82.11,6.97,109.4,100.8,29.55,25.56,27.23,4.1719,2.4048,9.51,2024-03-07,5.1197624
3.7471,7.3985,0.36,28.51,28.98,28.06,81.82,5.71,95.4,100.76,28.96,25.12,26.81,0.366,2.6782,8.45,2024-03-08,5.731056
3.9468,7.3514,0.38,28.58,29.38,27.67,80.17,4.18,85.3,100.76,29.05,24.84,26.71,0.4099,2.8663,17.06,2024-03-09,7.562555
3.7978,7.2535,0.37,27.82,28.21,27.23,81.65,2.17,66.9,100.74,28.88,24.39,26.11,0.3034,2.6798,39.93,2024-03-10,3.8847644
3.6185,7.2012,0.35,27.35,28.12,26.7,82.49,2.64,26.8,100.7,28.79,24.12,25.74,0.2503,2.6227,25.06,2024-03-11,5.5901947
2.0047,7.1575,0.2,27.23,27.84,26.75,84.71,3.91,335.7,100.62,28.43,24.45,25.84,0.3238,1.3822,23.67,2024-03-12,5.6135364
2.0866,7.0303,0.2,27.58,28.3,26.98,85.64,4.39,321.0,100.59,28.53,24.97,26.27,0.2818,1.3954,21.97,2024-03-13,3.8610892
3.426,6.9977,0.34,28.47,29.54,27.47,85.84,7.52,330.6,100.53,28.7,25.88,27.17,0.7226,2.3806,13.6,2024-03-14,5.5526857
4.8118,7.037,0.47,28.91,30.1,28.33,87.03,8.03,319.2,100.41,28.79,26.55,27.73,3.3725,1.9822,15.08,2024-03-15,3.774275
2.2092,6.9691,0.22,28.37,29.21,27.79,87.09,8.76,325.4,100.37,28.58,26.04,27.2,0.1615,1.643,49.08,2024-03-16,3.8038833
3.0698,6.9876,0.3,28.42,29.49,27.76,86.83,8.11,303.1,100.22,28.65,26.02,27.22,0.2491,2.1744,63.78,2024-03-17,4.3565507
4.051,6.9583,0.4,28.2,28.83,27.64,83.62,3.61,155.1,100.53,28.85,25.18,26.69,5.7559,1.8502,4.68,2024-03-18,3.076984
3.8837,6.9576,0.39,27.65,28.24,27.12,84.21,5.06,133.0,100.76,28.45,24.77,26.21,0.9125,2.6335,31.65,2024-03-19,5.0228977
2.2265,6.7951,0.22,27.69,28.42,26.97,86.17,5.79,31.8,100.71,28.54,25.19,26.44,0.1423,1.6015,110.3,2024-03-20,3.9490545
3.6362,6.8431,0.37,27.49,28.09,27.08,84.58,6.07,214.5,100.73,28.49,24.68,26.08,0.6122,2.6069,12.3,2024-03-21,7.679134
3.8803,6.78,0.39,28.08,29.1,27.0,82.8,2.95,142.3,100.82,28.48,24.89,26.48,0.9962,2.5896,24.09,2024-03-22,6.3303246
3.0535,6.8129,0.31,28.64,29.47,27.61,79.54,2.51,296.2,100.84,28.76,24.76,26.7,1.062,1.8293,11.7,2024-03-23,3.0806787
5.2819,6.775,0.54,28.44,29.17,27.74,82.47,3.31,339.0,100.82,28.68,25.18,26.81,4.6171,1.7237,22.86,2024-03-24,4.049177
5.2394,6.8016,0.54,28.85,30.22,27.72,81.85,3.08,292.9,100.83,29.13,25.43,27.14,4.0279,2.0302,59.25,2024-03-25,3.7624092
3.647,6.6934,0.38,28.64,29.49,27.92,81.64,2.73,343.6,100.91,28.86,25.2,26.92,0.3799,2.628,32.46,2024-03-26,11.703435
3.1877,6.7061,0.33,28.77,29.95,27.78,83.08,4.57,343.3,100.88,28.83,25.63,27.2,0.1577,2.3549,5.24,2024-03-27,6.1589346
3.0828,6.6355,0.32,27.93,28.34,27.56,87.1,5.46,351.1,100.81,28.32,25.61,26.77,1.6022,2.0731,8.98,2024-03-28,7.4084167
1.8144,6.659,0.19,27.53,27.94,27.06,86.48,3.95,339.9,100.75,28.25,25.09,26.31,0.2453,1.3459,17.54,2024-03-29,5.089923
1.0502,6.6158,0.11,27.05,28.1,26.42,86.26,6.76,265.1,100.73,27.96,24.57,25.81,0.1022,0.8191,70.72,2024-03-30,7.894627
3.1742,6.3643,0.33,27.27,28.31,26.21,85.42,5.42,48.7,100.92,28.06,24.63,25.95,0.259,2.3393,3.42,2024-03-31,4.016741
3.7994,6.5417,0.4,28.22,28.86,27.51,83.17,5.15,36.9,101.04,28.56,25.11,26.66,0.6144,2.6904,8.44,2024-04-01,6.89608
5.1247,6.5023,0.55,28.41,28.87,27.85,85.44,5.97,99.1,101.06,28.67,25.76,27.08,3.553,2.4655,7.92,2024-04-02,4.74909
4.5756,6.505,0.49,28.62,29.21,28.18,84.49,7.54,110.3,101.07,28.59,25.77,27.2,2.4934,2.9215,4.83,2024-04-03,6.687106
4.8991,6.4363,0.53,28.44,29.05,28.1,82.24,8.13,104.6,101.02,28.39,25.14,26.79,3.4106,2.0618,3.72,2024-04-04,6.6823525
5.0434,6.4654,0.55,27.8,28.44,27.0,81.62,8.08,119.8,101.0,28.38,24.38,26.09,3.5827,2.2565,4.18,2024-04-05,6.5508275
4.7796,6.5122,0.52,27.42,28.35,26.85,81.1,5.99,121.4,100.9,28.43,23.91,25.66,3.6845,2.1002,1.12,2024-04-06,5.7486105
5.1514,6.4421,0.56,27.7,28.66,26.9,81.31,7.2,115.7,100.76,28.42,24.22,25.96,4.445,1.9927,2.23,2024-04-07,6.767522
4.6925,6.2928,0.52,27.92,28.54,27.29,82.53,8.5,113.7,100.81,28.3,24.69,26.3,2.4528,2.6986,10.45,2024-04-08,5.9124117
1.7676,6.2318,0.2,28.12,28.54,27.79,87.05,6.71,100.2,100.81,28.16,25.78,26.95,0.1186,1.3546,26.39,2024-04-09,5.2810307
5.5418,6.3206,0.61,28.12,28.81,27.6,86.23,6.27,102.3,100.81,28.72,25.62,26.87,5.375,1.7916,3.4,2024-04-10,4.443038
5.8493,6.2623,0.65,27.91,28.51,27.44,85.05,5.84,108.6,100.72,28.64,25.18,26.54,6.4164,1.5002,0.32,2024-04-11,3.6166945
6.0086,6.1834,0.67,27.91,28.77,27.12,83.68,3.89,91.9,100.79,28.84,24.9,26.4,6.6775,1.3315,0.83,2024-04-12,1.3460877
6.137,6.2179,0.69,28.03,29.06,27.26,80.86,3.62,99.3,101.03,28.89,24.44,26.23,7.7414,0.9125,0.28,2024-04-13,0.4457661
5.9074,6.1987,0.67,28.01,29.03,27.1,80.94,4.78,109.7,101.15,28.78,24.45,26.23,6.6343,1.409,0.23,2024-04-14,3.5816684
5.4703,6.2705,0.62,27.9,28.73,27.06,81.85,5.21,118.2,101.17,28.76,24.52,26.21,5.7398,1.7333,0.46,2024-04-15,4.0449777
5.7202,6.2604,0.65,27.87,28.67,27.15,82.33,5.88,121.5,101.07,28.73,24.6,26.24,6.3125,1.537,0.61,2024-04-16,5.0344334
5.5159,6.2472,0.63,28.13,29.24,27.38,78.31,7.31,123.8,101.01,28.63,24.01,26.07,6.3967,1.5086,0.59,2024-04-17,5.72685
3.9132,6.0677,0.45,28.06,28.97,27.25,83.76,8.24,113.6,100.95,28.65,25.08,26.57,2.7305,1.921,4.55,2024-04-18,7.573263
4.3517,6.0329,0.51,28.31,29.15,27.69,83.11,7.91,103.9,101.05,28.64,25.17,26.74,2.801,2.4684,4.0,2024-04-19,7.690936
4.0651,5.9338,0.47,28.34,29.07,27.85,81.87,7.01,91.8,101.06,28.51,24.96,26.65,1.3145,2.8006,2.08,2024-04-20,6.3331456
4.7083,5.9966,0.55,28.04,28.74,27.51,78.57,4.89,87.3,100.99,28.41,23.98,26.01,2.5306,2.5481,0.8,2024-04-21,6.006065
4.5818,5.91,0.54,28.25,29.65,27.27,79.15,3.94,54.4,100.85,28.71,24.26,26.26,3.4682,2.891,3.76,2024-04-22,6.826823
4.3039,5.7355,0.51,28.27,28.99,27.44,86.9,3.06,2.3,100.75,28.6,25.89,27.08,2.0369,2.8406,5.63,2024-04-23,5.7559714
5.165,5.7926,0.62,28.71,30.22,27.74,81.86,1.99,340.4,100.67,29.35,25.29,27.0,5.7797,1.4635,0.71,2024-04-24,1.7032064
5.1434,5.7646,0.62,28.73,30.21,27.3,82.12,1.73,54.8,100.73,29.41,25.36,27.05,6.2441,1.2343,5.65,2024-04-25,1.5115092
5.0875,5.7763,0.61,28.89,29.89,27.9,79.11,2.03,344.2,100.87,29.07,24.89,26.89,4.3169,2.2428,10.21,2024-04-26,2.320519
5.2886,5.6976,0.64,28.3,28.99,27.64,82.09,3.0,100.5,100.98,29.28,24.96,26.63,6.4255,1.2242,3.17,2024-04-27,2.078778
3.8302,5.7199,0.47,28.05,28.64,27.44,85.41,4.39,98.8,100.95,29.2,25.4,26.73,2.2774,2.153,2.8,2024-04-28,2.6507082
4.5653,5.6765,0.56,28.4,29.21,27.66,82.96,4.43,74.8,100.89,28.94,25.23,26.82,5.4134,1.4218,18.09,2024-04-29,6.705534
4.5346,5.6486,0.56,28.09,28.7,27.57,79.85,3.7,104.8,100.83,28.75,24.3,26.2,5.5639,1.2566,3.52,2024-04-30,2.1999967
5.1799,5.6683,0.64,28.05,29.09,27.25,82.02,5.28,111.5,100.88,28.84,24.71,26.38,6.4349,1.2708,0.62,2024-05-01,3.996533
4.8144,5.569,0.6,28.41,29.25,27.59,85.65,5.01,110.0,100.75,29.16,25.79,27.1,5.4958,1.4532,3.66,2024-05-02,3.700478
4.698,5.5154,0.59,28.37,29.14,27.79,81.3,3.77,94.6,100.58,29.19,24.86,26.62,5.3702,1.41,2.0,2024-05-03,3.3511932
3.1008,5.4415,0.39,27.9,28.77,27.13,84.7,6.35,141.1,100.5,28.67,25.11,26.51,1.4938,2.2243,18.62,2024-05-04,5.361045
2.6417,5.4055,0.33,27.48,28.14,26.94,84.89,8.0,132.3,100.53,28.42,24.73,26.1,0.2945,1.9337,18.0,2024-05-05,3.9043968
2.5416,5.375,0.32,27.91,28.8,27.34,87.4,6.4,129.1,100.44,28.49,25.64,26.77,0.21,1.9229,19.63,2024-05-06,3.7867203
3.4018,5.3743,0.43,27.19,28.25,25.83,87.0,6.16,143.1,100.5,28.15,24.86,26.03,1.2754,2.2766,18.52,2024-05-07,4.342965
3.7673,5.4468,0.48,25.92,26.65,25.24,80.18,6.49,183.0,100.59,27.59,22.25,24.08,3.5131,1.6354,1.5,2024-05-08,4.2407036
4.8972,5.6102,0.63,25.25,26.13,24.27,72.56,7.29,205.1,100.74,27.07,19.98,22.61,5.9695,1.3642,0.02,2024-05-09,6.1662107
5.1074,5.6765,0.66,24.96,26.13,23.75,67.55,5.96,176.5,100.94,26.79,18.55,21.76,6.1294,1.3778,0.01,2024-05-10,4.900912
4.589,5.4838,0.6,25.31,26.22,24.59,71.26,7.6,140.7,101.16,26.88,19.75,22.53,4.5626,1.7587,0.15,2024-05-11,8.135217
3.7397,5.5099,0.49,25.67,26.73,24.56,68.3,7.94,119.7,101.24,26.8,19.4,22.54,1.3762,2.508,0.12,2024-05-12,8.570609
3.87,5.3323,0.51,26.21,26.95,25.75,78.32,8.27,110.7,101.26,27.09,22.15,24.18,3.2246,2.5207,6.06,2024-05-13,8.645884
3.3403,5.1991,0.44,26.76,27.45,26.01,81.68,7.92,106.1,101.29,27.31,23.38,25.08,0.7154,2.3563,7.53,2024-05-14,8.489309
0.9158,5.0664,0.12,26.95,27.49,26.46,86.32,6.49,106.8,101.22,27.31,24.49,25.72,0.0593,0.7433,14.59,2024-05-15,4.2847433
3.8707,5.1739,0.51,27.14,28.04,26.63,88.28,4.18,87.1,101.04,27.56,25.04,26.09,3.7337,1.6764,21.28,2024-05-16,5.416055
4.8274,5.2037,0.65,27.37,28.37,26.42,85.08,4.8,64.1,100.82,27.76,24.64,26.01,5.7266,1.2742,1.38,2024-05-17,4.115435
4.4722,5.1348,0.6,27.77,28.74,26.95,83.43,4.42,55.4,100.72,27.91,24.71,26.24,5.7811,1.243,4.0,2024-05-18,6.0872335
4.6349,5.1175,0.62,27.83,28.76,27.14,86.89,4.69,74.9,100.75,27.98,25.46,26.65,5.5728,1.2578,2.24,2024-05-19,4.3451037
4.7042,5.0546,0.64,27.96,28.85,27.17,90.71,4.32,52.0,100.86,27.91,26.31,27.13,6.288,1.014,2.13,2024-05-20,4.9701185
5.0474,5.0873,0.69,27.95,29.06,27.08,89.66,3.15,53.9,100.96,28.31,26.1,27.02,7.0951,0.7939,0.42,2024-05-21,5.260425
3.2906,4.9675,0.45,27.53,28.19,26.89,86.01,2.98,90.9,100.98,28.19,24.99,26.26,3.4711,1.4311,12.22,2024-05-22,3.9619224
2.8409,4.9829,0.39,26.91,27.66,26.29,83.08,3.78,100.6,100.95,27.85,23.82,25.36,2.1828,1.5787,5.91,2024-05-23,3.2042565
3.8364,4.9387,0.53,26.76,28.04,26.01,83.16,3.71,157.5,101.01,27.61,23.67,25.22,3.4289,1.6373,7.93,2024-05-24,3.107445
2.844,4.9229,0.39,26.34,26.96,25.88,84.77,6.86,136.6,101.08,27.32,23.59,24.96,2.7739,1.6219,4.42,2024-05-25,3.1390996
2.3508,4.902,0.33,25.97,26.81,25.48,85.77,7.03,132.2,101.08,27.17,23.42,24.69,2.508,1.2442,14.63,2024-05-26,5.316764
2.0366,4.8096,0.28,26.48,27.26,25.74,87.76,4.64,117.2,100.97,27.32,24.31,25.4,1.5994,1.3505,12.65,2024-05-27,4.082487
1.9846,4.8163,0.28,25.74,26.08,25.34,86.61,6.49,158.6,101.0,26.76,23.35,24.55,0.3725,1.4647,19.91,2024-05-28,4.123564
1.7722,4.7705,0.25,25.52,25.82,25.33,85.4,7.03,143.9,101.18,26.57,22.92,24.22,0.2602,1.3435,6.98,2024-05-29,5.4824057
1.7177,4.7777,0.24,25.14,25.59,24.58,83.63,8.62,134.4,101.39,26.38,22.19,23.66,0.5009,1.2833,6.22,2024-05-30,5.285841
1.1081,4.7712,0.16,24.48,24.84,24.05,83.63,9.71,115.1,101.54,25.96,21.55,23.02,0.041,0.8798,41.33,2024-05-31,9.994952
2.166,4.8329,0.31,25.3,26.13,24.62,78.82,9.81,108.9,101.47,26.09,21.37,23.34,0.4649,1.5665,4.12,2024-06-01,11.02731
3.9127,4.9567,0.55,25.6,26.7,24.92,75.39,9.26,116.7,101.48,26.17,20.93,23.26,4.0747,1.6363,1.36,2024-06-02,12.365092
4.0807,5.0431,0.58,25.28,26.09,24.56,70.16,7.78,114.1,101.38,25.88,19.46,22.37,3.491,2.0904,0.5,2024-06-03,11.843006
3.5861,4.9778,0.51,25.53,26.71,24.66,66.61,5.46,102.3,101.27,25.82,18.87,22.2,3.7922,1.6032,0.61,2024-06-04,7.50029
4.2785,4.9723,0.61,25.3,26.41,24.5,72.04,5.51,120.7,101.21,26.03,19.9,22.6,5.0158,1.4227,0.06,2024-06-05,5.648445
4.5082,4.9399,0.65,25.14,26.31,24.25,75.37,5.84,120.2,101.32,26.12,20.48,22.81,5.4638,1.2842,0.07,2024-06-06,4.4741597
4.2646,4.9642,0.61,24.94,25.78,24.09,76.15,7.64,110.7,101.35,25.98,20.47,22.7,5.3182,1.4551,0.19,2024-06-07,7.232153
4.1866,4.9378,0.6,25.56,26.65,24.87,75.41,6.65,108.5,101.42,26.14,20.88,23.22,4.8612,1.6949,1.39,2024-06-08,6.9342933
4.0872,4.9399,0.59,25.26,26.09,24.79,77.02,7.8,102.1,101.45,25.97,20.95,23.11,4.901,1.4695,1.42,2024-06-09,6.2816954
4.2238,4.915,0.61,25.36,26.33,24.38,74.53,5.35,94.7,101.48,26.14,20.52,22.94,5.149,1.5185,0.14,2024-06-10,6.8453403
4.1933,4.8682,0.61,25.92,27.17,24.77,75.79,4.78,60.2,101.25,26.34,21.32,23.62,4.7129,1.4273,0.36,2024-06-11,6.067026
3.4658,4.7244,0.5,26.11,27.04,25.36,84.0,4.24,44.2,100.99,26.7,23.2,24.66,2.4984,1.8401,0.98,2024-06-12,8.03989
4.3351,4.7962,0.63,26.09,26.99,25.52,83.16,3.18,71.8,100.91,26.81,23.01,24.55,5.3899,1.3346,0.22,2024-06-13,2.920153
4.309,4.8012,0.63,26.74,28.3,25.54,85.77,2.22,21.7,100.83,27.21,24.16,25.45,5.7979,1.0574,1.01,2024-06-14,5.2846403
2.4038,4.7218,0.35,26.24,27.15,25.38,86.3,4.12,135.8,101.07,26.99,23.78,25.01,1.2415,1.6085,1.67,2024-06-15,4.641937
2.731,4.6358,0.4,26.61,27.4,25.76,86.15,3.16,78.6,101.22,26.83,24.11,25.37,0.8153,1.777,6.05,2024-06-16,5.7526536
3.2074,4.6349,0.47,26.21,26.63,25.78,89.79,4.56,73.6,101.11,26.71,24.42,25.31,1.7976,1.9471,3.35,2024-06-17,5.9406915
4.2996,4.6937,0.63,26.62,27.6,25.87,88.6,3.5,62.4,101.07,27.19,24.59,25.6,5.4809,1.0805,1.33,2024-06-18,2.581089
4.6529,4.7462,0.68,26.52,27.5,25.76,87.91,3.52,102.4,100.95,27.21,24.36,25.44,6.4745,0.9775,2.17,2024-06-19,3.1065924
4.4215,4.7028,0.64,26.33,27.1,25.28,86.24,3.23,134.8,100.91,27.37,23.86,25.09,5.9698,0.9924,2.07,2024-06-20,2.2892408
3.3665,4.8096,0.49,25.23,26.16,23.9,81.9,7.39,156.3,101.08,26.46,21.9,23.56,3.5064,1.471,3.63,2024-06-21,5.0632634
3.791,4.9723,0.55,24.3,25.43,23.35,73.36,6.94,136.0,101.24,25.85,19.23,21.76,4.7244,1.4774,0.1,2024-06-22,6.140013
3.9324,4.8958,0.57,24.52,25.37,23.76,73.95,7.02,103.2,101.29,25.83,19.59,22.06,4.7155,1.4225,0.19,2024-06-23,6.15627
3.6756,4.824,0.54,25.22,26.2,24.19,75.4,5.67,80.1,101.4,26.09,20.58,22.9,3.8765,1.507,0.19,2024-06-24,11.957596
4.1429,4.7575,0.6,25.37,26.34,24.45,77.01,4.44,96.7,101.42,26.19,21.06,23.21,5.214,1.3903,0.32,2024-06-25,5.819743
4.2612,4.7873,0.62,24.97,26.32,24.11,80.68,4.81,123.5,101.34,26.19,21.43,23.2,5.4624,1.2271,0.65,2024-06-26,5.1125684
3.4406,4.7666,0.5,24.91,25.56,24.19,81.65,5.88,121.3,101.28,26.04,21.58,23.24,4.1561,1.2648,3.09,2024-06-27,6.001656
2.4953,4.7326,0.36,25.34,26.19,24.68,80.96,4.8,108.7,101.24,26.16,21.85,23.6,2.0182,1.5082,5.95,2024-06-28,5.0385437
3.0763,4.6474,0.45,25.56,26.39,24.87,83.03,3.43,129.2,101.2,26.33,22.47,24.01,3.2059,1.3241,6.93,2024-06-29,5.2762914
3.6662,4.7462,0.53,24.85,25.78,24.25,84.17,7.9,140.1,101.25,26.05,22.0,23.42,3.2554,1.6757,4.46,2024-06-30,4.448218
4.381,4.9968,0.63,24.73,25.81,23.78,75.99,7.47,119.3,101.4,25.77,20.21,22.47,5.3638,1.4141,0.11,2024-07-01,5.0069532
4.3056,4.8898,0.62,25.54,26.55,24.58,80.03,6.08,102.7,101.4,26.08,21.86,23.7,5.3225,1.2998,1.18,2024-07-02,7.467705
2.7014,4.7657,0.39,25.79,26.72,25.13,83.49,6.7,98.1,101.36,26.21,22.79,24.29,1.6867,1.7098,3.17,2024-07-03,6.271094
4.602,4.8238,0.66,25.98,26.83,25.31,83.23,5.59,94.6,101.16,26.3,22.91,24.44,5.9047,1.1638,0.08,2024-07-04,4.1496835
4.5269,4.7854,0.65,26.44,27.5,25.5,83.05,3.91,49.8,100.93,26.63,23.32,24.88,5.8478,1.1155,0.7,2024-07-05,6.456105
2.1194,4.7292,0.3,24.96,25.79,23.57,85.62,6.0,199.6,100.79,25.99,22.39,23.68,0.6226,1.5118,6.2,2024-07-06,6.290776
2.4202,4.759,0.35,23.81,24.56,23.36,75.78,8.24,149.0,101.07,25.31,19.28,21.55,1.4393,1.4446,1.75,2024-07-07,9.908589
2.8541,4.8343,0.41,23.81,24.69,23.05,69.85,9.06,126.8,101.45,25.13,17.99,20.9,2.3069,1.5238,0.22,2024-07-08,7.677812
3.2446,4.9051,0.46,24.26,24.95,23.37,72.41,9.12,112.0,101.48,25.21,19.0,21.63,2.5939,1.873,0.2,2024-07-09,8.98018
2.4127,4.7719,0.34,24.88,25.78,24.22,76.59,9.66,115.1,101.37,25.41,20.5,22.69,2.5399,1.5274,2.05,2024-07-10,9.421058
