solar_all_sky_kwh_m2_day,solar_clear_sky_kwh_m2_day,clearness_index,temperature_mean_c,temperature_max_c,temperature_min_c,relative_humidity_pct,wind_speed_10m_m_s,wind_direction_10m_deg,surface_pressure_kpa,TS,T2MDEW,T2MWET,ALLSKY_SFC_SW_DNI,ALLSKY_SFC_SW_DIFF,precipitation_mm,date,pm25_ug_m3,year,month,day_of_week,day_of_year,wet_season,pm25_lag_1,pm25_lag_2,pm25_lag_3,pm25_lag_7,pm25_lag_14,temperature_mean_c_lag_1,relative_humidity_pct_lag_1,precipitation_mm_lag_1,wind_speed_10m_m_s_lag_1,solar_all_sky_kwh_m2_day_lag_1,pm25_rolling_mean_3,pm25_rolling_std_3,pm25_rolling_mean_7,pm25_rolling_std_7,pm25_rolling_mean_14,pm25_rolling_std_14,dry_day,solar_clear_sky_ratio,target_pm25_next_day
7.3608,8.197,0.64,28.12,28.9,27.29,83.51,4.56,39.1,100.74,28.77,25.07,26.59,6.2839,2.3153,3.4,2021-01-15,3.4836986,2021,1,4,15,1,6.51098,6.8609295,6.189083,6.024031,6.255171,27.92,83.96,2.66,4.01,6.2544,6.520330905914307,0.33602078898515014,6.393657888684954,0.6405454870755337,6.778212998594556,3.042146270224207,0,0.8979870684396731,4.9836617
7.0231,8.1648,0.61,28.15,28.95,27.35,80.86,4.35,26.9,100.79,28.59,24.55,26.35,6.4834,2.1252,16.23,2021-01-16,4.9836617,2021,1,5,16,1,3.4836986,6.51098,6.8609295,5.3527493,9.44728,28.12,83.51,3.4,4.56,7.3608,5.618536074956258,1.8570849202970239,6.0307532378605435,1.282649064377259,6.580250697476523,3.1664358272699404,0,0.8601680384087792,4.9729323
6.762,8.1499,0.59,27.85,28.28,27.3,80.98,2.96,65.3,100.9,28.83,24.3,26.07,6.7418,2.2195,12.57,2021-01-17,4.9729323,2021,1,6,17,1,4.9836617,3.4836986,6.51098,6.441617,13.898806,28.15,80.86,16.23,4.35,7.0231,4.992780129114787,1.5136613605662175,5.97802642413548,1.322143614916769,6.261420820440565,3.0790634330356745,0,0.8297034319439501,4.790714
7.2533,8.1566,0.63,28.09,28.76,27.49,77.54,2.2,70.2,100.92,29.13,23.8,25.94,7.1179,2.0105,4.03,2021-01-18,4.790714,2021,1,0,18,1,4.9729323,4.9836617,3.4836986,7.376215,10.430398,27.85,80.98,12.57,2.96,6.762,4.480097532272339,0.8629234577946845,5.768214327948434,1.3524996924346884,5.623858443328312,2.1641833803965125,0,0.8892553269744747,6.5209637
7.063,8.171,0.61,28.12,28.96,27.5,79.21,2.97,95.2,100.94,29.22,24.19,26.16,7.2106,1.9166,1.56,2021-01-19,6.5209637,2021,1,1,19,1,4.790714,4.9729323,4.9836617,6.189083,5.931973,28.09,77.54,4.03,2.2,7.2533,4.915769259134929,0.10843400231102816,5.398857014519828,1.1825396357180336,5.221023857593536,1.6688875597729154,0,0.8643984824378901,1.2944028
6.7212,8.1574,0.59,28.04,28.89,26.97,80.76,2.55,23.9,100.77,29.55,24.44,26.24,5.4946,2.1739,2.66,2021-01-20,1.2944028,2021,1,2,20,1,6.5209637,4.790714,4.9729323,6.8609295,2.6623645,28.12,79.21,1.56,2.97,7.063,5.428203264872233,0.9507338615366764,5.4462685244424005,1.2253796051166328,5.263094621045249,1.695401688338605,0,0.8239390001716231,3.4601727
5.5457,8.0885,0.48,28.65,29.38,27.89,80.18,3.85,325.1,100.6,29.41,24.91,26.78,2.689,2.7156,7.24,2021-01-21,3.4601727,2021,1,3,21,1,1.2944028,6.5209637,4.790714,6.51098,1.5133849,28.04,80.76,2.66,2.55,6.7212,4.202026764551799,2.6625455560586144,4.651050431387765,1.8174822964036408,5.1653830749647955,1.8855744090035922,0,0.6856277430920443,3.6085765
4.8907,8.1046,0.43,28.1,28.84,27.36,82.77,2.16,340.5,100.62,29.34,24.91,26.51,1.2384,3.264,10.94,2021-01-22,3.6085765,2021,1,4,22,1,3.4601727,1.2944028,6.5209637,3.4836986,6.024031,28.65,80.18,7.24,3.85,5.5457,3.7585130532582602,2.626021663267389,4.215220791952951,1.6557309798495057,5.304439340318952,1.6529698270162805,0,0.6034474249191817,5.1680403
4.5775,8.1122,0.4,28.31,29.03,27.56,81.77,3.46,34.5,100.66,29.21,24.91,26.61,1.4424,3.0485,6.58,2021-01-23,5.1680403,2021,1,5,23,1,3.6085765,3.4601727,1.2944028,4.9836617,5.3527493,28.1,82.77,10.94,2.16,4.8907,2.787717342376709,1.2953752681790391,4.233060496194022,1.647186248612549,5.131906867027283,1.6975415285922395,0,0.5642735632750672,4.686214
4.3567,8.0081,0.38,27.36,27.75,26.91,84.65,3.93,66.5,100.53,28.86,24.57,25.97,0.3187,3.1334,26.82,2021-01-24,4.686214,2021,1,6,24,1,5.1680403,3.6085765,3.4601727,4.9729323,6.441617,28.31,81.77,6.58,3.46,4.5775,4.0789298216501875,0.9461115757430912,4.259400299617222,1.6625915424588515,5.118713361876352,1.6964104954669073,0,0.5440366628788351,3.8843987
5.964,8.0542,0.52,27.84,28.66,26.71,82.89,2.9,50.7,100.22,29.28,24.68,26.26,1.8094,3.787,19.84,2021-01-25,3.8843987,2021,1,0,25,1,4.686214,5.1680403,3.6085765,4.790714,7.376215,27.36,84.65,26.82,3.93,4.3567,4.487610260645549,0.7984762762311701,4.218440532684326,1.6455273644715618,4.99332743031638,1.655489474660906,0,0.7404832261428821,5.204239
6.4711,8.1494,0.57,28.26,29.36,27.27,80.88,3.35,25.6,99.99,29.5,24.68,26.47,4.631,3.0936,24.3,2021-01-26,5.204239,2021,1,1,26,1,3.8843987,4.686214,5.1680403,6.5209637,6.189083,27.84,82.89,19.84,2.9,5.964,4.5795509815216064,0.6484340130376014,4.088966948645456,1.6285630296719777,4.743911981582642,1.5269136073570715,0,0.794058458291408,11.414592
6.2282,8.2123,0.55,28.85,30.07,27.69,83.37,5.1,319.7,99.79,29.3,25.75,27.3,6.0756,3.0264,22.04,2021-01-27,11.414592,2021,1,2,27,1,5.204239,3.8843987,4.686214,1.2944028,6.8609295,28.26,80.88,24.3,3.35,6.4711,4.591617186864217,0.664985674424676,3.9008634090423584,1.353689287231829,4.6735659667423795,1.4770851903841489,0,0.7583989868855253,5.9117475
5.5399,8.2027,0.49,29.06,30.6,28.02,82.0,6.87,284.5,99.72,29.12,25.66,27.36,0.7594,3.9725,36.45,2021-01-28,5.9117475,2021,1,3,28,1,11.414592,5.204239,3.8843987,3.4601727,6.51098,28.85,83.37,22.04,5.1,6.2282,6.834409793217977,4.021075088975693,5.346604687826974,2.7696615516374345,4.99882755960737,2.279319856092931,0,0.6753751813427287,8.324207
2.8109,8.0683,0.25,28.11,28.94,27.36,85.34,10.09,318.7,99.75,28.56,25.43,26.77,0.3506,1.9447,88.58,2021-01-29,8.324207,2021,1,4,29,1,5.9117475,11.414592,5.204239,3.6085765,3.4836986,29.06,82.0,36.45,6.87,5.5399,7.51019271214803,3.399763404556557,5.696829659598214,2.6434922758362696,4.956025225775583,2.2542277522747605,0,0.3483881362864544,9.514125
5.3664,8.0705,0.47,28.0,28.47,27.55,87.41,11.55,17.0,99.66,28.51,25.73,26.86,2.0506,3.1003,72.26,2021-01-30,9.514125,2021,1,5,30,1,8.324207,5.9117475,11.414592,5.1680403,4.9836617,28.11,85.34,88.58,10.09,2.8109,8.550182183583578,2.7583731480888605,6.370491198131016,2.6234163980010567,5.301775847162519,2.3788062912868195,0,0.6649402143609442,9.288375
0.7505,7.9529,0.07,28.25,29.14,27.79,89.39,18.93,17.0,98.53,28.5,26.35,27.3,0.4788,0.4178,80.0,2021-01-31,9.288375,2021,1,6,31,1,9.514125,8.324207,5.9117475,4.686214,4.9729323,28.0,87.41,72.26,11.55,5.3664,7.916693210601807,1.8354377033547817,6.991360425949097,2.7997641520040792,5.62538036278316,2.6273701552481414,0,0.0943680921424889,6.8673105
5.2541,7.993,0.46,28.56,29.83,27.47,84.2,12.11,314.0,99.52,28.57,25.64,27.1,1.2744,3.7426,12.74,2021-02-01,6.8673105,2021,2,0,32,1,9.288375,9.514125,8.324207,3.8843987,4.790714,28.25,89.39,80.0,18.93,0.7505,9.042235692342123,0.6319923535724135,7.648811987468174,2.707057235760738,5.933626260076251,2.7928698256830478,0,0.6573376704616539,5.2197323
6.7541,8.1014,0.6,28.09,29.61,27.02,84.98,4.37,256.5,99.89,28.71,25.34,26.72,5.3942,2.7278,3.53,2021-02-02,5.2197323,2021,2,1,33,1,6.8673105,9.288375,9.514125,5.204239,6.5209637,28.56,84.2,12.74,12.11,5.2541,8.55660343170166,1.4673185265040711,8.074942248208183,2.2037007283904595,6.081954598426819,2.7826258138958297,0,0.8336954106697608,7.6697545
6.1222,7.9481,0.54,27.82,29.32,26.58,82.79,3.01,188.2,100.25,28.91,24.62,26.22,5.4394,2.3206,8.88,2021-02-03,7.6697545,2021,2,2,34,1,5.2197323,6.8673105,9.288375,11.414592,1.2944028,28.09,84.98,3.53,4.37,6.7541,7.125139236450195,2.0465385211287863,8.077155590057373,2.2003421432677515,5.989009499549866,2.7885595776736802,0,0.7702721405115688,5.4298325
4.1983,7.9142,0.37,27.73,28.76,27.18,84.01,1.82,178.0,100.37,28.55,24.78,26.25,0.9883,2.7622,15.41,2021-02-04,5.4298325,2021,2,3,35,1,7.6697545,5.2197323,6.8673105,5.9117475,3.4601727,27.82,82.79,8.88,3.01,6.1222,6.5855991045633955,1.2490689385489417,7.54217883518764,1.6367206871877333,6.4443917615073065,2.464692034731199,0,0.5304768643703722,5.9437256
5.351,7.8274,0.48,27.57,28.22,26.93,84.42,2.92,156.0,100.28,28.79,24.72,26.14,2.1437,3.4013,5.55,2021-02-05,5.9437256,2021,2,4,36,1,5.4298325,7.6697545,5.2197323,8.324207,3.6085765,27.73,84.01,15.41,1.82,4.1983,6.106439749399821,1.3579397225026861,7.473333835601807,1.7245120537416625,6.58508174760001,2.333993675774033,0,0.6836241919411299,5.3780622
3.8287,7.873,0.34,27.38,27.88,26.99,86.25,4.84,159.9,100.18,28.35,24.9,26.14,0.7438,2.5375,15.76,2021-02-06,5.3780622,2021,2,5,37,1,5.9437256,5.4298325,7.6697545,9.514125,5.1680403,27.57,84.42,5.55,2.92,5.351,6.3477708498636884,1.1733508108216428,7.133265018463135,1.7630389990600943,6.751878108297076,2.183506430394962,0,0.48630763368474533,4.324278
5.1288,7.9315,0.46,27.56,28.04,26.9,88.34,6.05,173.1,99.94,28.17,25.48,26.52,2.6923,2.8548,27.8,2021-02-07,4.324278,2021,2,6,38,1,5.3780622,5.9437256,5.4298325,9.288375,4.686214,27.38,86.25,15.76,4.84,3.8287,5.583873430887858,0.31271427659790296,6.542398929595947,1.5065536310274832,6.766879677772522,2.1724814133626777,0,0.6466368278383661,3.0839686
6.1742,7.9742,0.55,27.78,28.17,27.03,89.31,4.96,81.3,99.83,28.3,25.88,26.83,5.2747,2.2872,14.87,2021-02-08,3.0839686,2021,2,0,39,1,4.324278,5.3780622,5.9437256,6.8673105,3.8843987,27.56,88.34,27.8,6.05,5.1288,5.215355237325032,0.8218928752519978,5.833242212023054,1.1163614464171567,6.741027099745614,2.20111087641727,0,0.7742720272880038,4.9261217
6.1524,7.9522,0.55,28.03,29.3,26.76,86.81,6.88,261.7,99.83,28.24,25.63,26.83,2.9678,3.2054,7.21,2021-02-09,4.9261217,2021,2,1,40,1,3.0839686,4.324278,5.3780622,5.2197323,5.204239,27.78,89.31,14.87,4.96,6.1742,4.262102921803792,1.1483099169711422,5.292764799935477,1.4096083585463008,6.6838535240718295,2.289634594404555,0,0.7736726943487336,7.171046
7.3303,8.0678,0.66,28.63,29.9,27.4,79.96,5.29,299.5,100.33,28.76,24.81,26.72,6.2796,2.3779,5.42,2021-02-10,7.171046,2021,2,2,41,1,4.9261217,3.0839686,4.324278,7.6697545,11.414592,28.03,86.81,7.21,6.88,6.1524,4.111456076304118,0.939335842441424,5.250820432390485,1.416495231368862,6.663988011223929,2.3046171417347345,0,0.9085872232826793,3.7118893
4.1851,7.9226,0.38,28.24,29.39,27.23,82.15,4.69,324.5,100.64,28.58,24.9,26.57,1.6872,2.2774,12.48,2021-02-11,3.7118893,2021,2,3,42,1,7.171046,4.9261217,3.0839686,5.4298325,5.9117475,28.63,79.96,5.42,5.29,7.3303,5.060378710428874,2.0468435687671804,5.179576328822544,1.28057576404779,6.3608775820050925,1.8697797172352877,0,0.5282483023249943,8.641571
4.7938,7.8168,0.43,26.86,27.11,26.63,85.71,4.15,343.9,100.78,28.03,24.28,25.57,1.8233,2.6076,21.88,2021-02-12,8.641571,2021,2,4,43,1,3.7118893,7.171046,4.9261217,5.9437256,8.324207,28.24,82.15,12.48,4.69,4.1851,5.269685586293538,1.7549837741860295,4.934155872889927,1.3849852288360927,6.203744854245867,1.998436734967768,0,0.6132688568212057,5.2185383
4.0445,7.8067,0.36,27.04,27.38,26.52,86.53,4.74,38.6,100.84,28.03,24.62,25.83,0.2455,2.9222,10.86,2021-02-13,5.2185383,2021,2,5,44,1,8.641571,3.7118893,7.171046,5.3780622,9.514125,26.86,85.71,21.88,4.15,4.7938,6.508168697357178,2.5308091844652814,5.319562367030552,1.9661736781879298,6.226413692746844,2.0259505508313964,0,0.5180806230545557,6.7249
6.3614,7.8526,0.57,27.47,27.99,26.8,83.91,3.63,53.6,100.81,28.54,24.53,26.0,3.876,3.1798,7.41,2021-02-14,6.7249,2021,2,6,45,1,5.2185383,8.641571,3.7118893,4.324278,9.288375,27.04,86.53,10.86,4.74,4.0445,5.857332865397136,2.5261600296894873,5.29677322932652,1.9663071060749095,5.919586079461234,1.8027104959664189,0,0.8101011130071568,7.5593505
7.0716,7.8506,0.64,27.47,28.19,26.52,82.56,2.86,64.9,100.75,28.88,24.26,25.86,7.0901,1.7693,2.53,2021-02-15,7.5593505,2021,2,0,46,1,6.7249,5.2185383,8.641571,3.0839686,6.8673105,27.47,83.91,7.41,3.63,6.3614,6.861669699350993,1.7156100461616608,5.639719213758196,1.97773845502238,5.736480712890625,1.546145397708723,0,0.9007719155223805,4.773952
6.3103,7.7954,0.57,27.93,28.37,27.42,84.25,4.57,52.7,100.78,28.62,25.04,26.49,3.9264,3.0473,6.12,2021-02-16,4.773952,2021,2,1,47,1,7.5593505,6.7249,5.2185383,4.9261217,5.2197323,27.47,82.56,2.53,2.86,7.0716,6.500929514567058,1.186369441763152,6.279059478214809,1.7204906181573998,5.785912139075143,1.5953591908868916,0,0.8094902121764117,4.8012652
6.733,7.8965,0.61,28.07,28.85,27.36,81.8,5.42,61.1,100.87,28.85,24.68,26.37,4.525,3.0175,1.79,2021-02-17,4.8012652,2021,2,2,48,1,4.773952,7.5593505,6.7249,7.171046,7.6697545,27.93,84.25,6.12,4.57,6.3103,6.352734088897705,1.4295074842926865,6.257320949009487,1.7412700229279938,5.754070690699986,1.6118916673435446,0,0.8526562401063762,4.9819846
6.5045,7.9102,0.59,27.92,28.66,27.23,81.31,4.2,93.3,100.93,28.91,24.44,26.18,4.1292,3.491,1.44,2021-02-18,4.9819846,2021,2,3,49,1,4.8012652,4.773952,7.5593505,3.7118893,5.4298325,28.07,81.8,1.79,5.42,6.733,5.711522579193115,1.6003241845682754,5.918780871800014,1.7642310520834725,5.549178600311279,1.5298766843936615,0,0.8222927359611641,5.235208
6.822,7.8137,0.62,27.39,28.29,26.72,83.08,4.02,119.4,100.9,28.97,24.28,25.84,5.5222,2.4586,0.41,2021-02-19,5.235208,2021,2,4,50,1,4.9819846,4.8012652,4.773952,8.641571,5.9437256,27.92,81.31,1.44,4.2,6.5045,4.852400620778401,0.11305092612845344,6.100223064422607,1.5519791137250265,5.517189468656268,1.5372286240626538,1,0.8730818946209863,5.617146
6.4102,7.7292,0.59,27.25,27.63,26.8,84.13,4.4,115.5,100.81,28.52,24.36,25.81,5.0585,2.3098,4.73,2021-02-20,5.617146,2021,2,5,51,1,5.235208,4.9819846,4.8012652,5.2185383,5.3780622,27.39,83.08,0.41,4.02,6.822,5.006152629852295,0.21797857001153723,5.61359977722168,1.0865864665000484,5.466581072126116,1.5337650378411978,0,0.8293484448584588,8.569181
3.4358,7.6553,0.32,27.4,28.3,26.66,82.27,7.78,110.8,100.67,28.35,24.12,25.76,0.5064,2.3174,22.49,2021-02-21,8.569181,2021,2,6,52,1,5.617146,5.235208,4.9819846,6.7249,4.324278,27.25,84.13,4.73,4.4,6.4102,5.278112888336182,0.3197469637434094,5.670543738773891,1.072789322622806,5.483658484050205,1.5340346193784047,0,0.4488132405000457,10.718573
6.6804,7.7938,0.61,27.33,28.06,26.75,79.03,8.35,114.6,100.55,28.19,23.39,25.36,5.7149,2.4511,2.38,2021-02-22,10.718573,2021,2,0,53,1,8.569181,5.617146,5.235208,7.5593505,3.0839686,27.4,82.27,22.49,7.78,3.4358,6.47384516398112,1.8246355100600575,5.93401254926409,1.5116097811965434,5.786865881511143,1.6979990746606877,0,0.8571428571428571,9.051022
6.9823,7.8895,0.64,27.72,28.67,26.93,77.9,7.54,112.7,100.41,28.33,23.52,25.62,6.4255,2.58,3.0,2021-02-23,9.051022,2021,2,1,54,1,10.718573,8.569181,5.617146,4.773952,4.9261217,27.33,79.03,2.38,8.35,6.6804,8.301633358001709,2.5612154976565673,6.38532999583653,2.3285998774251904,6.332194737025669,1.9677069653255284,0,0.8850117244438812,6.3164334
6.5539,7.8636,0.61,27.58,28.3,26.97,78.38,6.38,120.8,100.36,28.46,23.5,25.54,6.0727,2.9191,0.76,2021-02-24,6.3164334,2021,2,2,55,1,9.051022,10.718573,8.569181,4.8012652,7.171046,27.72,77.9,3.0,7.54,6.9823,9.446258544921875,1.127887317643952,6.996339934212821,2.3954924650098666,6.626830441611154,2.048150279336838,1,0.8334477847296403,6.241784
6.605,7.8084,0.61,27.44,28.27,26.72,78.61,5.76,110.1,100.36,28.51,23.41,25.43,5.9842,2.1127,3.2,2021-02-25,6.241784,2021,2,3,56,1,6.3164334,9.051022,10.718573,4.9819846,3.7118893,27.58,78.38,0.76,6.38,6.5539,8.695342540740967,2.2225183997379485,7.212792532784598,2.2265916684455607,6.565786702292306,2.0434127111363054,0,0.8458839198811537,3.6366644
6.6554,7.6819,0.62,26.36,27.39,24.96,80.15,5.6,92.8,100.28,27.77,22.67,24.51,6.1147,1.9562,8.22,2021-02-26,3.6366644,2021,2,4,57,1,6.241784,6.3164334,9.051022,5.235208,8.641571,27.44,78.61,3.2,5.76,6.605,7.203079700469971,1.6007998038692108,7.392763887132917,2.060982304202453,6.746493475777762,1.8766795470550202,0,0.8663742042984158,5.697146
4.3354,7.7179,0.4,26.72,27.91,24.95,84.67,8.36,355.1,100.24,27.59,23.95,25.34,1.4047,2.4502,11.39,2021-02-27,5.697146,2021,2,5,58,1,3.6366644,6.241784,6.3164334,5.617146,5.2185383,26.36,80.15,8.22,5.6,6.6554,5.398293972015381,1.5260724810599444,7.164400509425572,2.4004886896362696,6.389000143323626,1.9626421904006877,0,0.5617331139299551,4.847976
4.6726,7.6392,0.44,27.29,28.01,26.58,87.33,8.98,342.2,100.25,27.83,25.01,26.15,1.1657,3.0667,29.27,2021-02-28,4.847976,2021,2,6,59,1,5.697146,3.6366644,6.241784,8.569181,6.7249,26.72,84.67,11.39,8.36,4.3354,5.191864808400472,1.3740974984383398,7.175829069955008,2.392070264967964,6.42318640436445,1.9447731971503255,0,0.6116609069012462,7.558011
2.214,7.5451,0.21,27.69,28.82,27.05,83.89,10.91,354.1,100.43,27.93,24.73,26.21,0.1394,1.5898,15.25,2021-03-01,7.558011,2021,3,0,60,1,4.847976,5.697146,3.6366644,10.718573,7.5593505,27.29,87.33,29.27,8.98,4.6726,4.727262179056804,1.0355312454340782,6.644228322165353,2.44374281054882,6.289120435714722,1.9866183266000332,0,0.2934354746789307,9.090158
2.8622,7.41,0.27,27.96,29.08,27.15,79.48,9.66,347.4,100.59,28.1,24.09,26.03,0.4303,1.8269,9.42,2021-03-02,9.090158,2021,3,1,61,1,7.558011,4.847976,5.697146,9.051022,4.773952,27.69,83.89,15.25,10.91,2.214,6.034377733866374,1.3861335364985308,6.192719527653286,1.7625251609272383,6.2890247617449075,1.9865524788488216,0,0.3862618083670715,6.9238515
3.911,7.4458,0.37,27.85,28.91,27.08,78.62,7.09,338.0,100.78,28.18,23.8,25.83,0.6917,2.4809,4.7,2021-03-03,6.9238515,2021,3,2,62,1,9.090158,7.558011,4.847976,6.3164334,4.8012652,27.96,79.48,9.42,9.66,2.8622,7.165381908416748,2.1481726666569814,6.198310511452811,1.7731334141310326,6.597325222832816,2.066645291360433,0,0.5252625641301136,6.707818
5.7989,7.4364,0.55,27.93,29.32,26.78,78.3,4.61,349.2,100.76,28.48,23.81,25.87,3.8765,2.4386,5.32,2021-03-04,6.707818,2021,3,3,63,1,6.9238515,9.090158,7.558011,6.241784,4.9819846,27.85,78.62,4.7,7.09,3.911,7.857340335845947,1.113741437031771,6.285084520067487,1.794610506192186,6.748938526426043,2.0015815191332975,0,0.7797993652842773,5.048747
5.9971,7.4338,0.57,27.9,29.0,26.89,80.42,5.28,345.3,100.78,28.23,24.23,26.07,3.0379,3.4327,6.2,2021-03-05,5.048747,2021,3,4,64,1,6.707818,6.9238515,9.090158,3.6366644,5.235208,27.93,78.3,5.32,4.61,5.7989,7.5739426612854,1.317516747812211,6.351660796574184,1.8013681422852474,6.87221234185355,1.9364735238562907,0,0.8067341063789717,5.6894116
6.161,7.3493,0.59,28.23,29.39,27.34,80.01,5.96,343.1,100.76,28.49,24.46,26.34,4.4899,2.5495,1.26,2021-03-06,5.6894116,2021,3,5,65,1,5.048747,6.707818,6.9238515,5.697146,5.617146,27.9,80.42,6.2,5.28,5.9971,6.226805528004964,1.0259307601431427,6.553386892591204,1.5006158676165222,6.858893701008388,1.9491979677477242,0,0.8383111316724041,8.386607
5.8788,7.4028,0.56,28.44,29.73,27.28,80.75,4.33,310.7,100.82,28.69,24.81,26.62,4.3814,2.3098,5.57,2021-03-07,8.386607,2021,3,6,66,1,5.6894116,5.048747,6.707818,4.847976,8.569181,28.23,80.01,1.26,5.96,6.161,5.815325578053792,0.8366718948020034,6.552281992776053,1.501354056244285,6.864055531365531,1.945749277855442,0,0.7941319500729453,7.5946255
6.1313,7.314,0.59,27.17,27.73,26.57,83.46,2.52,196.2,100.9,28.59,24.14,25.65,5.5128,2.3222,21.11,2021-03-08,7.5946255,2021,3,0,67,1,8.386607,5.6894116,5.048747,7.558011,10.718573,28.44,80.75,5.57,4.33,5.8788,6.374921957651774,1.771375403666005,7.057800701686314,1.4256945970912462,6.851014511925833,1.9340183645131637,0,0.8382964178288215,7.305758
3.5318,7.2948,0.34,26.43,26.87,26.04,83.45,6.84,146.4,100.92,27.87,23.41,24.92,0.797,2.2716,20.65,2021-03-09,7.305758,2021,3,1,68,1,7.5946255,8.386607,5.6894116,9.090158,9.051022,27.17,83.46,21.11,2.52,6.1313,7.2235480944315595,1.386358448365881,7.063031332833426,1.4279011068756873,6.627875430243356,1.6058409806639264,0,0.48415309535559575,7.8909607
6.2282,7.4539,0.6,26.44,27.22,25.72,77.89,6.62,119.8,101.0,27.9,22.29,24.37,5.077,2.5486,1.48,2021-03-10,7.8909607,2021,3,2,69,1,7.305758,7.5946255,8.386607,6.9238515,6.3164334,26.43,83.45,20.65,6.84,3.5318,7.762330214182536,0.5596002078253574,6.808116980961391,1.1349164413670574,6.503213746207101,1.4648115750459034,0,0.8355625913951086,5.6181192
7.0901,7.4405,0.69,26.86,27.68,26.14,73.52,5.72,104.8,101.1,27.95,21.74,24.3,7.0922,1.8763,0.19,2021-03-11,5.6181192,2021,3,3,70,1,7.8909607,7.305758,7.5946255,6.707818,6.241784,26.44,77.89,1.48,6.62,6.2282,7.597114721934001,0.29260928816175535,6.9462754385811945,1.2078737300397646,6.615679979324341,1.5091419341790664,1,0.9529063906995497,5.938489
5.8618,7.3778,0.57,27.04,27.79,26.2,75.31,5.15,110.8,101.06,28.05,22.31,24.67,4.8888,2.2603,1.87,2021-03-12,5.938489,2021,3,4,71,1,5.6181192,7.8909607,7.305758,5.048747,3.6366644,26.86,73.52,0.19,5.72,7.0901,6.938279310862224,1.1801408848754313,6.790604182652065,1.3096599978698764,6.571132489613125,1.5300871895971115,0,0.7945186912087614,4.4151278
5.0191,7.2398,0.49,26.75,27.62,25.87,77.8,5.34,110.4,101.02,28.06,22.57,24.66,2.6417,2.5579,2.59,2021-03-13,4.4151278,2021,3,5,72,1,5.938489,5.6181192,7.8909607,5.6894116,5.697146,27.04,75.31,1.87,5.15,5.8618,6.482522964477539,1.230216166594353,6.917710168021066,1.1452946102307822,6.735548530306135,1.2963216133994904,0,0.6932650073206442,3.0541544
2.8452,7.1194,0.28,26.6,27.33,25.98,80.55,4.22,80.9,100.99,27.59,22.99,24.8,0.3497,1.9531,29.64,2021-03-14,3.0541544,2021,3,6,73,1,4.4151278,5.938489,5.6181192,8.386607,4.847976,26.75,77.8,2.59,5.34,5.0191,5.323911984761556,0.8031660928594914,6.7356696128845215,1.4371516148109618,6.643975802830288,1.4151521028377931,0,0.3996404191364441,4.3898325
2.8272,7.1136,0.28,26.32,26.96,25.77,83.0,3.34,10.0,100.94,27.6,23.22,24.77,0.1656,2.0726,33.97,2021-03-15,4.3898325,2021,3,0,74,1,3.0541544,4.4151278,5.938489,7.5946255,7.558011,26.6,80.55,29.64,4.22,2.8452,4.46925703684489,1.4429289497412765,5.9738906451634,1.7869078360852544,6.515845673424857,1.6517096441202601,0,0.3974358974358974,2.6512055
6.1474,7.2806,0.61,26.44,27.92,25.48,76.22,2.78,236.0,100.9,27.79,21.9,24.17,5.5752,1.8811,343.45,2021-03-16,2.6512055,2021,3,1,75,1,4.3898325,3.0541544,4.4151278,7.305758,9.090158,26.32,83.0,33.97,3.34,2.8272,3.953038215637207,0.7785589594507348,5.516063077109201,1.711405560211776,6.2895472049713135,1.7138070782731272,0,0.8443534873499438,0.5857856
7.0822,7.355,0.7,26.17,27.2,25.24,78.51,3.11,139.2,100.94,27.87,22.15,24.16,7.999,1.2922,49.35,2021-03-17,0.5857856,2021,3,2,76,1,2.6512055,4.3898325,3.0541544,7.8909607,6.9238515,26.44,76.22,343.45,2.78,6.1474,3.3650641441345215,0.9100574583159601,4.851127011435373,1.8019838578536864,5.829621996198382,1.7675585293321319,0,0.9629095853161115,1.3581029
6.6492,7.343,0.66,26.39,27.26,25.6,80.14,4.53,129.7,100.95,27.78,22.72,24.55,7.4666,1.5835,0.47,2021-03-18,1.3581029,2021,3,3,77,1,0.5857856,2.6512055,4.3898325,5.6181192,6.707818,26.17,78.51,49.35,3.11,7.0822,2.542274554570516,1.9043614718738036,3.807530573436192,1.8624253262373711,5.3769030060086935,2.219607378843983,1,0.9055154568977258,3.221686
6.7435,7.236,0.67,26.13,26.84,25.4,80.54,4.16,131.5,100.91,27.83,22.54,24.33,7.6027,1.5641,0.23,2021-03-19,3.221686,2021,3,4,78,1,1.3581029,0.5857856,2.6512055,5.938489,5.048747,26.39,80.14,0.47,4.53,6.6492,1.5316980282465618,1.043595371963002,3.1989568131310597,1.8681853470134353,4.994780497891562,2.4239464436098084,1,0.9319375345494749,6.2217965
6.4457,7.1158,0.65,26.41,27.45,25.5,77.25,3.15,144.7,100.81,27.99,22.12,24.27,6.0341,2.5022,0.02,2021-03-20,6.2217965,2021,3,5,79,1,3.221686,1.3581029,0.5857856,4.4151278,5.6894116,26.13,80.54,0.23,4.16,6.7435,1.7218581438064575,1.3550759913297294,2.8108420882906233,1.4365321607313557,4.864276128155844,2.4695721420664034,1,0.9058292813176312,7.066227
6.2969,7.0562,0.64,26.73,27.76,25.71,76.3,3.39,151.4,100.79,27.68,22.22,24.48,5.3678,2.4432,0.36,2021-03-21,7.066227,2021,3,6,80,1,6.2217965,3.221686,1.3581029,3.0541544,8.386607,26.41,77.25,0.02,3.15,6.4457,3.600528438886007,2.4538785842085185,3.0689376252038136,1.8697741546567346,4.902303619044168,2.487290664766344,1,0.8923925058813527,4.6699996
5.375,6.9775,0.54,27.21,28.38,26.42,75.98,2.13,205.2,100.8,27.98,22.6,24.9,3.0979,3.2134,1.27,2021-03-22,4.6699996,2021,3,0,81,1,7.066227,6.2217965,3.221686,4.3898325,7.5946255,26.73,76.3,0.36,3.39,6.2969,5.503236452738444,2.0204876725494163,3.642090848514012,2.403293000962131,4.807990746838706,2.3671413658934046,0,0.7703332139018273,5.877972
4.3646,6.9766,0.44,26.81,27.9,25.88,82.13,3.27,15.4,100.72,27.76,23.53,25.17,2.4667,2.9638,41.12,2021-03-23,5.877972,2021,3,1,82,1,4.6699996,7.066227,6.2217965,2.6512055,7.305758,27.21,75.98,1.27,2.13,5.375,5.9860076904296875,1.2153903350061321,3.6821147203445435,2.4200953475206033,4.599088898726872,2.22721637077398,0,0.6256055958489809,5.0144706
2.0148,6.8338,0.21,27.12,28.66,26.05,83.13,5.66,289.2,100.58,28.04,24.0,25.56,0.1769,1.4856,36.3,2021-03-24,5.0144706,2021,3,2,83,1,5.877972,4.6699996,7.066227,0.5857856,7.8909607,26.81,82.13,41.12,3.27,4.3646,5.871399561564128,1.1981272006269446,4.143081375530788,2.497090078253179,4.49710419348308,2.12404328284319,0,0.2948286458485762,8.305498
3.6401,6.9091,0.37,26.59,27.38,25.93,82.89,4.97,347.6,100.78,27.51,23.45,25.02,0.6665,2.5416,90.84,2021-03-25,8.305498,2021,3,3,84,1,5.0144706,5.877972,4.6699996,1.3581029,5.6181192,27.12,83.13,36.3,5.66,2.0148,5.187480767567952,0.6222931790507243,4.775750654084342,1.9457571937518434,4.291640613760267,1.8975423447809974,0,0.5268558857159399,4.289355
5.274,6.822,0.54,26.77,27.15,26.13,83.72,4.19,56.2,100.99,27.68,23.8,25.29,2.1677,3.0756,14.3,2021-03-26,4.289355,2021,3,4,85,1,8.305498,5.0144706,5.877972,3.221686,5.938489,26.59,82.89,90.84,4.97,3.6401,6.399313608805339,1.706330355845696,5.768235683441162,1.663302024740734,4.483596248286111,2.159848986793552,0,0.7730870712401056,3.6569147
4.9946,6.8138,0.52,27.48,28.19,26.86,82.71,5.72,93.8,100.96,28.11,24.29,25.88,4.0462,1.9992,2.43,2021-03-27,3.6569147,2021,3,5,86,1,4.289355,8.305498,5.0144706,6.2217965,4.4151278,26.77,83.72,14.3,4.19,5.274,5.869774500528972,2.1403295065452648,5.920759814126151,1.422367115936091,4.365800951208387,2.118981542065797,0,0.7330124159793361,5.25516
6.2434,6.791,0.65,27.44,28.06,26.83,84.24,6.38,95.5,100.85,28.04,24.56,26.0,6.492,1.6056,14.32,2021-03-28,5.25516,2021,3,6,87,1,3.6569147,4.289355,8.305498,7.066227,3.0541544,27.48,82.71,2.43,5.72,4.9946,5.417255878448486,2.5212006197558825,5.554348128182547,1.6448575504143446,4.31164287669318,2.1272969358495537,0,0.9193638639375644,5.78418
4.4527,6.7382,0.47,27.76,28.37,27.18,83.56,6.41,79.3,100.75,27.95,24.74,26.25,2.2942,2.3671,16.32,2021-03-29,5.78418,2021,3,0,88,1,5.25516,3.6569147,4.289355,4.6699996,4.3898325,27.44,84.24,14.32,6.38,6.2434,4.400476455688477,0.8048962054626383,5.295624256134033,1.5038011779192275,4.468857552324023,2.1084630921509007,0,0.6608144608352379,5.2067647
4.7498,6.732,0.5,27.82,28.38,27.35,84.71,6.33,90.0,100.63,28.0,25.03,26.43,2.6986,2.3234,4.92,2021-03-30,5.2067647,2021,3,1,89,1,5.78418,5.25516,3.6569147,5.877972,2.6512055,27.76,83.56,16.32,6.41,4.4527,4.898751576741536,1.107512854458572,5.4547929082598,1.4853981476318319,4.568453814302172,2.1371795349723532,0,0.7055555555555555,5.946216
4.8187,6.7205,0.51,27.98,28.75,27.27,83.74,5.85,80.2,100.61,28.12,24.99,26.49,3.3514,2.3083,20.87,2021-03-31,5.946216,2021,3,2,90,1,5.2067647,5.78418,5.25516,5.0144706,0.5857856,27.82,84.71,4.92,6.33,4.7498,5.41536823908488,0.32031578162510027,5.358906132834298,1.475156679178818,4.750993754182543,2.0688733642301074,0,0.7170151030429283,7.1354833
4.9702,6.7063,0.53,28.07,28.69,27.53,83.77,6.17,88.7,100.69,28.07,25.08,26.58,2.0674,3.1572,12.99,2021-04-01,7.1354833,2021,4,3,91,1,5.946216,5.2067647,5.78418,8.305498,1.3581029,27.98,83.74,20.87,5.85,4.8187,5.645720322926839,0.3886842447329428,5.492012637002127,1.480923086664889,5.133881645543235,1.7022662444863839,0,0.7411240177146863,8.102632
4.9867,6.6833,0.53,28.01,28.72,27.3,83.95,5.61,93.6,100.8,28.28,25.06,26.54,1.6668,3.4759,5.34,2021-04-02,8.102632,2021,4,4,92,1,7.1354833,5.946216,5.2067647,4.289355,3.221686,28.07,83.77,12.99,6.17,4.9702,6.096154689788818,0.9730621828326674,5.32486765725272,1.136407508032951,5.5465516703469415,1.3877482348195844,0,0.746143372286146,8.1355295
4.0596,6.6228,0.43,27.96,28.74,27.35,82.31,4.88,106.0,100.81,28.34,24.67,26.31,0.4445,2.927,5.3,2021-04-03,8.1355295,2021,4,5,93,1,8.102632,7.1354833,5.946216,3.6569147,6.2217965,28.01,83.95,5.34,5.61,4.9867,7.06144364674886,1.0801126378833026,5.869621481214251,1.4326502549842852,5.8951906476702005,1.3717715313654886,0,0.6129733647399891,6.5878396
2.3762,6.5102,0.26,26.82,27.55,25.75,85.72,5.75,140.3,100.75,27.61,24.25,25.54,0.1058,1.7832,18.45,2021-04-04,6.5878396,2021,4,6,94,1,8.1355295,8.102632,7.1354833,5.25516,7.066227,27.96,82.31,5.3,4.88,4.0596,7.791214783986409,0.5681183306191645,6.50942359651838,1.2706796916214502,6.031885862350464,1.4965008279543441,0,0.36499646708242445,4.839869
5.7074,6.7394,0.62,26.12,26.75,25.63,80.38,7.23,138.1,100.84,27.39,22.49,24.31,4.7954,2.2944,4.53,2021-04-05,4.839869,2021,4,0,95,1,6.5878396,8.1355295,8.102632,5.78418,4.6699996,26.82,85.72,18.45,5.75,2.3762,7.608666896820068,0.8842153815515437,6.699806417737689,1.1450628424137428,5.997715336935861,1.4763928957769337,0,0.8468706413033801,3.3481982
6.5503,6.7807,0.71,26.3,27.11,25.52,73.93,5.54,131.4,100.95,27.41,21.29,23.8,7.5576,1.247,0.15,2021-04-06,3.3481982,2021,4,1,96,1,4.839869,6.5878396,8.1355295,5.2067647,5.877972,26.12,80.38,4.53,7.23,5.7074,6.521079381306966,1.6488442077006242,6.564904826028006,1.3140662135214962,6.009848867143903,1.4652982281889826,1,0.9660212072499889,3.6387746
5.8642,6.7411,0.64,25.96,26.8,25.26,77.67,4.76,136.5,100.88,27.52,21.77,23.86,6.5796,1.6198,0.01,2021-04-07,3.6387746,2021,4,2,97,1,3.3481982,4.839869,6.5878396,5.946216,5.0144706,26.3,73.93,0.15,5.54,6.5503,4.925302267074585,1.6215095667214006,6.299395322799683,1.7497528432942397,5.82915072781699,1.629585911347249,1,0.8699173725356396,1.2719071
5.4907,6.6163,0.6,25.63,26.47,24.9,80.13,4.54,125.1,100.89,27.47,21.95,23.79,5.3321,1.9234,0.26,2021-04-08,1.2719071,2021,4,3,98,1,3.6387746,3.3481982,4.839869,7.1354833,8.305498,25.96,77.67,0.01,4.76,5.8642,3.9422806104024253,0.7907954144123995,5.969760826655796,2.023337369393136,5.730886731828962,1.721381722707066,1,0.8298747033840667,2.8197854
4.3274,6.456,0.48,25.96,26.72,25.13,82.62,4.12,112.9,100.84,27.62,22.79,24.38,3.839,1.9046,5.5,2021-04-09,2.8197854,2021,4,4,99,1,1.2719071,3.6387746,3.3481982,8.102632,4.289355,25.63,80.13,0.26,4.54,5.4907,2.752959966659546,1.2908318575804245,5.132107087544033,2.593666615462037,5.2284873723983765,1.9263600480055656,0,0.6702912019826518,7.0712643
4.8566,6.3389,0.54,26.8,27.78,25.59,84.24,4.17,63.5,100.84,27.84,23.94,25.37,4.5679,1.8206,4.73,2021-04-10,7.0712643,2021,4,5,100,1,2.8197854,1.2719071,3.6387746,8.1355295,3.6569147,25.96,82.62,5.5,4.12,4.3274,2.576822360356649,1.2019936579650323,4.377414771488735,2.341599585858464,5.123518126351493,2.0192693893416527,0,0.7661581662433546,4.946216
5.3986,6.2945,0.6,27.64,28.6,26.86,84.14,3.84,35.4,100.87,28.38,24.72,26.18,6.2993,1.669,0.85,2021-04-11,4.946216,2021,4,6,101,1,7.0712643,2.8197854,1.2719071,6.5878396,5.25516,26.8,84.24,4.73,4.17,4.8566,3.7209855715433755,3.0028748365309137,4.225376878465925,2.0764601983480135,5.367400237492153,2.0346408857206115,1,0.8576693939153229,2.0428176
6.1495,6.3538,0.69,26.96,27.47,26.09,85.44,4.55,92.0,100.86,28.23,24.33,25.64,7.057,1.243,1.04,2021-04-12,2.0428176,2021,4,0,102,1,4.946216,7.0712643,2.8197854,4.839869,5.78418,27.64,84.14,0.85,3.84,5.3986,4.945755243301392,2.1257394926914803,3.990859236036028,1.8449711436495844,5.3453328268868585,2.037625060253129,0,0.9678460134092984,2.0494256
6.1505,6.3739,0.69,26.68,27.67,25.79,78.12,3.76,119.8,100.79,28.0,22.55,24.62,6.7454,1.5518,0.13,2021-04-13,2.0494256,2021,4,1,103,1,2.0428176,4.946216,7.0712643,3.3481982,5.2067647,26.96,85.44,1.04,4.55,6.1495,4.686765988667806,2.52424340385131,3.591280460357666,1.931317226091193,5.078092643192837,2.213404686593986,1,0.9649508150425956,3.0955257
6.1637,6.2774,0.7,26.75,27.87,25.78,78.24,3.45,129.5,100.76,28.24,22.66,24.71,7.0742,1.3366,0.02,2021-04-14,3.0955257,2021,4,2,104,1,2.0494256,2.0428176,4.946216,3.6387746,5.946216,26.68,78.12,0.13,3.76,6.1505,3.012819766998291,1.6743736053816358,3.4057415212903703,2.0189589680711406,4.852568422045026,2.3555710575747444,1,0.9818874056137892,0.7748113
6.0353,6.2902,0.69,26.97,28.29,26.15,78.19,2.94,130.6,100.77,28.44,22.85,24.91,7.075,1.2262,1.94,2021-04-15,0.7748113,2021,4,3,105,1,3.0955257,2.0494256,2.0428176,1.2719071,7.1354833,26.75,78.24,0.02,3.45,6.1637,2.3959229787190757,0.6058827739718557,3.328134536743164,2.0189494536687382,4.648947681699481,2.3768752780385958,0,0.9594766462115674,1.8596537
5.0021,6.2323,0.57,26.88,27.69,26.09,81.22,4.36,113.0,100.92,28.3,23.41,25.14,4.9157,1.7849,2.72,2021-04-16,1.8596537,2021,4,4,106,1,0.7748113,3.0955257,2.0494256,2.8197854,8.102632,26.97,78.19,1.94,2.94,6.0353,1.9732542236646016,1.1622307890988028,3.2571208562169756,2.1100169384032292,4.194613971880504,2.4710660225575047,0,0.8026089886558735,0.80864733
5.1667,6.1822,0.59,27.1,27.81,26.36,77.48,3.51,113.6,100.92,28.41,22.83,24.97,5.4578,1.6548,1.58,2021-04-17,0.80864733,2021,4,5,107,1,1.8596537,0.7748113,3.0955257,7.0712643,8.1355295,26.88,81.22,2.72,4.36,5.0021,1.9099969267845154,1.1611759890228983,3.119959192616599,2.1734376653179117,3.748686982052667,2.2664051558838385,0,0.8357380867652292,3.5370533
4.3954,6.0905,0.51,27.35,28.3,26.51,79.17,4.17,107.6,100.93,28.46,23.43,25.39,5.123,1.5036,2.48,2021-04-18,3.5370533,2021,4,6,108,1,0.80864733,1.8596537,0.7748113,4.946216,6.5878396,27.1,77.48,1.58,3.51,5.1667,1.1477041244506836,0.6167984918316972,2.2252996308462962,1.4416095347673932,3.2253382546561107,2.0065399136112303,0,0.7216813069534522,4.8889675
4.6181,6.0331,0.54,27.32,27.95,26.65,83.03,5.61,93.0,101.06,28.07,24.2,25.76,4.5058,1.8276,3.69,2021-04-19,4.8889675,2021,4,0,109,1,3.5370533,0.80864733,1.8596537,2.0428176,4.839869,27.35,79.17,2.48,4.17,4.3954,2.068451464176178,1.37613488359883,2.023990665163313,1.0410781711448311,3.0074249505996704,1.7643167252030936,0,0.7654605426729211,4.026518
3.4757,6.0233,0.41,27.55,28.18,26.98,80.1,5.37,82.3,101.13,27.96,23.83,25.69,1.44,1.9354,2.99,2021-04-20,4.026518,2021,4,1,110,1,4.8889675,3.5370533,0.80864733,2.0494256,3.3481982,27.32,83.03,3.69,5.61,4.6181,3.0782227317492166,2.0784964136602873,2.430583511080061,1.502973510830102,3.0109319857188632,1.7682837081048965,0,0.5770424850165191,1.1923972
5.7756,6.0005,0.68,27.67,28.73,26.76,78.58,4.12,91.5,101.07,28.43,23.62,25.65,6.8602,1.1784,0.93,2021-04-21,1.1923972,2021,4,2,111,1,4.026518,4.8889675,3.5370533,3.0955257,3.6387746,27.55,80.1,2.99,5.37,3.4757,4.150846242904663,0.6844787342233637,2.7130252633775984,1.601920095879816,3.0593833923339844,1.7874252044372791,1,0.9625197900174985,4.2624464
5.1859,6.072,0.61,27.35,28.04,26.65,81.15,4.92,116.5,101.05,28.35,23.84,25.59,4.6771,2.3678,0.63,2021-04-22,4.2624464,2021,4,3,112,1,1.1923972,4.026518,4.8889675,0.7748113,1.2719071,27.67,78.58,0.93,4.12,5.7756,3.369294206301371,1.933937734199163,2.4411497626985823,1.6855007626683047,2.884642149720873,1.8450769270475673,1,0.8540678524374177,5.0120406
5.3066,5.9246,0.63,27.65,28.32,27.04,83.93,4.75,80.7,101.04,28.6,24.71,26.18,5.874,1.465,4.12,2021-04-23,5.0120406,2021,4,4,113,1,4.2624464,1.1923972,4.026518,1.8596537,2.8197854,27.35,81.15,0.63,4.92,5.1859,3.1604538361231485,1.708464413441153,2.9393833449908664,1.6252311466942717,3.098252100603921,1.8169000756644442,0,0.8956891604496507,5.2856493
5.2922,5.8982,0.63,27.54,28.27,26.87,82.23,3.57,97.3,101.07,28.65,24.25,25.89,6.5143,1.2977,5.98,2021-04-24,5.2856493,2021,4,5,114,1,5.0120406,4.2624464,1.1923972,0.80864733,7.0712643,27.65,83.93,4.12,4.75,5.3066,3.488961418469747,2.0238893622976195,3.3897243312426975,1.7106870321235788,3.254841761929648,1.8842749012745768,0,0.8972567902071819,5.5008726
5.0474,5.8373,0.6,27.43,28.1,26.77,79.79,3.38,90.4,101.03,28.52,23.65,25.54,6.0132,1.536,4.5,2021-04-25,5.5008726,2021,4,6,115,1,5.2856493,5.0120406,4.2624464,3.5370533,4.946216,27.54,82.23,5.98,3.57,5.2922,4.853378772735596,0.5297322218051895,4.029296040534973,1.392115294253323,3.1272978356906345,1.6522187627772524,0,0.8646805886283041,5.930794
4.8665,5.7778,0.59,27.54,28.25,26.83,77.43,3.3,68.4,100.87,28.09,23.25,25.39,3.8693,2.0962,3.73,2021-04-26,5.930794,2021,4,0,116,1,5.5008726,5.2856493,5.0120406,4.8889675,2.0428176,27.43,79.79,4.5,3.38,5.0474,5.26618750890096,0.24499643114988814,4.309841649872916,1.4719716832940364,3.166916157518114,1.7049964562147955,0,0.8422756066322822,4.958032
4.2756,5.6357,0.52,27.4,28.72,26.38,82.39,3.84,332.5,100.47,28.08,24.13,25.76,2.185,2.9146,11.39,2021-04-27,4.958032,2021,4,1,117,1,5.930794,5.5008726,5.2856493,4.026518,2.0494256,27.54,77.43,3.73,3.3,4.8665,5.572438557942708,0.3284723852399571,4.458673971039908,1.5883558261970443,3.4446287410599843,1.8205419697580543,0,0.7586635200596199,9.2510395
3.9514,5.729,0.48,27.42,28.61,26.53,81.23,2.23,188.4,100.36,28.4,23.9,25.66,0.8023,2.946,14.68,2021-04-28,9.2510395,2021,4,2,118,1,4.958032,5.930794,5.5008726,1.1923972,3.0955257,27.4,82.39,11.39,3.84,4.2756,5.46323283513387,0.4874719092359432,4.591747437204633,1.5851332870697927,3.652386350291116,1.8150304661707604,0,0.6897189736428696,8.192295
4.7664,5.6957,0.58,27.01,27.59,26.26,86.72,6.81,172.9,100.63,28.09,24.61,25.81,3.9466,2.3273,2.46,2021-04-29,8.192295,2021,4,3,119,1,9.2510395,4.958032,5.930794,4.2624464,0.7748113,27.42,81.23,14.68,2.23,3.9514,6.713288466135661,2.2509334839469677,5.742982046944754,1.6305376479479836,4.092065904821668,2.339538622669388,0,0.8368418280457186,5.039123
3.899,5.6626,0.48,27.23,28.16,26.24,84.67,5.19,174.2,100.96,28.11,24.44,25.84,1.5701,2.4062,26.9,2021-04-30,5.039123,2021,4,4,120,1,8.192295,9.2510395,4.958032,5.0120406,1.8596537,27.01,86.72,2.46,6.81,4.7664,7.467122236887614,2.2364893943777395,6.304388999938965,1.710400648748346,4.621886172464916,2.370207726355158,0,0.6885529615371031,4.880377
2.6436,5.4816,0.33,27.29,27.86,26.78,83.87,3.17,86.0,101.07,27.89,24.35,25.82,0.3439,1.8725,60.25,2021-05-01,4.880377,2021,5,5,121,0,5.039123,8.192295,9.2510395,5.2856493,0.80864733,27.23,84.67,26.9,5.19,3.899,7.494152545928955,2.191029958963683,6.308257920401437,1.707017430627371,4.848991125822067,2.233565377988156,0,0.48226795096322245,8.366364
1.5744,5.4655,0.2,26.63,26.85,26.27,83.41,8.17,121.3,101.1,27.37,23.6,25.12,0.0809,1.1962,72.49,2021-05-02,8.366364,2021,5,6,122,0,4.880377,5.039123,8.192295,5.5008726,3.5370533,27.29,83.87,60.25,3.17,2.6436,6.037264982859294,1.8679978892296876,6.250361851283482,1.7537152669240572,5.139828945909228,1.908422224982334,0,0.2880614765346263,6.261317
2.5966,5.5111,0.32,26.22,26.89,25.83,81.47,7.65,106.5,101.02,27.24,22.82,24.52,1.0106,1.5288,43.33,2021-05-03,6.261317,2021,5,0,123,0,8.366364,4.880377,5.039123,5.930794,4.8889675,26.63,83.41,72.49,8.17,1.5744,6.095287799835205,1.9684102229423928,6.659717696053641,1.8795312773909199,5.4847796729632785,2.0290721973755157,0,0.47115820798025804,5.4169645
3.2674,5.4708,0.41,25.95,26.23,25.57,82.64,5.94,67.1,100.97,27.15,22.79,24.37,1.1174,2.171,41.11,2021-05-04,5.4169645,2021,5,1,124,0,6.261317,8.366364,4.880377,4.958032,4.026518,26.22,81.47,43.33,7.65,2.5966,6.50268570582072,1.7554828552224828,6.706935269492013,1.8622394060646512,5.582804620265961,2.0312223498349247,0,0.5972435475615998,7.0756416
3.5695,5.3794,0.45,26.68,27.35,26.16,85.69,6.09,38.2,101.03,27.36,24.1,25.39,1.045,2.4329,14.7,2021-05-05,7.0756416,2021,5,2,125,0,5.4169645,6.261317,8.366364,9.2510395,1.1923972,25.95,82.64,41.11,5.94,3.2674,6.681548277537028,1.5189418991846884,6.7724970408848355,1.797353959347188,5.682122239044735,1.9826868653144492,0,0.6635498382719263,6.3517013
4.0721,5.4451,0.52,26.79,27.46,25.99,82.73,2.96,27.8,101.03,27.5,23.62,25.21,2.1715,2.7161,0.51,2021-05-06,6.3517013,2021,5,3,126,0,7.0756416,5.4169645,6.261317,8.192295,4.2624464,26.68,85.69,14.7,6.09,3.5695,6.251307646433513,0.8293838486899574,6.461725916181292,1.4523291973105463,6.102353981563023,1.529594047097167,1,0.7478466878477897,10.591635
4.4455,5.5486,0.57,26.76,27.71,25.64,84.87,7.35,128.6,101.04,27.61,24.02,25.39,5.1706,1.6152,5.92,2021-05-07,10.591635,2021,5,4,127,0,6.3517013,7.0756416,5.4169645,5.039123,5.0120406,26.79,82.73,0.51,2.96,4.0721,6.2814358075459795,0.8315680109126733,6.198783942631313,1.2375262305261208,6.251586471285139,1.4352883066404543,0,0.8011930937533792,14.501665
3.6934,5.4454,0.47,27.04,27.62,26.6,83.46,11.25,115.9,101.12,27.5,24.02,25.53,3.113,1.8166,11.16,2021-05-08,14.501665,2021,5,5,128,0,10.591635,6.3517013,7.0756416,4.880377,5.2856493,26.76,84.87,5.92,7.35,4.4455,8.006325880686441,2.2680143031858533,6.991999898638044,1.9466557224210967,6.650128909519741,1.7943613152448206,0,0.6782605501891504,14.784625
3.1553,5.4326,0.41,26.45,26.9,26.14,77.17,11.05,109.1,101.2,27.12,22.14,24.29,0.6922,2.2356,2.42,2021-05-09,14.784625,2021,5,6,129,0,14.501665,10.591635,6.3517013,8.366364,5.5008726,27.04,83.46,11.16,11.25,3.6934,10.481667041778564,4.076094624169076,8.366469655718122,3.200228138771593,7.308415753500802,2.711436705536947,0,0.5808084526745941,16.41038
3.5028,5.4598,0.45,26.74,27.31,26.23,74.79,10.23,101.1,101.1,26.93,21.91,24.32,2.0698,2.0887,2.36,2021-05-10,16.41038,2021,5,0,130,0,14.784625,14.501665,10.591635,6.261317,5.930794,26.45,77.17,2.42,11.05,3.1553,13.292641639709473,2.3434152947877362,9.283364159720284,4.015731789234908,7.971540927886963,3.3055287071192296,0,0.6415619619766292,13.261342
3.6924,5.3006,0.48,26.67,27.25,26.19,79.76,9.85,105.7,101.15,27.13,22.91,24.79,4.8194,1.9956,7.16,2021-05-11,13.261342,2021,5,1,131,0,16.41038,14.784625,14.501665,5.4169645,4.958032,26.74,74.79,2.36,10.23,3.5028,15.232223192850748,1.030075548331193,10.733230250222343,4.540620461322054,8.720082759857178,3.93455791795986,0,0.6966003848620911,8.01193
4.6322,5.4504,0.61,26.41,27.09,25.91,77.95,8.45,117.3,101.14,26.98,22.26,24.34,5.4958,1.47,3.88,2021-05-12,8.01193,2021,5,2,132,0,13.261342,16.41038,14.784625,7.0756416,9.2510395,26.67,79.76,7.16,9.85,3.6924,14.818782170613607,1.5747965287502448,11.853855609893799,3.937881510254938,9.313176325389318,3.9496355181194027,0,0.8498825774255101,7.7865963
4.7654,5.4682,0.63,26.05,26.76,25.55,73.4,6.76,110.9,101.1,26.76,20.93,23.49,5.2759,1.4198,2.07,2021-05-13,7.7865963,2021,5,3,133,0,8.01193,13.261342,16.41038,6.3517013,8.192295,26.41,77.95,3.88,8.45,4.6322,12.561217308044434,4.242772343165489,11.987611157553536,3.760436386532943,9.224668536867414,3.9649888780519476,0,0.8714750740645915,8.611874
3.1896,5.3172,0.42,26.29,26.98,25.78,76.08,5.75,82.6,101.05,26.79,21.75,24.02,0.8074,2.4156,0.96,2021-05-14,8.611874,2021,5,4,134,0,7.7865963,8.01193,13.261342,10.591635,5.039123,26.05,73.4,2.07,6.76,4.7654,9.686622937520346,3.0978470611601443,12.1925961630685,3.4262760252257367,9.195690052849907,3.9745854036536623,1,0.5998645903859174,5.80296
3.1356,5.2562,0.42,26.45,27.22,25.8,79.37,5.42,66.9,101.09,26.98,22.61,24.53,1.8348,1.8811,2.12,2021-05-15,5.80296,2021,5,5,135,0,8.611874,7.7865963,8.01193,14.501665,4.880377,26.29,76.08,0.96,5.75,3.1896,8.136800130208334,0.42657354824995575,11.90977314540318,3.654558314133233,9.450886522020612,3.797948006806853,0,0.5965526425935087,4.197478
4.0505,5.1794,0.54,26.81,27.47,26.17,86.74,5.65,73.3,101.1,27.34,24.44,25.62,4.3747,1.6692,2.92,2021-05-16,4.197478,2021,5,6,136,0,5.80296,8.611874,7.7865963,14.784625,8.366364,26.45,79.37,2.12,5.42,3.1356,7.400476614634196,1.4437158175731204,10.667100974491664,4.080449398380367,9.516785315104894,3.7197428594418684,0,0.7820403907788548,2.5222597
4.885,5.1938,0.65,26.87,27.54,26.24,86.01,5.04,84.1,101.18,27.54,24.35,25.61,6.313,1.0884,0.69,2021-05-17,2.5222597,2021,5,0,137,0,4.197478,5.80296,8.611874,16.41038,6.261317,26.81,86.74,2.92,5.65,4.0505,6.204103787740071,2.234370133303272,9.154651369367327,4.258127451371829,9.219007764543806,3.9768995616955887,1,0.940544495359852,4.7211585
5.0642,5.2838,0.68,26.76,27.75,25.96,81.86,5.32,106.6,101.1,27.55,23.39,25.08,6.5489,1.1316,1.06,2021-05-18,4.7211585,2021,5,1,138,0,2.5222597,4.197478,5.80296,13.261342,5.4169645,26.87,86.01,0.69,5.04,4.885,4.174232482910156,1.640473626986899,7.1706342697143555,3.4779941318711622,8.951932259968348,4.302989833125873,0,0.9584390022332411,4.629861
4.4923,5.1847,0.61,26.8,27.34,26.23,85.16,6.37,106.5,101.0,27.47,24.12,25.46,4.823,1.6109,9.53,2021-05-19,4.629861,2021,5,2,139,0,4.7211585,2.5222597,4.197478,8.01193,7.0756416,26.76,81.86,1.06,5.32,5.0642,3.813632011413574,1.1486044474997115,5.950608049120222,2.275324940586694,8.902231829507011,4.350713888526337,0,0.8664532181225528,5.320409
1.2386,5.0513,0.17,27.12,27.66,26.65,86.44,8.97,87.9,100.82,27.38,24.68,25.9,0.3744,0.8304,23.89,2021-05-20,5.320409,2021,5,3,140,0,4.629861,4.7211585,2.5222597,7.7865963,6.3517013,26.8,85.16,9.53,6.37,4.4923,3.957759698232015,1.2440172713965498,5.467455250876291,2.118328276075971,8.727533204214913,4.476972660868452,0,0.2452042048581553,4.983423
3.2467,5.0134,0.44,27.32,27.75,26.84,88.82,8.48,42.1,100.61,27.29,25.33,26.32,1.3118,2.0256,49.55,2021-05-21,4.983423,2021,5,4,141,0,5.320409,4.629861,4.7211585,8.611874,10.591635,27.12,86.44,23.89,8.97,1.2386,4.890476067860921,0.37512057179732894,5.115142754146031,1.8573380099358971,8.653869458607264,4.527273291688546,0,0.6476044201539873,7.7194643
2.677,5.0009,0.37,27.17,28.24,26.39,84.87,5.45,331.3,100.49,27.26,24.4,25.79,1.2106,1.5994,3.8,2021-05-22,7.7194643,2021,5,5,142,0,4.983423,5.320409,4.629861,5.80296,14.501665,27.32,88.82,49.55,8.48,3.2467,4.977897644042969,0.34530713073352576,4.596792697906494,1.0494159225015494,8.253282921654838,4.590301750496455,0,0.5353036453438381,5.1797853
2.1994,4.9901,0.3,26.35,27.83,24.81,84.59,3.11,249.0,100.59,27.26,23.55,24.95,1.2862,1.5545,17.36,2021-05-23,5.1797853,2021,5,6,143,0,7.7194643,4.983423,5.320409,4.197478,14.784625,27.17,84.87,3.8,5.45,2.677,6.007765452067058,1.4919197486629074,4.8705790383475165,1.5480723783217867,7.76884000641959,4.22336363608889,0,0.4407526903268471,3.8943853
3.6326,5.0117,0.5,24.91,25.6,24.25,80.15,4.77,188.1,100.81,26.53,21.25,23.08,2.6378,1.986,5.47,2021-05-24,3.8943853,2021,5,0,144,0,5.1797853,7.7194643,4.983423,2.5222597,16.41038,26.35,84.59,17.36,3.11,2.1994,5.960890928904216,1.5261306438745605,5.010908671787807,1.5211763495100759,7.082780020577567,3.7495730390140394,0,0.7248239120458128,5.1251163
1.6344,4.9085,0.23,23.68,24.96,22.21,77.88,4.92,204.1,100.88,25.83,19.59,21.64,0.2165,1.2228,1.97,2021-05-25,5.1251163,2021,5,1,145,0,3.8943853,5.1797853,7.7194643,4.7211585,13.261342,24.91,80.15,5.47,4.77,3.6326,5.597878297170003,1.9465119102409254,5.206926618303571,1.2019535752037505,6.188780444008963,2.6996200667214074,0,0.3329734134664358,5.2984743
4.6188,5.1631,0.64,22.93,24.32,20.97,74.43,4.16,270.0,100.92,25.71,18.12,20.52,5.8387,1.2216,1.67,2021-05-26,5.2984743,2021,5,2,146,0,5.1251163,3.8943853,5.1797853,4.629861,8.01193,23.68,77.88,1.97,4.92,1.6344,4.733095645904541,0.7268585886551596,5.264634881700788,1.184311680252988,5.607621465410505,1.778615356002539,0,0.8945788382948229,2.5044928
4.9286,5.2464,0.69,25.03,26.2,24.14,67.24,3.23,241.2,100.96,26.19,18.54,21.78,6.4519,1.2046,0.17,2021-05-27,2.5044928,2021,5,3,147,0,5.2984743,5.1251163,3.8943853,5.320409,7.7865963,22.93,74.43,1.67,4.16,4.6188,4.772658665974935,0.7655300615137253,5.360151086534772,1.1510798256018848,5.413803168705532,1.6388104584559788,1,0.9394251296126868,11.665733
4.211,5.0794,0.59,24.88,26.21,23.78,70.48,2.67,196.7,100.96,26.31,19.15,22.01,4.7676,1.5475,0.11,2021-05-28,11.665733,2021,5,4,148,0,2.5044928,5.2984743,5.1251163,4.983423,8.611874,25.03,67.24,0.17,3.23,4.9286,4.3093611399332685,1.5654633973186818,4.957877363477435,1.5795750791242473,5.036510058811733,1.6584314854082667,1,0.8290349253848881,4.423665
4.099,4.8984,0.57,25.15,25.61,24.5,79.45,2.29,131.5,100.89,26.64,21.36,23.25,3.8964,1.7489,2.22,2021-05-29,4.423665,2021,5,5,149,0,11.665733,2.5044928,5.2984743,7.7194643,5.80296,24.88,70.48,0.11,2.67,4.211,6.489566802978516,4.695328340219588,5.912493092673166,2.9884774670394676,5.254642895289829,2.2575065286075806,0,0.836803854319778,3.6472158
2.958,4.8242,0.42,25.99,27.02,25.0,76.13,2.16,206.6,100.86,27.13,21.45,23.72,2.4276,1.5101,0.53,2021-05-30,3.6472158,2021,5,6,150,0,4.423665,11.665733,2.5044928,5.1797853,4.197478,25.15,79.45,2.22,2.29,4.099,6.197963714599609,4.831478454139922,5.441664627620152,2.9150669895225167,5.1561218329838345,2.261829543287095,1,0.6131586584304133,4.812357
1.5067,4.7957,0.21,25.56,26.56,24.3,79.6,2.5,156.5,100.98,26.71,21.76,23.66,0.5215,1.0978,15.53,2021-05-31,4.812357,2021,5,0,151,0,3.6472158,4.423665,11.665733,3.8943853,2.5222597,25.99,76.13,0.53,2.16,2.958,6.578871409098308,4.422424849516647,5.2227261407034735,2.994484388710311,5.11681740624564,2.284437629562813,0,0.3141772838167525,4.528392
0.8698,4.7914,0.12,24.62,25.41,24.1,87.53,3.39,145.6,101.11,26.33,22.44,23.53,0.0492,0.6991,19.56,2021-06-01,4.528392,2021,6,1,152,0,4.812357,3.6472158,4.423665,5.1251163,4.7211585,25.56,79.6,15.53,2.5,1.5067,4.294412612915039,0.5932268476289868,5.3538649422781805,2.946329705850716,5.280395780290876,2.163132963725456,0,0.1815335809992904,6.1162453
2.2896,4.9534,0.32,24.39,24.97,23.94,83.12,5.97,166.0,101.2,26.02,21.35,22.87,0.3641,1.7508,2.88,2021-06-02,6.1162453,2021,6,2,153,0,4.528392,4.812357,3.6472158,5.2984743,4.629861,24.62,87.53,19.56,3.39,0.8698,4.329321543375651,0.6075443898953229,5.268618583679199,2.9626385691472206,5.266626732689994,2.167575466326705,0,0.4622279646303549,5.3854985
2.6642,4.9757,0.38,24.67,25.51,24.04,77.85,6.15,148.5,101.2,25.98,20.56,22.62,1.8799,1.7446,4.76,2021-06-03,5.3854985,2021,6,3,154,0,6.1162453,4.528392,4.812357,2.5044928,5.320409,24.39,83.12,2.88,5.97,2.2896,5.152331352233887,0.8467624084461687,5.385443006243024,2.980084108514379,5.372797046388898,2.1703873322621816,0,0.5354422493317523,3.90159
3.6818,4.9522,0.52,24.74,25.6,23.9,76.57,5.42,148.7,101.12,26.06,20.36,22.55,3.8124,1.5617,3.17,2021-06-04,3.90159,2021,6,4,155,0,5.3854985,6.1162453,4.528392,11.665733,4.983423,24.67,77.85,4.76,6.15,2.6642,5.34337854385376,0.7947642415642101,5.797015258244106,2.7018447837434856,5.37744631086077,2.1703361919423028,0,0.7434675497758572,2.9656348
3.4308,4.9334,0.49,24.9,25.76,24.13,73.93,5.48,122.8,101.11,26.0,19.94,22.42,3.1094,1.7786,1.72,2021-06-05,2.9656348,2021,6,5,156,0,3.90159,5.3854985,6.1162453,4.423665,7.7194643,24.74,76.57,3.17,5.42,3.6818,5.13444463411967,1.1284703859823864,4.687851939882551,0.8503796357407157,5.300172516277859,2.204435553277309,0,0.6954230348238538,3.7297242
3.7529,4.8934,0.54,25.08,26.13,23.82,69.71,2.1,91.5,100.99,26.31,19.16,22.12,3.7421,1.745,0.04,2021-06-06,3.7297242,2021,6,6,157,0,2.9656348,3.90159,5.3854985,3.6472158,5.1797853,24.9,73.93,1.72,5.48,3.4308,4.084241151809692,1.220227903019708,4.479561907904489,1.0748191375782663,4.96061326776232,2.1689567882872356,1,0.7669309682429395,7.6707673
3.0818,4.8058,0.44,25.37,26.6,24.44,80.01,3.44,227.0,100.88,26.45,21.68,23.52,2.6318,1.5881,0.64,2021-06-07,7.6707673,2021,6,0,158,0,3.7297242,2.9656348,3.90159,4.812357,3.8943853,25.08,69.71,0.04,2.1,3.7529,3.5323163668314614,0.4982273121395997,4.491348811558315,1.0645735622722314,4.857037476130894,2.19218395729128,1,0.6412668026135087,3.5068233
4.1734,4.8761,0.6,24.64,25.67,23.53,78.07,4.84,197.2,101.04,26.1,20.55,22.6,5.3515,1.3596,0.35,2021-06-08,3.5068233,2021,6,1,159,0,7.6707673,3.7297242,2.9656348,4.528392,5.1251163,25.37,80.01,0.64,3.44,3.0818,4.788708766301473,2.525005783630725,4.899693148476737,1.614431854720522,5.126779045377459,2.294566252939668,1,0.8558889276265867,7.94158
3.5069,4.9802,0.51,24.14,25.13,23.24,74.57,4.28,172.2,101.18,25.9,19.33,21.73,2.2831,2.0695,0.02,2021-06-09,7.94158,2021,6,2,160,0,3.5068233,7.6707673,3.7297242,6.1162453,5.2984743,24.64,78.07,0.35,4.84,4.1734,4.969104925791423,2.342361184114823,4.753754786082676,1.697619754730858,5.011186684880938,2.335061147174502,1,0.7041685072888639,3.148507
4.6159,5.0023,0.67,24.16,25.19,23.4,74.52,5.14,135.4,101.39,25.8,19.36,21.76,5.8092,1.3169,0.02,2021-06-10,3.148507,2021,6,3,161,0,7.94158,3.5068233,7.6707673,5.3854985,2.5044928,24.14,74.57,0.02,4.28,3.5069,6.373056809107463,2.4859215082100974,5.014516864504133,2.046189429146594,5.1999799353735785,2.463398318018537,1,0.9227555324550707,6.5367336
4.3627,4.963,0.63,24.18,25.27,23.14,73.68,7.42,120.7,101.56,25.64,19.19,21.69,5.6534,1.265,0.39,2021-06-11,6.5367336,2021,6,4,162,0,3.148507,7.94158,3.5068233,3.90159,11.665733,24.16,74.52,0.02,5.14,4.6159,4.865636746088664,2.669862723314324,4.694946663720267,2.1506137212760104,5.245980960982187,2.4147235999834233,1,0.8790449325005038,11.157511
4.0363,4.8598,0.58,25.21,26.29,24.08,74.59,8.67,109.8,101.51,25.96,20.38,22.8,4.675,1.3536,3.03,2021-06-12,11.157511,2021,6,5,163,0,6.5367336,3.148507,7.94158,2.9656348,4.423665,24.18,73.68,0.39,7.42,4.3627,5.875606854756673,2.4639811150088198,5.07139573778425,2.2181675442979363,4.879623838833401,1.6261172995332265,0,0.8305485822461829,11.449572
2.7756,4.7832,0.4,25.2,25.88,24.57,79.15,9.51,102.0,101.42,25.94,21.35,23.28,1.8439,1.8041,2.7,2021-06-13,11.449572,2021,6,6,164,0,11.157511,6.5367336,3.148507,3.7297242,3.6472158,25.21,74.59,3.03,8.67,4.0363,6.947583834330241,4.02027775691124,6.241663728441511,2.9592082369961052,5.360612818173,2.32611275772147,0,0.5802809834420471,7.121784
3.6269,4.7388,0.53,25.58,26.38,24.87,81.84,7.78,99.5,101.35,26.18,22.27,23.92,2.7444,1.8252,0.79,2021-06-14,7.121784,2021,6,0,165,0,11.449572,11.157511,6.5367336,7.6707673,4.812357,25.2,79.15,2.7,9.51,2.7756,9.714605331420898,2.7559891710821796,7.34449907711574,3.287355163896735,5.917923944337027,2.7753275287099815,1,0.7653625390394192,5.8428354
4.2202,4.7465,0.61,25.89,26.73,25.21,82.8,6.37,92.3,101.37,26.31,22.76,24.33,5.1002,1.3346,0.23,2021-06-15,5.8428354,2021,6,1,166,0,7.121784,11.449572,11.157511,3.5068233,4.528392,25.58,81.84,0.79,7.78,3.6269,9.909622192382812,2.4187507822179266,7.266072920390537,3.284821663376058,6.082883034433637,2.77319307394029,1,0.889118297693037,7.3110657
2.1134,4.7285,0.31,25.9,26.56,25.49,85.32,5.03,104.1,101.35,26.28,23.27,24.58,0.7961,1.5341,0.71,2021-06-16,7.3110657,2021,6,2,167,0,5.8428354,7.121784,11.449572,7.94158,6.1162453,25.89,82.8,0.23,6.37,4.2202,8.138063748677572,2.9382802337669482,7.59978893824986,2.9397959896070334,6.176771862166269,2.7385505168937674,1,0.4469493496880617,3.1428514
4.1616,4.7906,0.61,26.03,26.83,25.3,87.31,5.14,110.6,101.15,26.58,23.78,24.9,5.5759,1.201,2.25,2021-06-17,3.1428514,2021,6,3,168,0,7.3110657,5.8428354,7.121784,3.148507,5.3854985,25.9,85.32,0.71,5.03,2.1134,6.758561770121257,0.7986694689619923,7.509715488978794,2.9372365214220904,6.262116176741464,2.755086959271077,0,0.8687012065294535,2.2421033
4.512,4.7966,0.66,26.24,27.24,25.46,79.73,4.21,104.7,101.1,26.66,22.46,24.35,6.1188,1.164,0.39,2021-06-18,2.2421033,2021,6,4,169,0,3.1428514,7.3110657,5.8428354,6.5367336,3.90159,26.03,87.31,2.25,5.14,4.1616,5.43225081761678,2.1142226579564136,7.508907522474017,2.9386365789439406,6.101927093097141,2.872665084344833,1,0.9406663052995872,4.1360126
4.5842,4.8394,0.67,26.03,26.83,25.4,77.04,4.73,100.7,101.12,26.38,21.7,23.87,6.359,1.1357,0.06,2021-06-19,4.1360126,2021,6,5,170,0,2.2421033,3.1428514,7.3110657,11.157511,2.9656348,26.24,79.73,0.39,4.21,4.512,4.232006788253784,2.7043094242356287,6.895388909748623,3.5583886398703166,5.983392323766436,3.0017778145294134,1,0.9472661900235566,4.707751
4.7278,4.8564,0.69,25.79,26.78,25.05,72.25,2.58,69.9,101.2,26.42,20.42,23.1,6.6775,0.9922,0.04,2021-06-20,4.707751,2021,6,6,171,0,4.1360126,2.2421033,3.1428514,11.449572,3.7297242,26.03,77.04,0.06,4.73,4.5842,3.1736557483673096,0.9473303080964371,5.892317737851824,3.1192464653616674,6.0669907331466675,2.926626051425275,1,0.9735194794497983,6.7228003
4.3152,4.8629,0.63,25.28,26.08,24.48,73.92,1.95,104.8,101.31,26.24,20.31,22.79,5.4473,1.7971,0.0,2021-06-21,6.7228003,2021,6,0,172,0,4.707751,4.1360126,2.2421033,7.121784,7.6707673,25.79,72.25,0.04,2.58,4.7278,3.695288896560669,1.2905550568793953,4.92920047896249,1.9324058981932846,6.136849778039115,2.8778091932748926,1,0.8873717329165725,2.4232066
4.6706,4.8406,0.68,24.66,25.43,23.87,77.86,2.65,98.3,101.34,25.85,20.55,22.6,6.6158,1.0999,0.0,2021-06-22,2.4232066,2021,6,1,173,0,6.7228003,4.707751,4.1360126,5.8428354,3.5068233,25.28,73.92,0.0,1.95,4.3152,5.188854535420735,1.3588462963883026,4.872202771050589,1.8615401732049506,6.069137845720563,2.849958988658983,1,0.964880386728918,5.014549
3.6845,4.7801,0.54,25.2,26.29,24.35,74.45,3.02,102.5,101.28,26.32,20.34,22.77,3.7459,1.818,1.68,2021-06-23,5.014549,2021,6,2,174,0,2.4232066,6.7228003,4.707751,7.3110657,7.94158,24.66,77.86,0.0,2.65,4.6706,4.617919206619263,2.151204024367636,4.383684362683978,2.007357047785265,5.991736650466919,2.9382483912153052,0,0.7707997740633041,6.5484543
2.8104,4.7573,0.41,23.52,24.27,22.66,81.07,8.04,155.7,101.4,25.71,20.09,21.81,2.1038,1.4822,4.16,2021-06-24,6.5484543,2021,6,3,175,0,5.014549,2.4232066,6.7228003,3.1428514,3.148507,25.2,74.45,1.68,3.02,3.6845,4.720185200373332,2.1648588650433505,4.055610520499093,1.5943596077332036,5.782663004738944,2.8926164575418754,0,0.5907552603367456,10.859829
3.7301,4.8862,0.54,23.94,24.58,22.95,72.47,9.75,129.6,101.52,25.36,18.7,21.32,3.7476,1.6766,2.08,2021-06-25,10.859829,2021,6,4,176,0,6.5484543,5.014549,2.4232066,2.2421033,6.5367336,23.52,81.07,4.16,8.04,2.8104,4.6620698769887285,2.085089497714819,4.542125225067139,1.7783962898465409,6.025516373770578,2.795545358131355,0,0.7633948671769474,11.028057
3.4661,4.8859,0.5,24.75,25.7,24.04,70.71,9.7,117.1,101.61,25.51,19.08,21.91,2.4029,1.9207,1.94,2021-06-26,11.028057,2021,6,5,177,0,10.859829,6.5484543,5.014549,4.1360126,11.157511,23.94,72.47,2.08,9.75,3.7301,7.474277337392171,3.0306247394643617,5.773228883743286,2.6767556953893776,6.334308896745954,3.0805875504123192,0,0.7094087066865878,10.891207
3.8335,4.8598,0.56,24.84,25.8,24.05,75.99,9.89,104.6,101.52,25.58,20.34,22.59,4.0982,1.5809,2.1,2021-06-27,10.891207,2021,6,6,178,0,11.028057,10.859829,6.5484543,4.707751,11.449572,24.75,70.71,1.94,9.7,3.4661,9.478780110677084,2.539130217711543,6.75780667577471,3.192102613546805,6.325062206813267,3.065152204758103,0,0.7888184698958804,8.477514
3.4409,4.8386,0.5,25.32,26.23,24.36,77.89,8.12,94.1,101.44,25.81,21.2,23.26,3.7966,1.4102,2.94,2021-06-28,8.477514,2021,6,0,179,0,10.891207,11.028057,10.859829,6.7228003,7.121784,24.84,75.99,2.1,9.89,3.8335,10.926364262898764,0.08945510637115117,7.641157524926322,3.380266767346642,6.285179001944406,2.9962009844498367,0,0.7111354524035879,5.999851
4.4964,4.818,0.65,25.51,26.3,24.83,83.35,5.56,74.1,101.22,26.09,22.5,24.0,5.8128,1.2247,4.56,2021-06-29,5.999851,2021,6,1,180,0,8.477514,10.891207,11.028057,2.4232066,5.8428354,25.32,77.89,2.94,8.12,3.4409,10.132259368896484,1.4346839440533299,7.8918309552328925,3.365844937365688,6.382016863141741,3.0468016528125226,0,0.9332503113325032,7.6872907
2.3088,4.7038,0.34,25.59,26.18,25.03,82.69,3.71,55.0,101.05,26.13,22.44,24.02,1.1602,1.403,10.2,2021-06-30,7.6872907,2021,6,2,181,0,5.999851,8.477514,10.891207,5.014549,7.3110657,25.51,83.35,4.56,5.56,4.4964,8.456190745035807,2.4457474750702692,8.402780192238945,2.5761639310002957,6.39323227746146,3.044952658531708,0,0.4908371954589906,4.8262053
2.2608,4.7467,0.33,25.05,26.26,23.62,83.8,4.7,121.5,100.95,26.05,22.12,23.58,0.9226,1.6711,23.2,2021-07-01,4.8262053,2021,7,3,182,0,7.6872907,5.999851,8.477514,6.5484543,3.1428514,25.59,82.69,10.2,3.71,2.3088,7.388218720753987,1.2656170659350352,8.784600462232317,2.153718865592616,6.420105491365705,3.0553186363635136,0,0.47628879010681113,8.172037
2.9201,4.8103,0.42,23.7,24.4,23.17,82.03,8.75,149.4,101.06,25.28,20.47,22.08,1.2146,1.9848,6.35,2021-07-02,8.172037,2021,7,4,183,0,4.8262053,7.6872907,5.999851,10.859829,2.2421033,25.05,83.8,23.2,4.7,2.2608,6.171115716298421,1.4382110699892752,8.538564886365618,2.5191214765003553,6.5403450557163785,2.9476503438531556,0,0.607051535247282,5.372698
4.1477,4.9284,0.6,23.97,24.74,23.29,75.48,7.34,142.9,101.28,25.24,19.38,21.67,5.5954,1.2444,0.79,2021-07-03,5.372698,2021,7,5,184,0,8.172037,4.8262053,7.6872907,11.028057,4.1360126,23.7,82.03,6.35,8.75,2.9201,6.895177682240804,1.8081012041752909,8.154594625745501,2.301806598618693,6.963911754744394,2.6979788419595696,1,0.8415915915915917,9.351823
4.1851,4.9579,0.6,24.0,24.79,23.43,76.74,8.8,135.7,101.37,25.28,19.68,21.84,4.5845,1.5506,1.35,2021-07-04,9.351823,2021,7,6,185,0,5.372698,8.172037,4.8262053,10.891207,4.707751,23.97,75.48,0.79,7.34,4.1477,6.1236467361450195,1.7948790827822838,7.3466861588614325,2.1096220936462835,7.052246417318072,2.6173073876685695,0,0.8441275540047197,9.582151
2.5822,4.8756,0.37,23.34,23.97,22.65,75.87,9.63,128.7,101.41,24.94,18.86,21.1,1.7436,1.7434,1.5,2021-07-05,9.582151,2021,7,0,186,0,9.351823,5.372698,8.172037,8.477514,6.7228003,24.0,76.74,1.35,8.8,4.1851,7.632185935974121,2.0437559703562185,7.126774174826486,1.7234389219386623,7.383965849876404,2.5914762146535497,0,0.529616867667569,9.577406
2.177,4.9051,0.31,23.5,24.26,22.57,74.13,7.68,109.1,101.29,24.62,18.65,21.08,0.253,1.7206,246.04,2021-07-06,9.577406,2021,7,1,187,0,9.582151,9.351823,5.372698,5.999851,2.4232066,23.34,75.87,1.5,9.63,2.5822,8.102224032084147,2.3666427226034523,7.284579481397357,1.9083811327706708,7.5882052183151245,2.6474316200291894,0,0.44382377525432715,6.1450863
3.4608,4.8778,0.5,24.3,25.13,23.49,76.01,4.71,88.7,101.15,25.12,19.82,22.06,3.997,1.3596,136.61,2021-07-07,6.1450863,2021,7,2,188,0,9.577406,9.582151,9.351823,7.6872907,5.014549,23.5,74.13,246.04,7.68,2.177,9.503793398539225,0.1316317397768851,7.795658724648612,1.984507653911074,8.099219458443779,2.2315816232222425,0,0.70950018450941,2.5703459
4.7501,4.8941,0.68,24.99,26.55,24.04,76.35,2.35,200.6,101.12,25.58,20.54,22.77,6.6526,1.0445,0.09,2021-07-08,2.5703459,2021,7,3,189,0,6.1450863,9.577406,9.582151,4.8262053,6.5484543,24.3,76.01,136.61,4.71,3.4608,8.434881210327148,1.9830219913270264,7.5753438132149835,2.081766032351905,8.17997213772365,2.1294922533851484,1,0.970576816983715,10.816691
2.8543,4.879,0.41,24.32,25.06,23.61,83.45,6.88,141.1,101.23,25.37,21.35,22.84,2.0911,1.8859,1.23,2021-07-09,10.816691,2021,7,4,190,0,2.5703459,6.1450863,9.577406,8.172037,10.859829,24.99,76.35,0.09,2.35,4.7501,6.097612698872884,3.5037712462054076,7.2530781882149835,2.669823791153707,7.895821537290301,2.5814018063236186,0,0.5850174216027875,3.9335504
3.3456,4.8919,0.48,24.13,24.9,23.48,84.8,6.54,122.3,101.26,25.39,21.43,22.78,2.9316,1.6349,1.35,2021-07-10,3.9335504,2021,7,5,191,0,10.816691,2.5703459,6.1450863,5.372698,11.028057,24.32,83.45,1.23,6.88,2.8543,6.510707855224609,4.135312921225358,7.630885941641671,2.9895216214741995,7.892740283693586,2.5776146785882506,0,0.6839060487745049,2.5840592
4.5823,4.9104,0.65,25.28,26.42,24.18,84.49,5.24,80.7,101.26,25.82,22.49,23.88,6.0629,1.1515,0.76,2021-07-11,2.5840592,2021,7,6,192,0,3.9335504,10.816691,2.5703459,9.351823,10.891207,24.13,84.8,1.35,6.54,3.3456,5.773529211680095,4.420372749653542,7.425293445587158,3.2119162531444667,7.385989802224295,2.6109693932246425,1,0.9331826327794069,4.243077
4.722,4.9428,0.67,25.54,26.36,24.66,83.96,4.15,87.3,101.23,26.02,22.61,24.07,5.9304,1.1695,0.37,2021-07-12,4.243077,2021,7,0,193,0,2.5840592,3.9335504,10.816691,9.582151,8.477514,25.28,84.49,0.76,5.24,4.5823,5.778100331624349,4.4154084211582765,6.458470072065081,3.5374481655732586,6.792622123445783,2.6956645214522132,1,0.9553289633406167,4.594085
3.9269,4.8698,0.56,25.85,26.65,25.12,85.36,3.98,105.4,101.15,26.1,23.2,24.53,4.1786,1.554,1.28,2021-07-13,4.594085,2021,7,1,194,0,4.243077,2.5840592,3.9335504,9.577406,5.999851,25.54,83.96,0.37,4.15,4.722,3.58689546585083,0.8821632666737388,5.695745127541678,3.3206318169486417,6.490162304469517,2.729419019383646,0,0.8063780853423139,8.152042
2.4218,4.8612,0.34,25.61,26.44,24.88,86.12,4.15,89.8,101.17,25.83,23.12,24.37,0.1824,1.8986,6.67,2021-07-14,8.152042,2021,7,2,195,0,4.594085,4.243077,2.5840592,6.1450863,7.6872907,25.85,85.36,1.28,3.98,3.9269,3.8070737520853677,1.0736037920671055,4.983842168535505,2.850681123248657,6.389750446592059,2.774333103199031,0,0.49818974738747634,4.9967356
2.9779,4.9097,0.42,25.05,25.69,24.56,86.88,9.27,128.3,101.26,25.71,22.73,23.89,2.5894,1.4539,4.44,2021-07-15,4.9967356,2021,7,3,196,0,8.152042,4.594085,4.243077,2.5703459,4.8262053,25.61,86.12,6.67,4.15,2.4218,5.663068135579427,2.1626479954487507,5.270550182887486,3.07874139681028,6.422946998051235,2.7937657008434105,0,0.6065340041143044,7.213629
3.7867,4.9234,0.53,25.82,26.77,25.18,85.53,8.29,95.8,101.23,26.04,23.22,24.52,4.3906,1.4364,2.84,2021-07-16,7.213629,2021,7,4,197,0,4.9967356,8.152042,4.594085,10.816691,8.172037,25.05,86.88,4.44,9.27,2.9779,5.914287726084392,1.9483817068593514,5.617177282060895,2.852329757269561,6.4351277351379395,2.7866310778393197,0,0.7691229638055003,5.504674
4.1366,4.9766,0.58,25.84,26.7,25.18,86.38,6.74,84.8,101.14,26.1,23.41,24.63,4.71,1.4765,1.28,2021-07-17,5.504674,2021,7,5,198,0,7.213629,4.9967356,8.152042,3.9335504,5.372698,25.82,85.53,2.84,8.29,3.7867,6.787468910217285,1.6202467234378803,5.102454049246652,1.935365621014764,6.366669995444162,2.7522391596422224,0,0.8312100630952858,5.7815723
4.7052,5.0532,0.65,25.88,26.81,25.21,84.99,6.13,86.0,101.11,26.22,23.16,24.52,5.8298,1.2439,0.42,2021-07-18,5.7815723,2021,7,6,199,0,5.504674,7.213629,4.9967356,2.5840592,9.351823,25.84,86.38,1.28,6.74,4.1366,5.905012766520183,1.1614031307199035,5.326900277818952,1.8671124216471853,6.376096861703055,2.7487966244910353,1,0.9311327475658987,5.3890686
4.4035,5.0402,0.61,26.08,27.0,25.25,83.88,5.56,85.8,101.11,26.41,23.15,24.61,5.2394,1.3332,0.31,2021-07-19,5.3890686,2021,7,0,200,0,5.7815723,5.504674,7.213629,4.243077,9.582151,25.88,84.99,0.42,6.13,4.7052,6.166625022888184,0.9172408690924074,5.78368786403111,1.4224168514966777,6.121078968048096,2.6137876133512927,1,0.8736756477917544,4.525532
4.763,5.045,0.66,26.13,26.82,25.54,82.01,4.94,70.3,101.14,26.51,22.84,24.48,5.8908,1.229,0.08,2021-07-20,4.525532,2021,7,1,201,0,5.3890686,5.7815723,5.504674,4.594085,9.577406,26.08,83.88,0.31,5.56,4.4035,5.558438301086426,0.20169965200738885,5.947400978633335,1.2737246054675937,5.821573053087507,2.41971831707251,1,0.9441030723488603,5.8833933
4.7052,5.0364,0.65,25.76,26.46,25.26,84.01,5.8,71.8,101.26,26.41,22.88,24.32,5.6909,1.3001,0.11,2021-07-21,5.8833933,2021,7,2,202,0,4.525532,5.3890686,5.7815723,8.152042,6.1450863,26.13,82.01,0.08,4.94,4.763,5.232057571411133,0.6425720414730517,5.937607628958566,1.2860678671473436,5.460724898747036,2.1814949089199245,1,0.9342387419585416,4.775167
4.2086,5.0832,0.58,25.93,26.92,25.14,83.26,6.39,69.3,101.34,26.43,22.88,24.4,4.3637,1.6428,0.35,2021-07-22,4.775167,2021,7,3,203,0,5.8833933,4.525532,5.3890686,4.9967356,2.5703459,25.76,84.01,0.11,5.8,4.7052,5.265997886657715,0.6872457909009141,5.6135149002075195,0.8453587566178805,5.442032541547503,2.17629478499555,1,0.8279430280138496,3.6280313
5.0225,5.1612,0.69,25.69,26.64,24.96,80.65,4.79,87.8,101.39,26.48,22.11,23.9,6.6624,1.031,0.05,2021-07-23,3.6280313,2021,7,4,204,0,4.775167,5.8833933,4.525532,7.213629,10.816691,25.93,83.26,0.35,6.39,4.2086,5.0613640149434405,0.7227575870328072,5.581862245287214,0.8758981878598899,5.599519763674055,2.0271666682188454,1,0.9731264047120824,3.8127296
4.9711,5.1658,0.68,25.79,26.74,24.94,85.41,4.77,87.4,101.28,26.64,23.17,24.48,6.4032,1.1282,0.08,2021-07-24,3.8127296,2021,7,5,205,0,3.6280313,4.775167,5.8833933,5.504674,3.9335504,25.69,80.65,0.05,4.79,5.0225,4.762197176615397,1.1277369542313351,5.069634028843471,0.8084280166385025,5.086044039045062,1.4250221512080834,1,0.962309806806303,2.9702535
5.0328,5.1809,0.68,25.98,26.88,25.28,83.27,3.21,82.8,101.17,26.93,22.93,24.46,6.8986,1.0212,0.08,2021-07-25,2.9702535,2021,7,6,206,0,3.8127296,3.6280313,4.775167,5.7815723,2.5840592,25.79,85.41,0.08,4.77,4.9711,4.071975946426392,0.6159436667484588,4.827927691595895,0.9039663051432658,5.077413984707424,1.4328828123678137,1,0.971414233048312,4.1540036
5.0076,5.2008,0.68,25.92,26.86,25.19,81.25,3.48,108.3,101.19,26.92,22.48,24.2,6.5314,1.0202,0.07,2021-07-26,4.1540036,2021,7,0,207,0,2.9702535,3.8127296,3.6280313,5.3890686,4.243077,25.98,83.27,0.08,3.21,5.0328,3.4703381061553955,0.4428225985896877,4.42631070954459,1.0259444824697306,5.104999286787851,1.3840755112658816,1,0.9628518689432395,6.882345
3.0881,5.1334,0.42,25.55,26.64,24.55,81.09,3.86,147.6,101.23,26.76,22.07,23.81,2.3702,1.4688,4.67,2021-07-27,6.882345,2021,7,1,208,0,4.1540036,2.9702535,3.8127296,4.525532,4.594085,25.92,81.25,0.07,3.48,5.0076,3.645662228266398,0.609302663076874,4.2498728547777445,0.9349428377383717,5.09863691670554,1.3885399343846707,0,0.6015701094790976,6.514199
2.5982,5.142,0.35,24.42,25.07,23.88,83.4,7.36,135.6,101.29,26.01,21.44,22.93,2.3148,1.452,7.78,2021-07-28,6.514199,2021,7,2,209,0,6.882345,4.1540036,2.9702535,5.8833933,8.152042,25.55,81.09,4.67,3.86,3.0881,4.668867429097493,2.0062225664839786,4.586560487747192,1.3726568843525813,5.262084058352879,1.4575425632690002,0,0.5052897705173084,6.244463
3.5755,5.3057,0.48,24.7,25.57,23.79,80.9,7.71,113.5,101.32,26.02,21.21,22.95,2.9666,1.8298,3.95,2021-07-29,6.244463,2021,7,3,210,0,6.514199,6.882345,4.1540036,4.775167,4.9967356,24.42,83.4,7.78,7.36,2.5982,5.85018253326416,1.4804222794621718,4.67667555809021,1.48785586929124,5.145095229148865,1.2600951406795438,0,0.6738978834084098,7.3680725
4.4018,5.269,0.58,25.57,26.19,24.87,84.05,6.28,72.3,101.18,26.29,22.7,24.14,3.9326,1.8206,4.17,2021-07-30,7.3680725,2021,7,4,211,0,6.244463,6.514199,6.882345,3.6280313,7.213629,24.7,80.9,3.95,7.71,3.5755,6.54700231552124,0.3202038251517595,4.886574983596802,1.6032333445443503,5.234218614442008,1.2925024645794456,0,0.8354146896944391,9.671993
1.7878,5.2174,0.24,25.95,28.07,23.93,81.78,6.79,286.0,100.71,26.4,22.58,24.26,0.6492,1.2062,1.04,2021-07-31,9.671993,2021,7,5,212,0,7.3680725,6.244463,6.514199,3.8127296,5.504674,25.57,84.05,4.17,6.28,4.4018,6.708911418914795,0.586565733734449,5.420866591589792,1.7319434141237209,5.2452503102166315,1.3112201652495448,0,0.34266109556484076,10.801472
4.5154,5.4742,0.59,23.84,25.18,22.75,72.63,9.4,247.5,100.67,25.44,18.59,21.21,4.9178,1.5919,0.19,2021-08-01,10.801472,2021,8,6,213,0,9.671993,7.3680725,6.244463,2.9702535,5.7815723,25.95,81.78,1.04,6.79,1.7878,7.7615095774332685,1.7473080766263904,6.257904257093157,2.1824801215045304,5.542915974344526,1.7680750678487729,1,0.8248511197983267,7.4776096
3.9115,5.5486,0.51,23.97,25.74,22.82,69.13,7.06,218.6,100.87,25.46,17.97,20.97,3.1651,2.0071,0.28,2021-08-02,7.4776096,2021,8,0,214,0,10.801472,9.671993,7.3680725,4.1540036,5.3890686,23.84,72.63,0.19,9.4,4.5154,9.280512491861979,1.7498572538027861,7.376649720328195,2.223118473791207,5.9014802149363925,2.2606101618923207,1,0.7049526006560213,4.754412
5.0316,5.6352,0.66,23.22,24.24,22.26,65.88,4.62,180.8,101.23,25.05,16.48,19.85,6.5251,1.213,0.21,2021-08-03,4.754412,2021,8,1,215,0,7.4776096,10.801472,9.671993,6.882345,4.525532,23.97,69.13,0.28,7.06,3.9115,9.317024866739908,1.6901232773293131,7.85145057950701,1.717567491016129,6.050661717142377,2.292877006188994,1,0.8928875638841567,4.2828107
4.9711,5.6254,0.65,23.08,24.16,21.96,68.22,4.42,142.3,101.3,25.33,16.91,20.0,5.6856,1.4604,0.11,2021-08-04,4.2828107,2021,8,2,216,0,4.754412,7.4776096,10.801472,6.514199,5.8833933,23.22,65.88,0.21,4.62,5.0316,7.677831172943115,3.0284977722123156,7.54746014731271,2.0698566328577637,6.067010317529951,2.281956046828235,1,0.8836882710562804,7.324985
4.1822,5.627,0.54,24.45,25.43,23.29,57.98,3.27,49.7,101.17,25.33,15.62,20.04,3.3348,1.8931,0.02,2021-08-05,7.324985,2021,8,3,217,0,4.2828107,4.754412,7.4776096,6.244463,4.775167,23.08,68.22,0.11,4.42,4.9711,5.5049441655476885,1.7245749561697572,7.228690419878278,2.400862586260128,5.952682988984244,2.331421932691964,1,0.7432379598365025,2.4504771
5.4876,5.5913,0.71,24.89,26.7,23.53,64.65,4.54,238.1,101.24,25.6,17.7,21.29,6.8292,1.0838,0.01,2021-08-06,2.4504771,2021,8,4,218,0,7.324985,4.2828107,4.754412,7.3680725,3.6280313,24.45,57.98,0.02,3.27,4.1822,5.454069296518962,1.637328996948389,7.383050714220319,2.3614482215227848,6.1348128489085605,2.3319542467725007,1,0.9814533292794161,9.595027
4.9282,5.5692,0.63,24.1,25.57,23.14,77.46,4.98,163.7,101.49,25.76,19.91,22.0,5.6383,1.4878,0.48,2021-08-07,9.595027,2021,8,5,219,0,2.4504771,7.324985,4.2828107,9.671993,3.8127296,24.89,64.65,0.01,4.54,5.4876,4.68609094619751,2.462150087148554,6.68053708757673,3.009263651124773,6.050701839583261,2.4476907236893424,1,0.884902679020326,7.402221
4.8857,5.629,0.62,23.62,24.57,22.94,74.78,4.53,138.1,101.49,25.63,18.89,21.26,5.6165,1.5754,0.28,2021-08-08,7.402221,2021,8,6,220,0,9.595027,2.4504771,7.324985,10.801472,2.9702535,24.1,77.46,0.48,4.98,4.9282,6.4568297068278,3.6505367239871784,6.6695419039045065,2.9966259176603485,6.4637230804988315,2.5275554876339354,1,0.8679516788061823,7.7163806
3.9038,5.6095,0.49,23.75,25.19,22.76,72.49,2.92,147.8,101.37,25.87,18.49,21.12,3.4649,1.9639,0.07,2021-08-09,7.7163806,2021,8,0,221,0,7.402221,9.595027,2.4504771,7.4776096,4.1540036,23.62,74.78,0.28,4.53,4.8857,6.482575098673503,3.6599808531615836,6.183934688568115,2.4389846179699344,6.780292204448155,2.3258481051284674,1,0.6959265531687316,10.105253
2.9215,5.5613,0.37,23.72,24.9,22.99,77.92,7.14,148.8,101.56,25.48,19.64,21.68,1.447,1.8245,2.71,2021-08-10,10.105253,2021,8,1,222,0,7.7163806,7.402221,9.595027,4.754412,6.882345,23.75,72.49,0.07,2.92,3.9038,8.237876256306967,1.1857772032197187,6.218044825962612,2.4616568568100092,7.034747702734811,2.2083200305669535,0,0.525326812076313,8.503662
2.6486,5.5279,0.33,23.54,24.21,23.05,81.07,9.62,129.3,101.77,25.11,20.12,21.83,0.3151,1.9306,15.36,2021-08-11,8.503662,2021,8,2,223,0,10.105253,7.7163806,7.402221,4.2828107,6.514199,23.72,77.92,2.71,7.14,2.9215,8.407951672871908,1.4782754941170324,6.9824506895882745,2.7457992512815026,7.264955418450492,2.3543681981037907,0,0.4791331246947304,6.816691
2.0011,5.5944,0.25,23.22,23.46,22.79,83.39,9.5,127.5,101.7,24.85,20.27,21.75,0.701,1.3219,27.7,2021-08-12,6.816691,2021,8,3,224,0,8.503662,10.105253,7.7163806,7.324985,6.244463,23.54,81.07,15.36,9.62,2.6486,8.77509864171346,1.2173481203318786,7.585429464067731,2.5072370383330544,7.407059941973005,2.365581599599492,0,0.3576969826969827,7.932272
3.18,5.7199,0.4,23.49,24.19,23.09,77.82,8.46,128.6,101.5,25.08,19.41,21.45,1.2612,2.0196,3.77,2021-08-13,7.932272,2021,8,4,225,0,6.816691,8.503662,10.105253,2.4504771,7.3680725,23.22,83.39,27.7,9.5,2.0011,8.475202083587646,1.6444658635749774,7.51281602042062,2.5233457965798634,7.447933367320469,2.348832883561992,0,0.5559537754156542,3.9877505
3.3295,5.7528,0.41,23.68,24.59,23.07,74.89,6.44,135.5,101.39,25.22,18.98,21.33,1.1107,2.1557,0.59,2021-08-14,3.9877505,2021,8,5,226,0,7.932272,6.816691,8.503662,9.595027,9.671993,23.49,77.82,3.77,8.46,3.18,7.750874996185303,0.85798985430702,8.295929568154472,1.1873952183637286,7.488233327865601,2.3521949780432916,1,0.5787616465025727,6.7533674
3.1759,5.7403,0.39,23.58,24.21,23.05,79.57,6.58,120.8,101.43,25.18,19.86,21.72,1.494,2.0983,3.66,2021-08-15,6.7533674,2021,8,6,227,0,3.9877505,7.932272,6.816691,7.402221,10.801472,23.68,74.89,0.59,6.44,3.3295,6.245571136474609,2.0333336369614123,7.494890076773507,1.8637125638426,7.082215990339007,2.435369930653621,0,0.5532637667020887,5.561901
2.6002,5.8109,0.32,23.5,24.22,22.98,78.99,8.81,110.6,101.5,25.05,19.65,21.58,0.4097,1.9829,7.32,2021-08-16,5.561901,2021,8,0,228,0,6.7533674,3.9877505,7.932272,7.7163806,7.4776096,23.58,79.57,3.66,6.58,3.1759,6.22446330388387,2.024751095452497,7.402196679796491,1.8851026049533743,6.793065684182303,2.1875190507271687,0,0.44746941093462284,5.8300176
3.5278,5.8282,0.43,23.85,24.66,23.22,74.82,7.36,102.9,101.4,25.14,19.13,21.49,2.8387,1.8578,1.21,2021-08-17,5.8300176,2021,8,1,229,0,5.561901,6.7533674,3.9877505,10.105253,4.754412,23.5,78.99,7.32,8.81,2.6002,5.434339682261149,1.3872141636446569,7.094413893563407,1.997771074552638,6.656229359763009,2.201278336318012,0,0.6052983768573488,5.3234286
5.0597,5.8159,0.61,24.19,25.2,23.1,77.08,4.82,114.5,101.26,25.51,19.94,22.07,5.6666,2.0465,0.02,2021-08-18,5.3234286,2021,8,2,230,0,5.8300176,5.561901,6.7533674,8.503662,4.2828107,23.85,74.82,1.21,7.36,3.5278,6.0484286944071455,0.6250404549305,6.483665943145752,1.5203611856802346,6.733058316367013,2.1479188811688,1,0.8699771316563215,4.961052
5.2865,5.8786,0.64,24.64,25.7,23.81,80.27,4.62,136.3,101.24,25.68,21.03,22.84,5.765,1.579,0.4,2021-08-19,4.961052,2021,8,3,231,0,5.3234286,5.8300176,5.561901,6.816691,7.324985,24.19,77.08,0.02,4.82,5.0597,5.5717824300130205,0.2534389830013479,6.029346874782017,1.270820876946424,6.807388169424875,2.0733142400218223,1,0.8992787398360155,6.2522645
3.9082,5.8846,0.47,24.43,25.36,23.86,80.66,6.42,150.1,101.36,25.6,20.9,22.67,3.8057,1.7431,0.22,2021-08-20,6.2522645,2021,8,4,232,0,4.961052,5.3234286,5.8300176,7.932272,2.4504771,24.64,80.27,0.4,4.62,5.2865,5.371499379475911,0.4364726937002883,5.764255591801235,1.2727492491244743,6.638535806110927,2.1235693911150886,1,0.6641402984060089,4.3464327
3.3401,5.8555,0.4,24.01,24.81,23.37,82.46,6.12,137.8,101.28,25.5,20.86,22.43,1.2708,2.0424,1.04,2021-08-21,4.3464327,2021,8,5,233,0,6.2522645,4.961052,5.3234286,3.9877505,9.595027,24.43,80.66,0.22,6.42,3.9082,5.512248357137044,0.6659933443724253,5.524254526410784,0.8994440931136528,6.910092047282627,1.7585195120845405,0,0.5704209717359747,4.726786
5.4914,6.1351,0.65,23.88,25.0,22.74,80.65,6.73,165.6,101.16,25.46,20.36,22.12,6.0,1.6798,0.4,2021-08-22,4.726786,2021,8,6,234,0,4.3464327,6.2522645,4.961052,6.7533674,7.402221,24.01,82.46,1.04,6.12,3.3401,5.186583042144775,0.9727265462863302,5.575494834354946,0.8022924273160534,6.535192455564227,1.700607567798283,1,0.8950791348144284,5.7465496
5.6959,6.2249,0.67,23.19,24.39,22.31,73.37,7.04,158.8,101.1,25.05,18.15,20.67,6.8822,1.2852,0.37,2021-08-23,5.7465496,2021,8,0,235,0,4.726786,4.3464327,6.2522645,5.561901,7.7163806,23.88,80.65,0.4,6.73,5.4914,5.1084944407145185,1.0086251274341784,5.285983221871512,0.6593232178236413,6.344089950834002,1.7454153466205031,1,0.9150187151600829,7.4122825
5.3861,6.277,0.63,23.22,24.5,22.35,69.39,7.38,137.3,101.2,24.94,17.29,20.25,5.9179,1.5194,0.36,2021-08-24,7.4122825,2021,8,1,236,0,5.7465496,4.726786,4.3464327,5.8300176,10.105253,23.19,73.37,0.37,7.04,5.6959,4.93992280960083,0.723983617751191,5.312361580984933,0.6756925622031469,6.20338773727417,1.7052156368555373,1,0.8580691413095427,10.685639
4.8888,6.1678,0.57,23.78,25.04,22.46,72.33,8.84,116.9,101.39,25.07,18.52,21.15,3.9379,2.1816,1.05,2021-08-25,10.685639,2021,8,2,237,0,7.4122825,5.7465496,4.726786,5.3234286,8.503662,23.22,69.39,0.36,7.38,5.3861,5.961872736612956,1.3556347859176308,5.538399423871722,1.042705686687954,6.011032683508737,1.3450693570180718,0,0.7926327053406401,10.669652
5.4017,6.2275,0.63,23.41,24.11,22.56,71.01,8.94,123.4,101.5,24.88,17.86,20.64,5.8858,1.5938,0.46,2021-08-26,10.669652,2021,8,3,238,0,10.685639,7.4122825,5.7465496,4.961052,6.816691,23.78,72.33,1.05,8.84,4.8888,7.94815715154012,2.512772017081204,6.304429531097412,2.193310388304959,6.166888202939715,1.728014058028964,1,0.8673946206342834,7.459221
4.967,6.3086,0.57,22.97,23.61,22.26,67.57,8.59,112.0,101.49,24.41,16.65,19.81,4.9385,1.56,0.57,2021-08-27,7.459221,2021,8,4,239,0,10.669652,10.685639,7.4122825,6.2522645,7.932272,23.41,71.01,0.46,8.94,5.4017,9.58919127782186,1.8852752789843152,7.119943823133196,2.628647356747258,6.442099707467215,2.105134428298301,1,0.7873379196652188,10.860987
4.8936,6.3034,0.56,23.56,24.6,22.76,69.82,7.51,102.3,101.37,24.88,17.75,20.65,4.2948,2.0873,0.57,2021-08-28,10.860987,2021,8,5,240,0,7.459221,10.669652,10.685639,4.3464327,3.9877505,22.97,67.57,0.57,8.59,4.967,9.604837417602539,1.8581756170993418,7.292366164071219,2.601693577537291,6.408310345241001,2.083056566304577,1,0.7763429260399151,6.9728684
5.4869,6.3242,0.63,23.96,25.23,22.78,71.71,5.29,99.3,101.31,25.23,18.53,21.25,5.8404,1.6044,0.13,2021-08-29,6.9728684,2021,8,6,241,0,10.860987,7.459221,10.669652,4.726786,6.7533674,23.56,69.82,0.57,7.51,4.8936,9.663286526997885,1.911172743579574,8.223016738891602,2.536618875634067,6.899255786623273,2.2702330205274976,1,0.8676038075962177,5.6221695
5.5008,6.2582,0.63,24.29,25.57,23.03,82.68,4.85,111.2,101.43,25.62,21.17,22.73,5.5229,1.741,0.67,2021-08-30,5.6221695,2021,8,0,242,0,6.9728684,10.860987,7.459221,5.7465496,5.561901,23.96,71.71,0.13,5.29,5.4869,8.4310253461202,2.1184118687961284,8.543885639735631,2.130146954997411,6.914934430803571,2.2699059199042457,1,0.8789747850819724,5.830728
3.7368,6.2304,0.42,24.74,25.68,23.9,83.97,6.77,113.8,101.45,25.66,21.86,23.3,2.3395,2.1204,0.68,2021-08-31,5.830728,2021,8,1,243,0,5.6221695,6.9728684,10.860987,7.4122825,5.8300176,24.29,82.68,0.67,4.85,5.5008,7.818674882253011,2.7198975813541955,8.526117052350726,2.157710306056508,6.919239316667829,2.26719803391664,1,0.599768875192604,5.180823
2.8874,6.1526,0.33,24.12,24.68,23.39,84.8,7.14,113.4,101.29,25.37,21.42,22.77,0.9521,1.9613,2.98,2021-09-01,5.180823,2021,9,2,244,0,5.830728,5.6221695,6.9728684,10.685639,5.3234286,24.74,83.97,0.68,6.77,3.7368,6.1419219970703125,0.7271369641270274,8.30018070765904,2.366482845018922,6.919290065765381,2.2671717850337956,0,0.469297532750382,4.26801
2.8531,6.1742,0.32,23.39,23.82,23.07,85.96,7.28,118.2,101.03,25.05,20.93,22.16,0.4351,2.051,13.18,2021-09-02,4.26801,2021,9,3,245,0,5.180823,5.830728,5.6221695,10.669652,4.961052,24.12,84.8,2.98,7.14,2.8874,5.544573465983073,0.3318283465044932,7.513778345925467,2.356283301350353,6.90910393851144,2.2751994786553067,0,0.46210035308218067,9.161887
3.5227,6.2381,0.39,25.16,26.71,23.12,86.04,6.97,31.2,100.79,25.46,22.65,23.91,0.6557,2.3873,9.49,2021-09-03,9.161887,2021,9,4,246,0,4.26801,5.180823,5.830728,7.459221,6.2522645,23.39,85.96,13.18,7.28,2.8531,5.093187014261882,0.7850362092425693,6.599258082253592,2.1615375550700167,6.859600952693394,2.327776867963164,0,0.5647072025135859,5.265207
5.4413,6.3444,0.61,25.56,27.2,24.24,84.85,2.72,336.2,100.93,26.13,22.82,24.19,5.3285,1.7887,0.72,2021-09-04,5.265207,2021,9,5,247,0,9.161887,4.26801,5.180823,10.860987,4.3464327,25.16,86.04,9.49,6.97,3.5227,6.203573385874431,2.602310913372269,6.842496122632708,2.361032479420742,7.067431143351963,2.398205157890332,1,0.8576539940735136,5.778851
2.9448,6.3305,0.33,25.31,26.21,24.47,82.81,3.85,340.5,101.04,25.39,22.18,23.75,0.558,2.0563,5.83,2021-09-05,5.778851,2021,9,6,248,0,5.265207,9.161887,4.26801,6.9728684,4.726786,25.56,84.85,0.72,2.72,5.4413,6.231701374053955,2.586134547157431,6.043098994663784,1.5975591174277972,7.133057866777692,2.329607552357179,0,0.46517652634073137,3.5348506
5.9866,6.4534,0.66,25.05,26.6,23.58,76.69,4.7,19.1,101.03,25.93,20.61,22.83,6.7925,1.1654,4.56,2021-09-06,3.5348506,2021,9,0,249,0,5.778851,5.265207,9.161887,5.6221695,5.7465496,25.31,82.81,5.83,3.85,2.9448,6.735315004984538,2.1171081563645333,5.872525078909738,1.5446066563125929,7.208205359322684,2.2620038766958985,0,0.9276660365078873,2.9788225
6.0629,6.5206,0.67,25.26,26.44,24.08,79.88,3.91,61.7,101.06,26.16,21.55,23.4,6.8935,1.2377,0.74,2021-09-07,2.9788225,2021,9,1,250,0,3.5348506,5.778851,5.265207,5.830728,7.4122825,25.05,76.69,4.56,4.7,5.9866,4.859636147816976,1.1756913548066865,5.574336665017264,1.7839323645671248,7.0502268586839945,2.442008895119199,1,0.9298070729687452,9.440968
4.3198,6.444,0.47,26.2,27.44,25.04,81.5,3.35,23.2,101.24,26.38,22.77,24.49,2.9546,2.4053,2.05,2021-09-08,9.440968,2021,9,2,251,0,2.9788225,3.5348506,5.778851,5.180823,10.685639,25.26,79.88,0.74,3.91,6.0629,4.097508033116658,1.4823891291624278,5.166921581540789,2.024991198748677,6.7335511445999146,2.6684132002513197,0,0.6703600248292986,8.200161
2.8836,6.4392,0.31,24.43,25.22,23.72,84.44,7.66,151.7,101.5,25.81,21.64,23.04,0.6662,2.039,4.5,2021-09-09,8.200161,2021,9,3,252,0,9.440968,2.9788225,3.5348506,4.26801,10.669652,26.2,81.5,2.05,3.35,4.3198,5.318213542302449,3.58121729812275,5.775513683046613,2.5909496806867116,6.644646014486041,2.5444664182705345,0,0.44781960491986583,7.1301117
3.6089,6.529,0.39,24.1,24.85,23.51,82.99,8.17,125.6,101.48,25.58,21.05,22.57,1.4328,2.4262,1.87,2021-09-10,7.1301117,2021,9,4,253,0,8.200161,9.440968,2.9788225,9.161887,7.459221,24.43,84.44,4.5,7.66,2.8836,6.873317003250122,3.4293171325806475,6.337249517440796,2.635515099413149,6.4682537998471945,2.319638173963263,0,0.5527492724766427,4.88626
4.8384,6.479,0.52,24.58,25.27,23.81,86.02,6.94,120.6,101.24,25.55,22.1,23.34,2.8066,2.3395,14.83,2021-09-11,4.88626,2021,9,5,254,0,7.1301117,8.200161,9.440968,5.265207,10.860987,24.1,82.99,1.87,8.17,3.6089,8.257080078125,1.1564789429702034,6.0469958782196045,2.3712149269744587,6.444746000426156,2.310472476301871,0,0.7467819107887019,5.7548847
3.786,6.5448,0.41,25.26,26.02,24.47,85.51,4.23,78.9,101.21,25.96,22.66,23.96,1.9339,2.0966,12.99,2021-09-12,5.7548847,2021,9,6,255,0,4.88626,7.1301117,8.200161,5.778851,6.9728684,24.58,86.02,14.83,6.94,4.8384,6.738844235738118,1.691242898195243,5.992860623768398,2.3962317834804665,6.017979809216091,1.956715556383606,0,0.5784745141180785,4.127955
6.1927,6.7277,0.66,25.11,26.06,24.42,81.86,5.93,107.8,101.37,26.02,21.8,23.45,6.2323,1.7582,0.67,2021-09-13,4.127955,2021,9,0,256,0,5.7548847,4.88626,7.1301117,3.5348506,5.6221695,25.26,85.51,12.99,4.23,3.786,5.923752148946126,1.131417131904002,5.989436864852905,2.3966056180802773,5.930980971881321,1.9379808792411775,1,0.9204780236930898,3.07233
6.3024,6.8009,0.67,24.93,25.96,24.23,81.86,6.53,113.7,101.35,25.97,21.63,23.28,6.7812,1.5182,0.2,2021-09-14,3.07233,2021,9,1,257,0,4.127955,5.7548847,4.88626,2.9788225,5.830728,25.11,81.86,0.67,5.93,6.1927,4.923033237457275,0.8140880249826292,6.0741660594940186,2.3040608648946423,5.824251362255642,1.996556071097549,1,0.9267008778249937,3.8675766
5.8212,6.821,0.62,25.06,25.98,24.05,84.39,6.06,99.5,101.2,26.16,22.26,23.66,5.8939,1.7009,0.32,2021-09-15,3.8675766,2021,9,2,258,0,3.07233,4.127955,5.7548847,9.440968,5.180823,24.93,81.86,0.2,6.53,6.3024,4.318389892578125,1.3513785763445154,6.087524277823312,2.2833016125059826,5.62722292968205,2.1276678508766103,1,0.8534232517226213,4.3512073
6.1591,6.787,0.65,25.9,27.03,24.93,86.62,5.16,72.4,101.15,26.56,23.51,24.7,6.7896,1.4926,0.3,2021-09-16,4.3512073,2021,9,3,259,0,3.8675766,3.07233,4.127955,8.200161,4.26801,25.06,84.39,0.32,6.06,5.8212,3.6892871856689453,0.5499330425002253,5.291325569152832,1.8495880931916773,5.533419626099723,2.1772338065269046,1,0.9074848975983497,4.378606
6.3917,6.7584,0.67,25.98,27.02,25.07,89.23,5.16,74.0,101.21,26.55,24.08,25.03,6.923,1.4503,0.14,2021-09-17,4.378606,2021,9,4,260,0,4.3512073,3.8675766,3.07233,7.1301117,9.161887,25.9,86.62,0.3,5.16,6.1591,3.7637046178181968,0.6457350864127598,4.74147503716605,1.3436273309961735,5.5393622773034235,2.173624801935225,1,0.9457415956439394,2.7358809
6.4152,6.8009,0.67,25.96,27.12,25.01,78.16,4.57,71.9,101.28,26.75,21.84,23.9,6.6814,1.5043,0.25,2021-09-18,2.7358809,2021,9,5,261,0,4.378606,4.3512073,3.8675766,4.88626,5.265207,25.98,89.23,0.14,5.16,6.3917,4.1991298993428545,0.2874601951546145,4.348402772630964,0.8343215571117744,5.197699325425284,1.9217536268019353,1,0.9432869179079238,6.449568
4.1978,6.876,0.44,25.35,26.65,24.28,77.63,5.29,134.6,101.31,26.43,21.15,23.25,2.0666,2.3923,4.15,2021-09-19,6.449568,2021,9,6,262,0,2.7358809,4.378606,4.3512073,5.7548847,5.778851,25.96,78.16,0.25,4.57,6.4152,3.8218979835510254,0.9406181895772154,4.041205746786935,0.9854695317743285,5.017033185277667,2.0307219331153292,0,0.610500290866783,7.389737
4.5247,7.0517,0.47,24.14,25.03,23.51,81.58,7.09,141.6,101.27,25.94,20.8,22.47,2.5279,2.4734,2.6,2021-09-20,7.389737,2021,9,0,263,0,6.449568,2.7358809,4.378606,4.127955,3.5348506,25.35,77.63,4.15,5.29,4.1978,4.521351496378581,1.8609540346309803,4.140446186065674,1.1987126891246278,5.0649415254592896,2.057808140379178,0,0.6416466951231617,6.0396843
5.8486,7.0658,0.6,24.28,25.27,23.37,78.66,6.6,120.0,101.16,25.87,20.34,22.31,5.299,1.8653,0.45,2021-09-21,6.0396843,2021,9,1,264,0,7.389737,6.449568,2.7358809,3.07233,2.9788225,24.14,81.58,2.6,7.09,4.5247,5.525061925252278,2.4608185406380203,4.606415067400251,1.7155814990979077,5.340290563447135,2.0948934892493014,1,0.827733589968581,5.264532
6.575,7.0524,0.67,25.11,26.23,23.87,77.78,5.29,93.8,101.22,26.25,20.97,23.04,6.5875,1.7909,0.06,2021-09-22,5.264532,2021,9,2,265,0,6.0396843,7.389737,6.449568,3.8675766,9.440968,24.28,78.66,0.45,6.6,5.8486,6.626329739888509,0.6921663472551585,5.030322824205671,1.638204222966768,5.558923551014492,1.9863948437049699,1,0.932306732459872,5.3533783
6.9874,7.0243,0.71,25.58,26.71,24.29,77.89,5.77,75.7,101.31,26.38,21.45,23.51,8.0942,1.343,0.02,2021-09-23,5.3533783,2021,9,3,266,0,5.264532,6.0396843,7.389737,4.3512073,8.200161,25.11,77.78,0.06,5.29,6.575,6.23131783803304,1.0754843915233947,5.229887894221714,1.5559761208835947,5.2606067316872736,1.6423584794920065,1,0.9947468075110687,6.430213
5.778,7.026,0.59,24.88,26.52,23.76,79.0,3.28,136.6,101.21,26.34,20.96,22.92,5.1665,2.0138,0.17,2021-09-24,6.430213,2021,9,4,267,0,5.3533783,5.264532,6.0396843,4.378606,7.1301117,25.58,77.89,0.02,5.77,6.9874,5.552531560262044,0.4242189915712966,5.373055185590472,1.5069871839320435,5.057265111378261,1.4102426375083505,1,0.8223740392826644,6.5288076
4.8374,7.1743,0.49,23.76,24.65,22.98,80.07,6.17,153.8,101.1,25.95,20.11,21.93,4.2264,1.8454,0.49,2021-09-25,6.5288076,2021,9,5,268,0,6.430213,5.3533783,5.264532,2.7358809,4.88626,24.88,79.0,0.17,3.28,5.778,5.682707786560059,0.6488808955900164,5.666141918727329,1.480620168385961,5.007272345679147,1.3418557431980631,1,0.6742678728238295,6.3091507
5.7055,7.1772,0.58,23.28,24.39,22.33,74.6,4.73,144.5,101.04,25.97,18.53,20.9,3.9314,2.5582,0.04,2021-09-26,6.3091507,2021,9,6,269,0,6.5288076,6.430213,5.3533783,6.449568,5.7548847,23.76,80.07,0.49,6.17,4.8374,6.104132970174153,0.6520388506275618,6.207988602774484,0.7366584374975492,5.1245971747807095,1.400967053833661,1,0.7949478905422728,6.6479797
5.7038,7.1767,0.57,23.9,25.15,22.43,75.94,4.26,105.3,101.08,26.11,19.4,21.65,3.5894,2.4696,0.18,2021-09-27,6.6479797,2021,9,0,270,0,6.3091507,6.5288076,6.430213,7.389737,4.127955,23.28,74.6,0.04,4.73,5.7055,6.422723770141602,0.11001981380192646,6.187929017203195,0.7308728201553256,5.164187601634434,1.427724761913989,1,0.7947663968119052,4.9016933
4.7602,7.0416,0.48,25.16,26.14,23.98,76.22,5.44,92.8,101.34,26.21,20.68,22.92,2.5769,2.6376,1.1,2021-09-28,4.9016933,2021,9,1,271,0,6.6479797,6.3091507,6.5288076,6.0396843,3.07233,23.9,75.94,0.18,4.26,5.7038,6.495312690734863,0.17187993890986514,6.081963675362723,0.5618056938464564,5.344189371381487,1.44577437426669,0,0.6760111338332198,6.3940816
4.3543,7.045,0.43,25.28,26.33,24.42,78.42,6.76,120.1,101.44,26.56,21.26,23.27,1.7606,2.7089,0.47,2021-09-29,6.3940816,2021,9,2,272,0,4.9016933,6.6479797,6.3091507,5.264532,3.8675766,25.16,76.22,1.1,5.44,4.7602,5.952941258748372,0.9260361295273475,5.919393539428711,0.7187954033217405,5.474858181817191,1.299965769556145,1,0.618069552874379,8.550181
4.8602,7.0654,0.48,25.29,26.05,24.62,81.7,8.78,131.1,101.41,26.24,21.95,23.62,2.1566,2.9186,1.63,2021-09-30,8.550181,2021,9,3,273,0,6.3940816,4.9016933,6.6479797,5.3533783,4.3512073,25.28,78.42,0.47,6.76,4.3543,5.98125155766805,0.9435043821772355,6.080757754189627,0.6725842389884987,5.655322824205671,1.2333355585216144,0,0.6878874515243297,10.695729
5.0928,7.1606,0.5,25.32,26.47,24.47,77.53,9.44,114.5,101.34,26.43,21.11,23.22,3.0958,2.4401,1.35,2021-10-01,10.695729,2021,10,4,274,0,8.550181,6.3940816,4.9016933,6.430213,4.378606,25.29,81.7,1.63,8.78,4.8602,6.615318775177002,1.8342779700415388,6.537443910326276,1.066400006709977,5.955249547958374,1.3921378120082208,0,0.7112253163142754,10.341352
3.8522,7.0942,0.38,25.43,26.13,24.53,78.82,9.39,107.4,101.28,25.93,21.51,23.47,1.1114,2.6947,1.71,2021-10-02,10.341352,2021,10,5,275,0,10.695729,8.550181,6.3940816,6.5288076,2.7358809,25.32,77.53,1.35,9.44,5.0928,8.546664079030355,2.1508259885448986,7.146803379058838,1.8931393526227258,6.406472648893084,1.8044929057402166,0,0.5430069634349186,8.819881
3.0295,7.1609,0.3,25.59,26.53,24.92,82.44,8.62,97.9,101.13,25.99,22.37,23.98,1.1945,1.9891,30.18,2021-10-03,8.819881,2021,10,6,276,0,10.341352,10.695729,8.550181,6.3091507,6.449568,25.43,78.82,1.71,9.39,3.8522,9.862421035766602,1.1501632040858338,7.691452639443534,2.2079622976724815,6.949720621109009,1.758690692777142,0,0.4230613470373836,5.362587
4.6507,7.1688,0.46,25.99,26.89,25.14,88.15,7.27,83.1,100.92,26.23,23.89,24.94,2.0813,2.3299,61.43,2021-10-04,5.362587,2021,10,0,277,0,8.819881,10.341352,10.695729,6.6479797,7.389737,25.59,82.44,30.18,8.62,3.0295,9.95232105255127,0.9965993860313478,8.05012845993042,2.1491331403997465,7.119028738566807,1.8198677822253608,0,0.6487417698917531,6.0630255
4.3543,7.2122,0.42,25.95,26.73,25.23,89.88,5.11,77.3,100.9,26.23,24.17,25.06,1.7402,2.6935,32.18,2021-10-05,6.0630255,2021,10,1,278,0,5.362587,8.819881,10.341352,4.9016933,6.0396843,25.99,88.15,61.43,7.27,4.6507,8.174606959025065,2.5513351037031953,7.866500922611782,2.3357177416999844,6.9742322989872525,1.876437381214496,0,0.6037408835029534,5.170499
6.2518,7.2955,0.61,25.84,26.59,25.37,88.02,4.49,82.3,100.93,26.44,23.72,24.78,5.9232,1.7544,2.97,2021-10-06,5.170499,2021,10,2,279,0,6.0630255,5.362587,8.819881,6.3940816,5.264532,25.95,89.88,32.18,5.11,4.3543,6.74849796295166,1.8277378510503275,8.032405512673515,2.1214473674275016,6.975899526051113,1.8755533170112306,0,0.856939209101501,7.015508
5.8918,7.362,0.57,26.32,27.15,25.32,87.38,3.42,64.8,100.91,26.9,24.07,25.2,4.4002,2.2145,3.83,2021-10-07,7.015508,2021,10,3,280,0,5.170499,6.0630255,5.362587,8.550181,5.3533783,25.84,88.02,2.97,4.49,6.2518,5.532037099202474,0.46977223546199276,7.857607977730887,2.320048808371032,6.969182865960257,1.8823096430408939,0,0.8002988318391742,3.3995206
6.9689,7.404,0.67,26.13,27.16,25.16,84.61,3.13,136.3,101.04,27.33,23.34,24.74,7.235,1.5367,2.61,2021-10-08,3.3995206,2021,10,4,281,0,7.015508,5.170499,6.0630255,10.695729,6.430213,26.32,87.38,3.83,3.42,5.8918,6.083010832468669,0.9226670119915857,7.638368947165353,2.316202809190722,7.087906428745815,1.8240730489815278,0,0.9412344678552134,3.8500829
5.7086,7.3534,0.55,25.79,26.5,25.22,84.9,5.06,129.7,101.03,26.78,23.07,24.43,3.8366,2.4046,18.08,2021-10-09,3.8500829,2021,10,5,282,0,3.3995206,7.015508,5.170499,10.341352,6.5288076,26.13,84.61,2.61,3.13,6.9689,5.195175886154175,1.8081200701939164,6.596053430012295,2.352452770021567,6.871428404535566,2.07122600509004,0,0.7763211575597683,2.749406
4.4959,7.4057,0.43,25.75,26.68,25.08,86.91,4.94,109.4,100.79,26.42,23.41,24.58,2.1305,2.309,49.54,2021-10-10,2.749406,2021,10,6,283,0,3.8500829,3.3995206,7.015508,8.819881,6.3091507,25.79,84.9,18.08,5.06,5.7086,4.755037228266398,1.970545167752368,5.668729203087943,1.8573180532823514,6.680090921265738,2.2234467785899557,0,0.6070864334229039,4.6179876
6.03,7.6315,0.58,24.69,25.58,23.72,83.06,7.16,135.1,100.85,26.17,21.61,23.15,5.5478,1.9246,19.11,2021-10-11,4.6179876,2021,10,0,284,0,2.749406,3.8500829,3.3995206,5.362587,6.6479797,25.75,86.91,49.54,4.94,4.4959,3.333003203074137,0.5533450707895555,4.801518440246582,1.5289477604418984,6.425823450088501,2.460079138281678,0,0.7901461049597065,3.4037838
7.7054,7.8919,0.73,23.6,24.6,22.71,75.76,5.29,136.6,101.08,25.9,19.07,21.34,8.4672,1.4966,0.01,2021-10-12,3.4037838,2021,10,1,285,0,4.6179876,2.749406,3.8500829,6.0630255,4.9016933,24.69,83.06,19.11,7.16,6.03,3.739158868789673,0.9392163425000694,4.695147105625698,1.5091812987874396,6.28082401411874,2.505385445285087,1,0.9763681749642038,5.2855287
6.8074,7.8257,0.65,24.02,25.19,22.6,71.73,3.92,80.8,101.0,25.85,18.6,21.31,5.7619,2.2466,0.52,2021-10-13,5.2855287,2021,10,2,286,0,3.4037838,4.6179876,2.749406,5.170499,6.3940816,23.6,75.76,0.01,5.29,7.7054,3.590392510096232,0.9481647247616748,4.3152554375784735,1.4406059696674864,6.173830475125994,2.599046028218309,1,0.8698774550519442,8.532176
7.0594,7.5979,0.67,25.62,27.15,23.98,68.86,3.05,21.7,100.9,26.07,19.47,22.54,6.2148,2.2661,0.16,2021-10-14,8.532176,2021,10,3,287,0,5.2855287,3.4037838,4.6179876,7.015508,8.550181,24.02,71.73,0.52,3.92,6.8074,4.435766696929932,0.9540148233286517,4.331688267844064,1.4525937679700407,6.094648122787476,2.608688368772614,1,0.9291251530028034,7.812847
6.8678,7.591,0.65,26.41,27.88,24.82,72.0,3.75,10.1,100.96,26.92,20.96,23.68,7.0106,1.6702,0.06,2021-10-15,7.812847,2021,10,4,288,0,8.532176,5.2855287,3.4037838,3.3995206,10.695729,25.62,68.86,0.16,3.05,7.0594,5.7404961585998535,2.5942914751580126,4.5483551025390625,1.948194392738645,6.093362024852207,2.6073887693827715,1,0.9047292846792253,1.9580995
6.4188,7.5566,0.6,26.49,27.57,25.6,77.33,3.66,66.7,101.15,27.27,22.21,24.35,5.8022,2.2154,0.19,2021-10-16,1.9580995,2021,10,5,289,0,7.812847,8.532176,5.2855287,3.8500829,10.341352,26.41,72.0,0.06,3.75,6.8678,7.210183938344319,1.7051633251316598,5.1788303170885355,2.2108581664084648,5.887441873550415,2.313196122821284,1,0.8494296376677342,4.984237
6.2208,7.6087,0.58,26.04,27.04,25.13,80.62,5.26,86.9,101.31,27.16,22.46,24.25,4.123,3.0053,0.47,2021-10-17,4.984237,2021,10,6,290,0,1.9580995,7.812847,8.532176,2.749406,8.819881,26.49,77.33,0.19,3.66,6.4188,6.101040879885356,3.6058745213970296,4.90854697568076,2.497449656782538,5.288638089384351,2.150918952113614,1,0.8175903899483485,4.998306
5.8145,7.5178,0.54,26.6,27.5,25.82,81.97,6.69,91.8,101.4,27.16,23.29,24.94,4.3056,2.2399,1.6,2021-10-18,4.998306,2021,10,0,291,0,4.984237,1.9580995,7.812847,4.6179876,5.362587,26.04,80.62,0.47,5.26,6.2208,4.9183946053187055,2.9279291239660172,5.2278085606438776,2.3113442227677607,5.01466350044523,1.8956628971521694,0,0.7734310569581526,8.221384
6.5681,7.572,0.61,26.48,27.41,25.83,81.34,7.36,94.3,101.43,27.21,23.04,24.76,5.5486,2.083,1.2,2021-10-19,8.221384,2021,10,1,292,0,4.998306,4.984237,1.9580995,3.4037838,6.0630255,26.6,81.97,1.6,6.69,5.8145,3.9802141586939492,1.751216805042964,5.282139727047512,2.2990577606703644,4.988643416336605,1.8930181408099498,0,0.867419440042261,12.813168
6.6854,7.6906,0.62,26.21,27.09,25.47,79.37,7.29,100.7,101.39,27.15,22.36,24.28,6.0043,2.2111,1.16,2021-10-20,12.813168,2021,10,2,293,0,8.221384,4.998306,4.984237,5.2855287,5.170499,26.48,81.34,1.2,7.36,6.5681,6.067975680033366,1.8649196181912935,5.970368334225246,2.3632366716301103,5.1428118859018594,2.067129079519478,0,0.8692949834863339,13.149453
6.5453,7.7381,0.61,25.94,26.99,24.96,76.52,7.34,90.4,101.36,26.97,21.5,23.72,4.6406,2.7778,0.2,2021-10-21,13.149453,2021,10,3,294,0,12.813168,8.221384,4.998306,8.532176,7.015508,26.21,79.37,1.16,7.29,6.6854,8.677619139353434,3.9273564877713087,7.045745321682522,3.4585442932420154,5.688716794763293,2.911657122916419,1,0.8458536333208411,14.561991
7.1143,7.8314,0.66,26.15,27.23,25.3,73.58,5.54,101.4,101.47,27.14,21.07,23.61,6.253,2.2898,0.13,2021-10-22,14.561991,2021,10,4,295,0,13.149453,12.813168,8.221384,7.812847,3.3995206,25.94,76.52,0.2,7.34,6.5453,11.394668261210123,2.75328377049252,7.705356342451913,4.158712502657684,6.126855722495487,3.523824466627093,1,0.9084327195648287,6.6935115
6.8054,7.7746,0.63,25.56,26.52,24.81,76.89,6.76,112.5,101.29,26.95,21.22,23.39,6.228,2.3016,0.2,2021-10-23,6.6935115,2021,10,5,296,0,14.561991,13.149453,12.813168,1.9580995,3.8500829,26.15,73.58,0.13,5.54,7.1143,13.508203824361166,0.9279666718599511,8.669519713946752,4.903467174562649,6.924175015517643,4.078447089580633,1,0.8753376379492191,8.513645
6.9194,7.8206,0.64,25.09,25.94,24.31,77.05,5.79,103.5,101.05,26.98,20.8,22.95,6.0233,2.3153,0.07,2021-10-24,8.513645,2021,10,6,297,0,6.6935115,14.561991,13.149453,4.984237,2.749406,25.56,76.89,0.2,6.76,6.8054,11.468318462371826,4.19498532129218,9.346007142748151,4.080889247915517,7.127277059214456,3.9832742197031936,1,0.8847658747410685,6.072348
6.9982,7.7614,0.64,25.77,26.92,24.52,77.19,5.45,98.8,101.07,27.2,21.49,23.63,5.8853,2.2464,0.11,2021-10-25,6.072348,2021,10,0,298,0,8.513645,6.6935115,14.561991,4.998306,4.6179876,25.09,77.05,0.07,5.79,6.9194,9.923049132029215,4.119230034351289,9.850208282470703,3.64714957563469,7.53900842155729,3.7891251275423867,1,0.901667224985183,6.810936
7.2977,7.812,0.67,26.14,27.17,25.37,76.33,6.66,99.0,101.27,27.29,21.64,23.89,7.1578,1.98,0.15,2021-10-26,6.810936,2021,10,1,299,0,6.072348,8.513645,6.6935115,8.221384,3.4037838,25.77,77.19,0.11,5.45,6.9982,7.093168258666992,1.268769868315009,10.003642899649483,3.424827844596596,7.642891313348498,3.7222278982356802,1,0.9341653865847414,9.405006
7.3217,7.8458,0.67,25.84,26.76,25.08,75.52,7.81,110.8,101.37,27.1,21.19,23.51,6.641,2.1036,0.1,2021-10-27,9.405006,2021,10,2,300,0,6.810936,6.072348,8.513645,12.813168,5.2855287,26.14,76.33,0.15,6.66,7.2977,7.132309754689534,1.2519759011058604,9.802150317600795,3.584908429004404,7.886259325913021,3.530174022201355,1,0.9331999286242321,12.489729
7.3186,7.9258,0.67,25.82,26.87,24.62,77.1,5.67,109.3,101.25,27.29,21.51,23.67,6.6334,2.1336,0.08,2021-10-28,12.489729,2021,10,3,301,0,9.405006,6.810936,6.072348,13.149453,8.532176,25.84,75.52,0.1,7.81,7.3217,7.42943016688029,1.7503011514514215,9.315270151410784,3.3302037718043906,8.180507736546653,3.4678558557899564,1,0.9233894370284388,6.179757
6.4337,7.8358,0.59,26.15,26.84,25.32,81.04,5.32,95.4,101.24,27.07,22.66,24.4,4.7261,2.7814,0.37,2021-10-29,6.179757,2021,10,4,302,0,12.489729,9.405006,6.810936,14.561991,7.812847,25.82,77.1,0.08,5.67,7.3186,9.568557103474935,2.8429270082924294,9.221023832048688,3.210804560224859,8.4631900872503,3.654978705703549,1,0.8210648561729498,3.6656544
7.3644,7.9258,0.67,26.37,27.3,25.54,77.76,6.19,99.9,101.28,27.53,22.18,24.27,7.5319,1.7926,0.3,2021-10-30,3.6656544,2021,10,5,303,0,6.179757,12.489729,9.405006,6.6935115,1.9580995,26.15,81.04,0.37,5.32,6.4337,9.358164151509603,3.1552466950475964,8.023561886378697,2.328861148699146,8.346540800162725,3.703074842864096,1,0.9291680335108128,6.246566
7.7686,8.0849,0.71,26.09,27.14,24.86,78.59,5.14,97.5,101.19,27.72,22.08,24.08,8.0047,1.7398,0.21,2021-10-31,6.246566,2021,10,6,304,0,3.6656544,6.179757,12.489729,8.513645,4.984237,26.37,77.76,0.3,6.19,7.3644,7.4450468222300215,4.54607426814686,7.591010877064297,2.84177721037944,8.468509009906224,3.4989687516695547,1,0.9608776855619736,5.976538
7.1678,7.9994,0.65,26.43,27.52,25.5,77.37,5.43,73.1,101.12,27.82,22.15,24.29,6.3019,2.2634,0.21,2021-11-01,5.976538,2021,11,0,305,1,6.246566,3.6656544,6.179757,6.072348,4.998306,26.09,78.59,0.21,5.14,7.7686,5.36399245262146,1.4711831644060736,7.2671423980167935,2.848281037481607,8.558675340243749,3.4175928567113734,1,0.8960422031652374,4.7897186
4.8168,7.8991,0.44,26.6,27.86,25.73,78.92,2.94,43.8,101.09,27.55,22.62,24.61,2.2174,2.5495,21.4,2021-11-02,4.7897186,2021,11,1,306,1,5.976538,6.246566,3.6656544,6.810936,8.221384,26.43,77.37,0.21,5.43,7.1678,5.296252806981404,1.4185792377887043,7.253455264227731,2.855201210646626,8.628549081938607,3.3485023106262872,0,0.6097909888468306,3.720828
6.877,7.9042,0.62,26.5,27.59,25.59,84.18,4.33,79.0,101.12,27.52,23.62,25.06,5.4869,2.268,12.27,2021-11-03,3.720828,2021,11,2,307,1,4.7897186,5.976538,6.246566,9.405006,12.813168,26.6,78.92,21.4,2.94,4.8168,5.67094087600708,0.7750117541888472,6.96470992905753,3.0056502771311293,8.383430123329163,3.502655586523635,0,0.870043774195997,4.930932
1.4887,7.8499,0.13,26.33,26.9,25.79,89.57,5.04,84.6,101.18,26.62,24.5,25.41,0.1764,1.0656,34.25,2021-11-04,4.930932,2021,11,3,308,1,3.720828,4.7897186,5.976538,12.489729,13.149453,26.5,84.18,12.27,4.33,6.877,4.829028288523356,1.128368724767923,6.152684450149536,3.0043198502989457,7.73397730078016,3.460813473294958,0,0.18964572797105694,9.350287
6.0348,7.8552,0.54,26.27,27.49,25.19,83.99,4.84,89.7,101.0,27.08,23.33,24.8,3.2086,3.2148,3.36,2021-11-05,9.350287,2021,11,4,309,1,4.930932,3.720828,4.7897186,6.179757,14.561991,26.33,89.57,34.25,5.04,1.4887,4.480492909749349,0.6616670797486915,5.0728563240596225,1.1051373469940813,7.146940078054156,3.1550825265113818,0,0.7682554231591812,3.4568756
5.4062,7.8679,0.49,26.19,26.89,25.49,81.77,3.62,58.1,100.81,26.82,22.84,24.51,3.2414,2.5918,1.66,2021-11-06,3.4568756,2021,11,5,310,1,9.350287,4.930932,3.720828,3.6656544,6.6935115,26.27,83.99,3.36,4.84,6.0348,6.000682512919108,2.963271465561474,5.525789226804461,1.9563197333763445,6.774675556591579,2.4391159464179584,0,0.6871210869482327,4.9566607
6.0312,7.8852,0.54,26.72,27.67,25.71,82.15,3.19,93.9,100.85,27.7,23.43,25.08,3.415,2.6203,3.3,2021-11-07,4.9566607,2021,11,6,311,1,3.4568756,9.350287,4.930932,6.246566,8.513645,26.19,81.77,1.66,3.62,5.4062,5.91269834836324,3.0669161526300455,5.495963675635202,1.990694883033148,6.543487276349749,2.595760785193849,0,0.7648759701719677,4.0991282
6.7008,7.9073,0.6,27.05,27.82,26.41,86.3,4.02,57.8,100.97,27.41,24.57,25.81,4.907,2.2699,27.31,2021-11-08,4.0991282,2021,11,0,312,1,4.9566607,3.4568756,9.350287,5.976538,6.072348,26.72,82.15,3.3,3.19,6.0312,5.921274582544963,3.0628313321913043,5.311691522598267,1.9692192695868702,6.28941696030753,2.561946898548192,0,0.8474194731450685,4.271932
5.5306,7.9973,0.49,26.94,27.66,26.29,83.03,4.29,96.7,101.0,27.33,23.83,25.38,2.5416,3.1464,1.54,2021-11-09,4.271932,2021,11,1,313,1,4.0991282,4.9566607,3.4568756,4.7897186,6.810936,27.05,86.3,27.31,4.02,6.7008,4.170888185501099,0.7524632993284752,5.043490103312901,1.9913024130177783,6.148472683770316,2.628227928352105,0,0.6915584009603241,6.192444
4.6973,8.0333,0.42,26.61,27.06,26.11,85.43,3.79,96.2,100.96,27.25,23.99,25.3,0.7992,3.2042,2.1,2021-11-10,6.192444,2021,11,2,314,1,4.271932,4.0991282,4.9566607,3.720828,9.405006,26.94,83.03,1.54,4.29,5.5306,4.442573706309001,0.4535189186711834,4.969520602907453,2.0118115030841306,5.967115265982492,2.666323401229904,0,0.5847285673384537,4.5748544
5.995,7.9889,0.53,26.6,27.41,25.68,83.05,2.88,73.4,100.98,27.29,23.49,25.04,2.7158,3.2664,1.56,2021-11-11,4.5748544,2021,11,3,315,1,6.192444,4.271932,4.0991282,4.930932,12.489729,26.61,85.43,2.1,3.79,4.6973,4.854501406351726,1.1619091088865712,5.322608573096139,1.9726430462490538,5.737646511622837,2.4793786593034244,0,0.7504162024809423,7.0920334
5.4067,8.0496,0.48,26.48,27.18,25.79,84.64,2.96,112.1,100.9,27.38,23.7,25.09,1.512,3.3346,6.28,2021-11-12,7.0920334,2021,11,4,316,1,4.5748544,6.192444,4.271932,9.350287,6.179757,26.6,83.05,1.56,2.88,5.995,5.0130767822265625,1.0325311029096111,5.271740334374564,1.9889501553670208,5.172298329217093,1.5492417408573014,0,0.6716731266149871,4.0871344
7.4028,8.1948,0.66,26.37,27.5,25.56,84.79,3.77,129.2,100.92,28.05,23.62,24.99,7.5612,1.9452,2.81,2021-11-13,4.0871344,2021,11,5,317,1,7.0920334,4.5748544,6.192444,3.4568756,3.6656544,26.48,84.64,6.28,2.96,5.4067,5.953110535939534,1.2755421869001637,4.94913261277335,1.270559355275577,5.237460919788906,1.6127595276807523,0,0.9033533460243081,1.6926193
7.4875,8.2056,0.66,26.32,27.33,25.4,84.94,4.31,111.7,100.95,28.26,23.59,24.96,7.2907,1.9913,0.86,2021-11-14,1.6926193,2021,11,6,318,1,4.0871344,7.0920334,4.5748544,4.9566607,6.246566,26.37,84.79,2.81,3.77,7.4028,5.2513407071431475,1.6126313456033992,5.039169584001813,1.165145895039476,5.267566629818508,1.5848537761208463,1,0.9124865945208149,2.517922
7.7489,8.2092,0.69,26.47,27.5,25.46,79.58,5.27,133.3,100.95,28.28,22.65,24.56,7.6337,1.9505,0.14,2021-11-15,2.517922,2021,11,0,319,1,1.6926193,4.0871344,7.0920334,4.0991282,5.976538,26.32,84.94,0.86,4.31,7.4875,4.290595690409343,2.7054510601603683,4.572877952030727,1.723174661028599,4.9422847373144965,1.8185664660117202,1,0.943928762851435,3.7514596
7.662,8.3266,0.68,26.02,26.91,25.06,78.14,6.03,117.2,100.94,28.0,21.92,23.97,7.1918,2.2042,0.16,2021-11-16,3.7514596,2021,11,1,320,1,2.517922,1.6926193,4.0871344,4.271932,4.7897186,26.47,79.58,0.14,5.27,7.7489,2.7658918698628745,1.2163644135561162,4.3469913346426825,1.8910851213918907,4.695240718977792,1.900340380245635,1,0.920183508274686,4.9379377
7.0925,8.2598,0.63,26.53,27.68,25.49,78.92,6.78,99.6,100.84,28.04,22.58,24.55,7.1503,1.9721,0.35,2021-11-17,4.9379377,2021,11,2,321,1,3.7514596,2.517922,1.6926193,6.192444,3.720828,26.02,78.14,0.16,6.03,7.662,2.6540002822875977,1.0361437201810686,4.272638116564069,1.904710956838058,4.621079359735761,1.9165597046118736,1,0.8586769655439599,2.8686316
7.8982,8.377,0.7,26.65,27.62,25.76,73.41,5.7,102.1,100.78,28.02,21.51,24.08,7.325,2.2459,0.14,2021-11-18,2.8686316,2021,11,3,322,1,4.9379377,3.7514596,2.517922,4.5748544,4.930932,26.53,78.92,0.35,6.78,7.0925,3.7357730865478516,1.2100841633868717,4.093422957829067,1.7464099366948118,4.708015765462603,1.9001163931582712,1,0.9428435000596872,5.843383
7.6214,8.179,0.67,26.59,27.26,25.69,75.96,4.89,91.8,100.81,27.79,22.01,24.3,7.0939,2.2078,0.6,2021-11-19,5.843383,2021,11,4,323,1,2.8686316,4.9379377,3.7514596,7.0920334,9.350287,26.65,73.41,0.14,5.7,7.8982,3.8526763121287027,1.0383595656625513,3.8496768474578857,1.786623374609484,4.560708590916225,1.9604866111462456,1,0.9318254065289155,5.749776
5.442,8.0494,0.48,27.08,27.74,26.35,85.02,5.05,52.0,100.79,27.49,24.37,25.73,3.534,2.3983,12.44,2021-11-20,5.749776,2021,11,5,324,1,5.843383,2.8686316,4.9379377,4.0871344,3.4568756,26.59,75.96,0.6,4.89,7.6214,4.549984057744344,1.5248499168045335,3.6712981973375594,1.4370915963768873,4.310215405055454,1.4621462824424634,0,0.6760752354212737,7.7387733
6.9996,8.077,0.62,27.5,28.55,26.63,83.28,2.93,46.9,101.0,28.2,24.41,25.96,5.3602,2.6532,9.94,2021-11-21,7.7387733,2021,11,6,325,1,5.749776,5.843383,2.8686316,1.6926193,4.9566607,27.08,85.02,12.44,5.05,5.442,4.8205967744191485,1.6910992262201616,3.908818415233067,1.6403064932181177,4.4739939996174405,1.487407405446539,0,0.8666088894391482,3.8128362
7.6937,8.0722,0.68,27.23,27.84,26.44,84.56,3.34,90.3,101.11,28.18,24.4,25.82,7.6015,2.1144,0.88,2021-11-22,3.8128362,2021,11,0,326,1,7.7387733,5.749776,5.843383,2.517922,4.0991282,27.5,83.28,9.94,2.93,6.9996,6.443977355957031,1.1223025692697357,4.772554704121181,1.856446698718224,4.672716328075954,1.723902089049839,1,0.9531106761477663,4.531394
6.8635,8.1466,0.6,27.25,28.16,26.5,82.87,3.7,130.9,101.01,28.52,24.1,25.67,4.669,2.8843,1.15,2021-11-23,4.531394,2021,11,1,327,1,3.8128362,7.7387733,5.749776,3.7514596,4.271932,27.23,84.56,0.88,3.34,7.6937,5.7671284675598145,1.9630261106354459,4.9575424534933905,1.6470434872316406,4.6522668940680365,1.7329040865562941,0,0.842498711118749,2.774982
7.4866,8.1185,0.66,27.45,28.47,26.47,79.72,3.05,120.1,100.87,28.53,23.62,25.53,7.1124,1.961,2.51,2021-11-24,2.774982,2021,11,2,328,1,4.531394,3.8128362,7.7387733,4.9379377,6.192444,27.25,82.87,1.15,3.7,6.8635,5.361001173655192,2.0903185685249532,5.068961654390607,1.5767361051651767,4.670799885477338,1.7299084583544124,0,0.9221654246474104,4.458741
5.4622,8.1826,0.48,27.15,27.6,26.59,81.28,3.45,112.3,100.82,28.37,23.68,25.42,2.4991,3.0926,2.83,2021-11-25,4.458741,2021,11,3,329,1,2.774982,4.531394,3.8128362,2.8686316,4.5748544,27.45,79.72,2.51,3.05,7.4866,3.7064040501912436,0.8830298133497044,4.759967974254063,1.8024712809219614,4.426695466041565,1.7397632513435655,0,0.6675384352161904,4.709875
5.5049,8.2034,0.48,27.37,28.05,26.54,79.64,3.1,50.1,100.93,28.24,23.51,25.44,1.2079,3.8342,21.5,2021-11-26,4.709875,2021,11,4,330,1,4.458741,2.774982,4.531394,5.843383,7.0920334,27.15,81.28,2.83,3.45,5.4622,3.921705722808838,0.9937560678216498,4.98712648664202,1.614816485147975,4.418401667049953,1.739279317292957,0,0.671051027622693,6.3068695
2.6638,8.1072,0.23,26.76,27.46,25.58,80.88,4.64,100.4,101.13,27.88,23.2,24.98,0.2407,1.8953,8.38,2021-11-27,6.3068695,2021,11,5,331,1,4.709875,4.458741,2.774982,5.749776,4.0871344,27.37,79.64,21.5,3.1,5.5049,3.9811994234720864,1.052134715724217,4.825196811131069,1.5708775964624666,4.248247504234314,1.5654323343573402,0,0.3285721334122755,5.0837164
6.3593,8.04,0.56,27.51,28.35,26.71,82.56,4.79,101.4,101.04,28.45,24.29,25.9,4.2631,2.7931,5.21,2021-11-28,5.0837164,2021,11,6,332,1,6.3068695,4.709875,4.458741,7.7387733,1.6926193,26.76,80.88,8.38,4.64,2.6638,5.158495267232259,1.0024168828023394,4.90478161403111,1.6381956467894316,4.406800014632089,1.6575594116253187,0,0.7909577114427861,6.204207
6.1426,8.0494,0.54,27.02,27.41,26.44,85.31,5.84,114.1,100.91,28.09,24.36,25.69,3.0746,3.1306,9.58,2021-11-29,6.204207,2021,11,0,333,1,5.0837164,6.3068695,4.709875,3.8128362,2.517922,27.51,82.56,5.21,4.79,6.3593,5.366820335388184,0.8352895667247129,4.5254877635410855,1.0874719617998505,4.649021233831133,1.4672733721808282,0,0.7631127785921932,8.195549
6.0266,8.095,0.53,26.89,27.45,26.19,76.84,7.99,110.1,100.88,28.01,22.48,24.68,3.3283,2.856,3.8,2021-11-30,8.195549,2021,11,1,334,1,6.204207,5.0837164,6.3068695,4.531394,3.7514596,27.02,85.31,9.58,5.84,6.1426,5.864930947621663,0.6784961579165047,4.867112159729004,1.1964424210560771,4.912327306611197,1.3838069570659495,0,0.7444842495367511,6.252165
6.7735,8.3606,0.59,26.72,27.59,25.75,71.99,6.63,111.8,100.88,28.02,21.26,23.99,5.7631,2.4794,0.85,2021-12-01,6.252165,2021,12,2,335,1,8.195549,6.204207,5.0837164,2.774982,4.9379377,26.89,76.84,3.8,7.99,6.0266,6.494490782419841,1.5760945695200046,5.390562874930246,1.714478902251888,5.229762264660427,1.5912066929818505,1,0.8101691266177069,6.012609
6.3737,8.3023,0.55,26.57,27.42,25.65,78.69,7.21,126.9,100.76,27.93,22.58,24.58,5.5495,2.3897,6.4,2021-12-02,6.012609,2021,12,3,336,1,6.252165,8.195549,6.204207,4.458741,2.8686316,26.72,71.99,0.85,6.63,6.7735,6.883973598480225,1.1361107065219744,5.887303284236363,1.278701470514695,5.323635629245213,1.6113056857819894,0,0.7677029256952892,6.325159
6.2242,8.1958,0.54,26.99,27.8,26.22,79.89,6.83,111.4,100.65,28.08,23.24,25.12,5.0462,2.6599,6.05,2021-12-03,6.325159,2021,12,4,337,1,6.012609,6.252165,8.195549,4.709875,5.843383,26.57,78.69,6.4,7.21,6.3737,6.820107618967692,1.1971741800045894,6.109284400939941,1.1135863424057162,5.548205443790981,1.454266277658826,0,0.7594377608043144,4.527877
7.1563,8.2675,0.62,27.23,28.12,26.45,79.77,6.46,112.5,100.59,28.14,23.45,25.34,6.4397,2.303,3.12,2021-12-04,4.527877,2021,12,5,338,1,6.325159,6.012609,6.252165,6.3068695,5.749776,26.99,79.89,6.05,6.83,6.2242,6.196644306182861,0.16350468969102616,6.340039253234863,0.9269994732506776,5.582618032182966,1.4674290276179278,0,0.8655941941336559,6.3143625
6.4517,8.2519,0.56,27.54,28.6,26.58,79.05,4.74,106.6,100.64,28.21,23.58,25.55,4.0802,3.5131,8.92,2021-12-05,6.3143625,2021,12,6,339,1,4.527877,6.325159,6.012609,5.0837164,7.7387733,27.23,79.77,3.12,6.46,7.1563,5.621881643931071,0.9602378593994986,6.085897445678711,1.1537391430575026,5.495339529854911,1.4928397062564707,0,0.7818441813400551,7.9877334
4.8254,8.1746,0.42,27.14,27.73,26.65,86.9,4.95,80.0,100.62,27.73,24.78,25.96,0.9775,2.9806,15.09,2021-12-06,7.9877334,2021,12,0,340,1,6.3143625,4.527877,6.325159,6.204207,3.8128362,27.54,79.05,8.92,4.74,6.4517,5.722466150919597,1.0345587623208796,6.26170403616769,1.0660017034152662,5.393595899854388,1.371812212562879,0,0.5902918797250019,4.9537086
5.8913,8.1634,0.51,27.07,27.43,26.75,87.29,6.7,85.6,100.75,27.66,24.79,25.93,3.3034,2.6964,42.74,2021-12-07,4.9537086,2021,12,1,341,1,7.9877334,6.3143625,4.527877,8.195549,4.531394,27.14,86.9,15.09,4.95,4.8254,6.276657581329346,1.7302364043286835,6.51649352482387,1.247638123992317,5.691802842276437,1.453114909913726,0,0.7216723424063504,3.9824145
5.8222,8.1259,0.5,26.46,26.69,26.29,85.81,6.54,88.0,100.76,27.35,23.92,25.19,2.5601,3.1478,22.33,2021-12-08,3.9824145,2021,12,2,342,1,4.9537086,7.9877334,6.3143625,6.252165,2.774982,27.07,87.29,42.74,6.7,5.8913,6.4186015129089355,1.5196959624390387,6.05337347303118,1.115146724030363,5.721968173980713,1.4313939775250921,0,0.7164990954848078,2.9661145
6.8928,8.2253,0.6,27.02,27.69,26.24,85.51,5.39,104.1,100.65,28.23,24.39,25.71,5.9338,2.3621,10.62,2021-12-09,2.9661145,2021,12,3,343,1,3.9824145,4.9537086,7.9877334,6.012609,4.458741,26.46,85.81,22.33,6.54,5.8222,5.641285498936971,2.089310000105041,5.729123422077724,1.3524483818973858,5.8082133531570435,1.2671208277985915,0,0.8379998297934421,3.204235
6.137,8.2462,0.53,26.96,27.61,26.45,84.22,4.93,78.4,100.74,28.15,24.08,25.52,4.2382,2.6412,10.48,2021-12-10,3.204235,2021,12,4,344,1,2.9661145,3.9824145,4.9537086,6.325159,4.709875,27.02,85.51,10.62,5.39,6.8928,3.9674125512441,0.9938819837196246,5.293909924370902,1.6932551661250532,5.701597162655422,1.4403538554880395,0,0.7442215808493609,2.719851
7.1256,8.1926,0.62,27.1,28.09,26.41,81.71,4.99,87.3,100.88,28.28,23.71,25.41,5.7238,2.5488,3.77,2021-12-11,2.719851,2021,12,5,345,1,3.204235,2.9661145,3.9824145,4.527877,6.3068695,26.96,84.22,10.48,4.93,6.137,3.3842546939849854,0.5315277044495946,4.84806363923209,1.7848665747375736,5.594051446233477,1.5704342758725742,0,0.8697605155872372,3.079272
6.4745,8.2274,0.56,27.0,28.04,26.31,83.21,4.98,95.3,100.9,28.07,23.91,25.46,5.1878,2.9585,4.42,2021-12-12,3.079272,2021,12,6,346,1,2.719851,3.204235,2.9661145,6.3143625,5.0837164,27.1,81.71,3.77,4.99,7.1256,2.9634002049764,0.24220343723068694,4.5897742339542935,1.9610485123823733,5.337835839816502,1.7297242553734136,0,0.7869436273913996,3.327578
6.9574,8.2985,0.6,26.82,27.51,26.19,81.6,4.23,105.5,100.77,28.34,23.43,25.13,5.9275,3.5688,0.63,2021-12-13,3.327578,2021,12,0,347,1,3.079272,2.719851,3.204235,7.9877334,6.204207,27.0,83.21,4.42,4.98,6.4745,3.001119375228882,0.25147138538533265,4.127618449074881,1.8657690079842542,5.194661242621286,1.8322925165918937,1,0.8383924805687774,5.7777996
6.9449,8.3705,0.6,27.04,28.03,26.01,80.75,3.59,60.0,100.61,28.54,23.46,25.25,5.0599,3.9461,1.04,2021-12-14,5.7777996,2021,12,1,348,1,3.327578,3.079272,2.719851,4.9537086,8.195549,26.82,81.6,0.63,4.23,6.9574,3.04223370552063,0.3055518291092463,3.4618819781712125,0.7663447940876859,4.989187751497541,1.8712519943874824,0,0.8296875933337315,9.277084
6.3091,8.0501,0.55,28.02,29.26,26.83,79.08,4.81,7.9,100.62,28.49,24.05,26.04,4.9195,3.5866,10.59,2021-12-15,9.277084,2021,12,2,349,1,5.7777996,3.327578,3.079272,3.9824145,6.252165,27.04,80.75,1.04,3.59,6.9449,4.06154990196228,1.4914921245743082,3.5796092578342984,1.0459936041433522,4.816491365432739,1.6512049653675156,0,0.7837293946659047,9.643927
5.2634,8.1382,0.46,28.12,29.26,26.97,79.12,4.78,10.0,100.55,28.71,24.16,26.14,0.4862,3.8986,4.51,2021-12-16,9.643927,2021,12,3,350,1,9.277084,5.7777996,3.327578,2.9661145,6.012609,28.02,79.08,10.59,4.81,6.3091,6.127487341562907,2.990128322734822,4.33599066734314,2.41035254147529,5.0325570447104315,2.012009367856674,0,0.6467523531001942,6.4069104
5.7742,8.1684,0.5,28.23,29.02,27.42,80.32,6.81,23.0,100.64,28.5,24.53,26.38,3.3461,3.1325,12.99,2021-12-17,6.4069104,2021,12,4,351,1,9.643927,9.277084,5.7777996,3.204235,6.325159,28.12,79.12,4.51,4.78,5.2634,8.23293685913086,2.134108129954693,5.289963824408395,3.0217535246046308,5.291936874389648,2.3532089224877044,0,0.7068948631310906,9.139093
7.3433,8.1509,0.63,28.35,29.18,27.56,79.17,6.96,40.7,100.82,28.58,24.4,26.37,5.8222,2.4269,12.57,2021-12-18,9.139093,2021,12,5,352,1,6.4069104,9.643927,9.277084,2.719851,4.527877,28.23,80.32,12.99,6.81,5.7742,8.442640463511148,1.7725097804871874,5.747488873345511,2.8930366766879594,5.297776256288801,2.356069731644404,0,0.9009189169294188,4.4107084
6.3055,8.1266,0.54,28.23,29.25,27.59,81.15,6.65,63.4,101.01,28.77,24.7,26.47,3.8196,2.9023,19.31,2021-12-19,4.4107084,2021,12,6,353,1,9.139093,6.4069104,9.643927,3.079272,6.3143625,28.35,79.17,12.57,6.96,7.3433,8.396643479665121,1.741548846144989,6.664523499352591,2.7888973331311595,5.627148866653442,2.5541520257133996,0,0.775908744124234,6.00798
7.3039,8.2421,0.63,28.03,28.74,27.31,83.32,6.03,80.3,101.05,28.68,24.95,26.49,5.5711,2.7319,10.06,2021-12-20,6.00798,2021,12,0,354,1,4.4107084,9.139093,6.4069104,3.327578,7.9877334,28.23,81.15,19.31,6.65,6.3055,6.652237415313721,2.3737196782953784,6.854728698730469,2.537718731988458,5.4911735739026755,2.5654002270039533,0,0.8861697868261729,7.4113016
6.9559,8.2274,0.6,28.01,28.65,27.54,81.67,5.54,86.1,100.92,28.51,24.6,26.3,4.9082,2.7833,1.51,2021-12-21,7.4113016,2021,12,1,355,1,6.00798,4.4107084,9.139093,5.7777996,4.9537086,28.03,83.32,10.06,6.03,7.3039,6.51926056543986,2.4052987490590714,7.237643241882324,2.0772548130652266,5.349762610026768,2.469988124120651,0,0.8454554294187715,6.5314794
7.7254,8.3196,0.67,27.59,28.09,27.05,82.21,4.5,83.2,100.76,28.82,24.3,25.95,6.9864,2.19,1.49,2021-12-22,6.5314794,2021,12,2,356,1,7.4113016,6.00798,4.4107084,9.277084,3.9824145,28.01,81.67,1.51,5.54,6.9559,5.943329970041911,1.5013409250608554,7.471000671386719,1.9751687400746218,5.525304964610508,2.5263626939383266,0,0.9285782970335112,2.2358222
7.4947,8.2092,0.65,27.83,28.52,27.09,81.55,4.58,81.0,100.77,29.11,24.4,26.12,6.613,2.4007,1.87,2021-12-23,2.2358222,2021,12,3,357,1,6.5314794,7.4113016,6.00798,9.643927,2.9661145,27.59,82.21,1.49,4.5,7.7254,6.650253613789876,0.7091603988951224,7.078771386827741,1.8235315859489787,5.70738102708544,2.4983126948774657,0,0.912963504360961,6.253288
7.0454,8.2714,0.61,28.14,28.95,27.45,78.42,6.65,84.4,100.81,28.79,24.05,26.1,5.3566,2.761,7.63,2021-12-24,6.253288,2021,12,4,358,1,2.2358222,6.5314794,7.4113016,6.4069104,3.204235,27.83,81.55,1.87,4.58,7.4947,5.392867724100749,2.7692461297256727,6.020470755440848,2.197943680310481,5.655217289924622,2.566641715259988,0,0.8517784171966052,4.363898
6.0163,8.3026,0.52,27.69,28.36,27.07,80.81,5.71,82.0,100.9,28.83,24.12,25.9,2.4862,3.6638,17.14,2021-12-25,4.363898,2021,12,5,359,1,6.253288,2.2358222,6.5314794,9.139093,2.719851,28.14,78.42,7.63,6.65,7.0454,5.006863117218018,2.403819555907584,5.9985246658325195,2.194205827235092,5.873006769589016,2.4702190644289574,0,0.7246284296485439,5.3898683
1.7647,8.1461,0.15,26.83,27.23,26.54,84.16,3.01,87.8,100.92,28.24,23.93,25.38,0.4762,1.1381,41.93,2021-12-26,5.3898683,2021,12,6,360,1,4.363898,6.253288,2.2358222,4.4107084,3.079272,27.69,80.81,17.14,5.71,6.0163,4.284335931142171,2.0099141804732716,5.316353866032192,1.7530244956421297,5.990438682692392,2.344678493018887,0,0.21663127140594884,3.8061643
4.4789,8.2133,0.39,27.36,28.12,26.44,79.69,4.95,24.1,100.82,28.53,23.56,25.46,0.6634,3.097,10.13,2021-12-27,3.8061643,2021,12,0,361,1,5.3898683,4.363898,6.253288,6.00798,3.327578,26.83,84.16,41.93,3.01,1.7647,5.335684617360433,0.9458596806830502,5.456233842032296,1.7071816514215163,6.155481270381382,2.2009118887502908,0,0.5453228300439531,5.1321898
5.5572,8.136,0.48,27.46,28.31,26.72,82.64,4.94,4.7,100.7,28.44,24.27,25.87,1.0118,3.653,9.05,2021-12-28,5.1321898,2021,12,1,362,1,3.8061643,5.3898683,4.363898,7.4113016,5.7777996,27.36,79.69,10.13,4.95,4.4789,4.519976774851481,0.8033057141812096,5.141688755580357,1.7894389622042157,6.189665998731341,2.15688636656238,0,0.6830383480825959,5.131099
6.6086,8.1492,0.57,27.86,28.71,26.92,81.17,4.94,353.3,100.58,28.47,24.34,26.1,4.7256,2.7437,6.84,2021-12-29,5.131099,2021,12,2,363,1,5.1321898,3.8061643,5.3898683,6.5314794,9.277084,27.46,82.64,9.05,4.94,5.5572,4.776074091593425,0.8497901845325615,4.816101346697126,1.4899355903391884,6.143551009041922,2.1732095048496216,0,0.810950768173563,5.8382454
7.153,8.1406,0.62,28.01,28.8,27.02,80.86,4.15,11.0,100.57,28.72,24.42,26.21,5.5663,2.7185,8.14,2021-12-30,5.8382454,2021,12,3,364,1,5.131099,5.1321898,3.8061643,2.2358222,9.643927,27.86,81.17,6.84,4.94,6.6086,4.689817746480306,0.7652665576364402,4.616047041756766,1.303584688750719,5.847409214292254,1.9879471845930958,0,0.8786821610200722,4.326324
3.3235,8.1439,0.29,27.56,27.94,27.23,85.19,4.7,18.2,100.63,28.29,24.87,26.22,1.0814,2.0364,22.82,2021-12-31,4.326324,2021,12,4,365,1,5.8382454,5.131099,5.1321898,6.253288,6.4069104,28.01,80.86,8.14,4.15,7.153,5.367178122202556,0.40795658679422747,5.130678926195417,0.8337040764403861,5.575574840818133,1.6624163761782145,0,0.40809685777084687,3.840192
1.7904,8.1091,0.15,27.32,28.02,26.79,84.23,4.87,359.4,100.43,28.24,24.43,25.88,0.5633,1.1755,35.75,2022-01-01,3.840192,2022,1,5,1,1,4.326324,5.8382454,5.131099,4.363898,9.139093,27.56,85.19,22.82,4.7,3.3235,5.098556200663249,0.7564858694010628,4.855398382459368,0.7102412127589931,5.426961524145944,1.6753294212121363,0,0.22078899014687203,4.0177817
6.5758,8.327,0.57,27.8,29.08,26.75,85.13,3.99,29.8,100.07,28.83,25.09,26.45,5.0918,2.6441,11.08,2022-01-02,4.0177817,2022,1,6,2,1,3.840192,4.326324,5.8382454,5.3898683,4.4107084,27.32,84.23,35.75,4.87,1.7904,4.668253819147746,1.0419890919629287,4.780583279473441,0.7933626114755324,5.0484685727528165,1.3364646278270143,0,0.7896961690885073,7.7806277
7.4021,8.4583,0.64,27.4,28.13,26.59,85.28,4.48,119.0,99.87,28.89,24.73,26.07,6.4745,2.3839,2.57,2022-01-03,7.7806277,2022,1,0,3,1,4.0177817,3.840192,4.326324,3.8061643,6.00798,27.8,85.13,11.08,3.99,6.5758,4.061432600021362,0.24598802039793435,4.584570918764387,0.7872142329265482,5.020402380398342,1.35488686777599,0,0.875128571935259,8.237435
7.5058,8.4425,0.65,27.55,28.45,26.57,81.58,3.38,141.2,100.05,29.18,24.12,25.83,7.8948,1.973,3.97,2022-01-04,8.237435,2022,1,1,4,1,7.7806277,4.0177817,3.840192,5.1321898,7.4113016,27.4,85.28,2.57,4.48,7.4021,5.212867180506389,2.22551796025991,5.152351413454328,1.3583370265190562,5.147020084517343,1.526268087786915,0,0.8890494521764879,10.707261
7.1026,8.3496,0.61,28.12,29.18,27.13,81.69,4.18,176.4,100.24,29.12,24.69,26.4,6.9588,3.4958,2.04,2022-01-05,10.707261,2022,1,2,5,1,8.237435,7.7806277,4.0177817,5.131099,6.5314794,27.55,81.58,3.97,3.38,7.5058,6.6786149342854815,2.315641009926368,5.595957926341465,1.7893344220858107,5.206029636519296,1.6327977740292565,0,0.8506515282169205,5.1601744
3.7834,8.2282,0.33,28.03,28.61,27.29,85.42,8.53,2.2,100.46,28.42,25.37,26.7,0.2076,2.6808,5.32,2022-01-06,5.1601744,2022,1,3,6,1,10.707261,8.237435,7.7806277,5.8382454,2.2358222,28.12,81.69,2.04,4.18,7.1026,8.908441384633383,1.574478496552418,6.392552477972848,2.603769455309484,5.504299759864807,2.1824402534787226,0,0.4598089497095355,6.243326
4.1594,8.1478,0.36,27.77,28.37,27.11,85.82,7.73,2.2,100.57,28.37,25.19,26.48,0.7202,2.677,17.82,2022-01-07,6.243326,2022,1,4,7,1,5.1601744,10.707261,8.237435,4.326324,6.253288,28.03,85.42,5.32,8.53,3.7834,8.034956932067871,2.7790809429370236,6.295685189110892,2.6401865089610284,5.713182057653155,1.9757028410406843,0,0.5104936301823805,6.7394695
1.7405,8.2039,0.15,27.69,28.52,27.06,84.33,8.99,4.0,100.56,28.3,24.82,26.25,0.2746,1.2182,50.0,2022-01-08,6.7394695,2022,1,5,8,1,6.243326,5.1601744,10.707261,3.840192,4.363898,27.77,85.82,17.82,7.73,4.1594,7.370253880818685,2.940241023787754,6.569542646408081,2.497428056393158,5.712470514433725,1.9754951436706967,0,0.2121551944806738,8.119336
1.7794,8.1283,0.15,27.07,27.43,26.55,87.03,13.09,16.2,100.31,27.97,24.75,25.91,0.3437,1.2348,93.76,2022-01-09,8.119336,2022,1,6,9,1,6.7394695,6.243326,5.1601744,4.0177817,5.3898683,27.69,84.33,50.0,8.99,1.7405,6.047656695048015,0.8076250441419904,6.9837251390729636,2.1909500241090853,5.882154209273202,1.9526419309371827,0,0.21891416409335288,6.284239
3.8866,8.0746,0.34,27.73,28.59,26.64,86.37,14.56,355.6,99.94,28.12,25.26,26.49,0.8398,2.5774,87.02,2022-01-10,6.284239,2022,1,0,10,1,8.119336,6.7394695,6.243326,7.7806277,3.8061643,27.07,87.03,93.76,13.09,1.7794,7.034043947855632,0.9720771015279004,7.569661481039865,1.774406675970675,6.077116199902126,2.034264781739984,0,0.4813365367943923,7.385644
4.7009,8.1905,0.41,28.23,28.8,27.96,88.45,11.38,3.5,100.19,28.2,26.15,27.19,0.7939,2.9386,55.39,2022-01-11,7.385644,2022,1,1,11,1,6.284239,8.119336,6.7394695,8.237435,5.1321898,27.73,86.37,87.02,14.56,3.8866,7.047681490580241,0.9555843747648484,7.355891636439732,1.8338954967310404,6.25412152494703,1.926417087264456,0,0.5739454245772541,6.3540354
4.5737,8.1778,0.4,28.58,29.58,27.89,86.18,8.67,345.8,100.35,28.5,26.04,27.31,1.7594,2.4506,14.13,2022-01-12,6.3540354,2022,1,2,12,1,7.385644,6.284239,8.119336,10.707261,5.131099,28.23,88.45,55.39,11.38,4.7009,7.263072967529297,0.9236683782338458,7.2342071533203125,1.7934674172961635,6.415082539830889,1.9195947120265247,0,0.5592824476020446,5.794746
6.8172,8.1089,0.59,28.57,29.66,27.87,85.58,7.78,324.6,100.29,28.47,25.9,27.24,5.8274,2.7689,9.27,2022-01-13,5.794746,2022,1,3,13,1,6.3540354,7.385644,6.284239,5.1601744,5.8382454,28.58,86.18,14.13,8.67,4.5737,6.674639383951823,0.6167361829636374,6.612317766462054,0.9402593732631739,6.502435122217451,1.8841700300858237,0,0.8407058910579733,6.866806
7.0399,8.2238,0.61,28.6,30.03,27.33,81.18,5.53,281.7,100.23,28.66,25.05,26.83,6.2292,2.2176,2.52,2022-01-14,6.866806,2022,1,4,14,1,5.794746,6.3540354,7.385644,6.243326,4.326324,28.57,85.58,9.27,7.78,6.8172,6.511475086212158,0.807049928695356,6.7029708453587125,0.7965240679915971,6.499328017234802,1.885385044905344,0,0.8560397869597995,9.282445
6.4135,8.1286,0.56,27.87,29.12,26.85,81.31,4.59,273.6,100.3,28.37,24.38,26.12,7.3394,1.9262,4.98,2022-01-15,9.282445,2022,1,5,15,1,6.866806,5.794746,6.3540354,6.7394695,3.840192,28.6,81.18,2.52,5.53,7.0399,6.338529109954834,0.5361982395907661,6.792039394378662,0.7710101443721958,6.680791020393372,1.7794313708750922,0,0.7890042565755481,7.714995
5.6693,8.0892,0.49,27.1,27.7,26.64,79.21,3.6,192.9,100.4,28.16,23.2,25.15,2.831,3.5318,12.85,2022-01-16,7.714995,2022,1,6,16,1,9.282445,6.866806,5.794746,8.119336,4.0177817,27.87,81.31,4.98,4.59,6.4135,7.314665635426839,1.7864615315205705,7.1553215980529785,1.2139658424601756,7.069523368562971,1.7039977689447143,0,0.7008480443059882,9.3758955
3.445,8.0297,0.3,26.61,27.06,26.11,80.96,3.73,142.1,100.39,28.17,23.09,24.85,0.4795,2.2315,23.74,2022-01-17,9.3758955,2022,1,0,17,1,7.714995,9.282445,6.866806,6.284239,7.7806277,27.1,79.21,12.85,3.6,5.6693,7.954748630523682,1.2255363063485696,7.097558566502163,1.1692470956441003,7.333610023771014,1.464293765217421,0,0.42903221789107937,8.757695
4.7926,8.034,0.42,27.52,28.29,26.64,87.04,4.96,122.6,100.2,28.18,25.2,26.36,1.3385,2.957,22.18,2022-01-18,8.757695,2022,1,1,18,1,9.3758955,7.714995,9.282445,7.385644,8.237435,26.61,80.96,23.74,3.73,3.445,8.791111787160238,0.9331151618967946,7.539223807198661,1.3763893281485973,7.447557721819196,1.560654671563587,0,0.5965397062484441,6.9900208
6.3458,8.1168,0.55,28.22,28.77,27.66,86.35,5.57,104.4,100.19,28.81,25.74,26.98,7.6373,2.3784,9.15,2022-01-19,6.9900208,2022,1,2,19,1,8.757695,9.3758955,7.714995,6.3540354,10.707261,27.52,87.04,22.18,4.96,4.7926,8.61619520187378,0.8394428994782857,7.735231127057757,1.4467687658114914,7.484719140189035,1.5868832299072562,0,0.7818105657401931,3.4508646
7.535,8.1979,0.66,28.39,29.2,27.68,83.57,2.72,84.7,100.22,29.01,25.33,26.86,7.5127,1.8811,3.29,2022-01-20,3.4508646,2022,1,3,20,1,6.9900208,8.757695,9.3758955,5.794746,5.1601744,28.22,86.35,9.15,5.57,6.3458,8.374537150065104,1.238227420899459,7.826086180550711,1.3631271333300568,7.219201973506382,1.2892913317136523,0,0.9191378279803364,6.839592
6.2638,8.1763,0.55,28.42,29.01,27.99,85.79,5.4,84.8,100.37,28.71,25.82,27.12,3.5102,3.3835,9.92,2022-01-21,6.839592,2022,1,4,21,1,3.4508646,6.9900208,8.757695,6.866806,6.243326,28.39,83.57,3.29,2.72,7.535,6.399526834487915,2.7022444694288805,7.491245985031128,2.0566999795206735,7.09710841519492,1.5532005248540486,0,0.7660922422122476,9.327085
7.493,8.1461,0.65,28.32,29.07,27.67,83.82,5.38,88.3,100.47,29.04,25.33,26.83,6.9859,2.4871,1.73,2022-01-22,9.327085,2022,1,5,22,1,6.839592,3.4508646,6.9900208,9.282445,6.7394695,28.42,85.79,9.92,5.4,6.2638,5.760159095128377,2.0013216043462623,7.487358263560703,2.05810231034624,7.139698828969683,1.5360686515583826,0,0.9198266655209241,7.1741724
6.846,8.106,0.6,28.12,28.89,27.32,79.53,4.08,98.8,100.45,29.06,24.25,26.19,6.6674,2.383,3.71,2022-01-23,7.1741724,2022,1,6,23,1,9.327085,6.839592,3.4508646,7.714995,8.119336,28.32,83.82,1.73,5.38,7.493,6.539180358250936,2.9496060234056976,7.493735347475324,2.0646501963569954,7.324528472764151,1.6365957757151832,0,0.844559585492228,4.461782
7.3346,8.0909,0.64,27.9,28.73,27.3,81.2,3.75,95.0,100.44,29.11,24.38,26.14,7.0913,2.3726,1.17,2022-01-24,4.461782,2022,1,0,24,1,7.1741724,9.327085,6.839592,9.3758955,6.284239,28.12,79.53,3.71,4.08,6.846,7.780282974243164,1.3499749370041778,7.416474989482334,2.0651094863274966,7.2570167779922485,1.6207043260953236,0,0.9065246140726001,5.0770836
7.5732,8.1024,0.66,28.32,29.27,27.29,81.41,4.56,70.2,100.53,29.3,24.84,26.58,6.8354,2.207,0.21,2022-01-25,5.0770836,2022,1,1,25,1,4.461782,7.1741724,9.327085,8.757695,7.385644,27.9,81.2,1.17,3.75,7.3346,6.987679640452067,2.4380067512435883,6.714458772114345,2.1224654613501097,7.126841289656503,1.7710638713764328,1,0.934686018957346,4.3239617
7.6049,8.113,0.67,28.1,28.84,27.35,82.71,4.8,74.7,100.6,29.29,24.9,26.5,6.6698,2.3489,0.21,2022-01-26,4.3239617,2022,1,2,26,1,5.0770836,4.461782,7.1741724,6.9900208,6.3540354,28.32,81.41,0.21,4.56,7.5732,5.571012655893962,1.4220548142732246,6.188657113483974,1.9832661832029894,6.961944120270865,1.8507904095090841,1,0.9373721188216443,4.8072977
7.415,8.0302,0.65,27.97,28.5,27.33,82.6,5.41,69.1,100.6,28.91,24.76,26.36,6.3703,2.4427,8.25,2022-01-27,4.8072977,2022,1,3,27,1,4.3239617,5.0770836,4.461782,3.4508646,5.794746,28.1,82.71,0.21,4.8,7.6049,4.62094243367513,0.4009952233660461,5.807791539600918,2.05829879582487,6.8169388600758145,1.9772855030803176,0,0.9233892057483001,4.5444465
6.4178,8.0477,0.56,28.21,28.66,27.47,83.01,4.74,50.8,100.7,29.11,25.07,26.64,3.5681,2.9527,10.71,2022-01-28,4.5444465,2022,1,4,28,1,4.8072977,4.3239617,5.0770836,6.839592,6.866806,27.97,82.6,8.25,5.41,7.415,4.736114343007405,0.3815736295382639,6.001567704336984,1.8530426454461149,6.7464068446840555,2.0333694268667633,0,0.7974700846204504,6.6972065
5.7221,8.1163,0.5,28.41,28.94,27.86,84.96,5.62,59.1,100.81,28.9,25.65,27.03,1.2082,3.9091,13.11,2022-01-29,6.6972065,2022,1,5,29,1,4.5444465,4.8072977,4.3239617,9.327085,9.282445,28.21,83.01,10.71,4.74,6.4178,4.558568636576335,0.24197725542534304,5.673689774104527,1.8828609580858524,6.580524018832615,2.115848255206406,0,0.7050133681603686,8.201123
4.4698,7.8893,0.39,28.41,29.12,27.83,80.74,6.36,41.5,100.9,28.72,24.79,26.6,0.546,3.085,12.32,2022-01-30,8.201123,2022,1,6,30,1,6.6972065,4.5444465,4.8072977,7.1741724,7.714995,28.41,84.96,13.11,5.62,5.7221,5.349650224049886,1.1743950039602127,5.2979929106576105,1.1534909730750735,6.395864129066467,1.9696627614633913,0,0.5665648409871599,7.539228
2.2085,7.926,0.19,27.31,27.68,26.69,84.43,4.18,58.6,100.83,28.46,24.48,25.89,0.2064,1.5833,28.03,2022-01-31,7.539228,2022,1,0,31,1,8.201123,6.6972065,4.5444465,4.461782,9.3758955,28.41,80.74,12.32,6.36,4.4698,6.480925401051839,1.8379076100598761,5.444700172969273,1.4572064380045153,6.4305875812258035,1.998776597081165,0,0.27863991925309106,13.254848
4.0394,7.981,0.36,26.69,27.27,26.04,84.83,5.58,63.1,100.68,28.23,23.94,25.31,0.5782,2.9035,5.18,2022-02-01,13.254848,2022,2,1,32,1,7.539228,8.201123,6.6972065,5.0770836,8.757695,27.31,84.43,28.03,4.18,2.2085,7.479185899098714,0.7537540564133361,5.884335313524518,1.5710224220963327,6.2993970428194315,1.8449451494843216,0,0.5061270517479012,12.073578
5.2709,7.8648,0.47,26.7,27.42,25.82,80.74,2.57,32.3,100.61,28.76,23.13,24.92,0.913,3.6288,2.13,2022-02-02,12.073578,2022,2,2,33,1,13.254848,7.539228,8.201123,4.3239617,6.9900208,26.69,84.83,5.18,5.58,4.0394,9.665066242218018,3.1264074575800245,7.052587304796491,3.133894665109994,6.620622209140232,2.5591488513951433,0,0.67018868884142,11.920384
5.7466,7.7117,0.51,26.6,26.88,26.15,83.4,4.29,37.7,100.55,28.17,23.56,25.08,3.029,2.8022,20.68,2022-02-03,11.920384,2022,2,3,34,1,12.073578,13.254848,7.539228,4.8072977,3.4508646,26.7,80.74,2.13,2.57,5.2709,10.955884456634521,3.017284489930105,8.159675325666155,3.3693030014598233,6.983733432633536,2.946869663692546,0,0.7451794027257284,7.909783
4.6589,7.7849,0.41,27.1,27.5,26.54,88.14,7.36,5.3,100.45,28.18,24.99,26.05,0.9756,3.2786,42.83,2022-02-04,7.909783,2022,2,4,35,1,11.920384,12.073578,13.254848,4.5444465,6.839592,26.6,83.4,20.68,4.29,5.7466,12.416269938151041,0.7302577208966852,9.175830568586077,3.2606163283405643,7.58869913646153,3.0338870964062536,0,0.5984534162288533,4.702038
4.3531,7.8192,0.39,27.95,28.98,27.19,85.33,7.1,332.3,100.49,28.55,25.27,26.61,0.5378,3.1534,31.73,2022-02-05,4.702038,2022,2,5,36,1,7.909783,11.920384,12.073578,6.6972065,9.327085,27.1,88.14,42.83,7.36,4.6589,10.634581724802652,2.3609878424074324,9.656592914036342,2.6559663672456435,7.665141344070435,3.027035200499479,0,0.556719357479026,5.4327707
1.962,7.7359,0.17,27.65,28.32,27.17,84.44,7.28,330.3,100.63,28.33,24.8,26.22,0.3041,1.3267,29.78,2022-02-06,5.4327707,2022,2,6,37,1,4.702038,7.909783,11.920384,8.201123,7.1741724,27.95,85.33,31.73,7.1,4.3531,8.177401701609293,3.616607079403755,9.37156881604876,3.096931847561926,7.334780863353184,3.0835574118701863,0,0.2536227200455021,6.153531
1.6618,7.7081,0.15,27.37,27.93,26.86,85.45,8.71,345.7,100.51,28.16,24.73,26.05,0.57,0.9746,43.69,2022-02-07,6.153531,2022,2,0,38,1,5.4327707,4.702038,7.909783,7.539228,4.461782,27.65,84.44,29.78,7.28,1.962,6.014863808949788,1.6812291283897702,8.976089886256627,3.4301429426296846,7.2103950296129495,3.1253736248511035,0,0.21559139087453458,4.590877
2.0052,7.721,0.18,27.43,27.96,26.97,85.63,7.48,332.7,100.42,28.09,24.83,26.13,0.3401,1.3421,46.21,2022-02-08,4.590877,2022,2,1,39,1,6.153531,5.4327707,4.702038,13.254848,5.0770836,27.37,85.45,43.69,8.71,1.6618,5.429446538289388,0.7257523413633045,8.778133187975202,3.5642493767552876,7.33123425074986,3.04253363430232,0,0.2597072918015801,5.5127673
3.6288,7.7875,0.32,27.55,28.2,27.12,85.09,6.13,336.8,100.51,28.31,24.84,26.19,0.073,2.7089,7.57,2022-02-09,5.5127673,2022,2,2,40,1,4.590877,6.153531,5.4327707,12.073578,4.3239617,27.43,85.63,46.21,7.48,2.0052,5.3923929532368975,0.7821091157201915,7.540423120771136,3.2401620558632125,7.2965052127838135,3.0728665990629747,0,0.4659775280898877,4.4640737
6.1459,7.848,0.55,27.86,28.8,27.22,81.9,6.15,323.8,100.55,28.46,24.49,26.17,3.8309,2.7607,12.6,2022-02-10,4.4640737,2022,2,3,41,1,5.5127673,4.590877,6.153531,11.920384,4.8072977,27.55,85.09,7.57,6.13,3.6288,5.419058481852214,0.7855303331838434,6.60316446849278,2.595015106210615,7.381419897079468,2.9999663827909884,0,0.7831167176350663,3.3362112
6.1459,7.8598,0.55,27.45,28.35,26.83,82.34,5.3,337.1,100.64,28.53,24.19,25.82,4.9454,2.1343,9.14,2022-02-11,3.3362112,2022,2,4,42,1,4.4640737,5.5127673,4.590877,7.909783,4.5444465,27.86,81.9,12.6,6.15,6.1459,4.855906009674072,0.5723808663665035,5.53797721862793,1.2086586841414821,7.3569038936070035,3.023927240395218,0,0.7819410163108477,2.6982398
7.2866,7.9008,0.65,27.45,28.43,26.51,82.66,4.69,56.7,100.75,28.76,24.26,25.86,6.6722,2.1439,2.63,2022-02-12,2.6982398,2022,2,5,43,1,3.3362112,4.4640737,5.5127673,4.702038,6.6972065,27.45,82.34,9.14,5.3,6.1459,4.437684059143066,1.0885179987514078,4.8846098354884555,0.9128000677144877,7.270601374762399,3.1258912157134935,0,0.9222610368570271,4.4954762
7.4364,7.9658,0.67,28.09,29.07,27.13,80.5,6.7,103.6,100.84,28.76,24.43,26.26,6.0002,2.448,5.05,2022-02-13,4.4954762,2022,2,6,44,1,2.6982398,3.3362112,4.4640737,5.4327707,8.201123,27.45,82.66,2.63,4.69,7.2866,3.4995082219441733,0.894170977778752,4.598352977207729,1.2364265871786797,6.984960896628244,3.3565205026144245,0,0.9335408872931783,6.9548492
4.0097,7.8286,0.36,27.94,28.39,27.52,84.71,7.65,103.8,100.86,28.3,25.15,26.54,0.5902,2.7842,27.79,2022-02-14,6.9548492,2022,2,0,45,1,4.4954762,2.6982398,3.3362112,6.153531,7.539228,28.09,80.5,5.05,6.7,7.4364,3.5099757512410483,0.9111313274672456,4.464453765324184,1.1804894378693696,6.720271825790405,3.399079368862166,0,0.5121860869120916,3.7451286
6.9924,7.9846,0.63,27.6,28.21,27.03,81.99,5.54,124.5,100.66,28.72,24.27,25.93,6.1394,2.1214,1.57,2022-02-15,3.7451286,2022,2,1,46,1,6.9548492,4.4954762,2.6982398,4.590877,13.254848,27.94,84.71,27.79,7.65,4.0097,4.716188430786133,2.136870698540072,4.578927789415632,1.3915632242060796,6.678530488695417,3.3918292306376077,0,0.8757357913984419,3.408175
7.3994,7.9572,0.67,27.18,27.94,26.47,80.15,4.06,127.0,100.43,28.62,23.49,25.34,7.2629,1.8672,0.47,2022-02-16,3.408175,2022,2,2,47,1,3.7451286,6.9548492,4.4954762,5.5127673,12.073578,27.6,81.99,1.57,5.54,6.9924,5.065151373545329,1.6789800220366444,4.4581065859113425,1.4266267410618327,5.999264853341239,2.8883831957736015,1,0.9298999648117428,2.351129
7.5094,7.9104,0.68,27.26,27.91,26.32,80.46,2.91,117.1,100.52,28.95,23.63,25.44,7.6349,1.7654,0.26,2022-02-17,2.351129,2022,2,3,48,1,3.408175,3.7451286,6.9548492,4.4640737,11.920384,27.18,80.15,0.47,4.06,7.3994,4.702717622121175,1.9576662299152312,4.1574505397251675,1.3885767199151111,5.380307504108974,2.3681995827095883,1,0.9493072411003236,2.1106386
7.4539,7.8768,0.68,27.64,28.13,26.88,79.78,3.1,102.0,100.62,29.17,23.85,25.75,7.1633,2.0124,0.74,2022-02-18,2.1106386,2022,2,4,49,1,2.351129,3.408175,3.7451286,3.3362112,7.909783,27.26,80.46,0.26,2.91,7.5094,3.1681442260742188,0.727337460309984,3.8556013107299805,1.5329633999038197,4.696789264678955,1.5877259024087476,1,0.9463106845419459,3.6309729
7.615,7.8341,0.69,28.02,28.91,27.23,79.74,3.73,93.5,100.62,29.23,24.2,26.11,7.7078,1.8302,0.68,2022-02-19,3.6309729,2022,2,5,50,1,2.1106386,2.351129,3.408175,2.6982398,4.702038,27.64,79.78,0.74,3.1,7.4539,2.6233142217000327,0.690263524766702,3.6805195127214705,1.6663540027893722,4.282564674104963,1.4340382739829591,1,0.9720325244763278,3.4453685
7.4398,7.7683,0.68,27.54,28.18,26.9,81.55,4.06,95.8,100.59,29.2,24.12,25.83,7.069,2.159,4.53,2022-02-20,3.4453685,2022,2,6,51,1,3.6309729,2.1106386,2.351129,4.4954762,5.4327707,28.02,79.74,0.68,3.73,7.615,2.697580178578695,0.8172364033483854,3.8137670925685336,1.6110923311006347,4.206060034888131,1.4385015645347063,0,0.9577127556865723,8.625335
6.8681,7.8403,0.63,27.43,28.25,26.51,81.79,4.61,105.6,100.62,29.24,24.06,25.74,5.4811,3.0132,2.8,2022-02-21,8.625335,2022,2,0,52,1,3.4453685,3.6309729,2.1106386,6.9548492,6.153531,27.54,81.55,4.53,4.06,7.4398,3.062326669692993,0.8293942683187341,3.6637517043522427,1.5857263746452526,4.0641027348382135,1.405823983827413,0,0.8759996428708086,10.149925
6.5758,7.8216,0.6,27.65,28.48,26.9,82.05,3.98,123.7,100.62,29.22,24.33,25.99,5.2063,2.5104,4.47,2022-02-22,10.149925,2022,2,1,53,1,8.625335,3.4453685,3.6309729,3.7451286,4.590877,27.43,81.79,2.8,4.61,6.8681,5.2338920434316,2.938541290107504,3.902392489569528,2.1784744680402244,4.24066013949258,1.7908989004446108,0,0.840723125703181,2.5693438
7.1148,7.7671,0.66,27.85,28.58,27.17,81.04,2.92,170.6,100.53,29.24,24.32,26.08,6.3614,2.0074,2.7,2022-02-23,2.5693438,2022,2,2,54,1,10.149925,8.625335,3.4453685,3.408175,5.5127673,27.65,82.05,4.47,3.98,6.5758,7.40687616666158,3.514434679784048,4.817363432475498,3.2047162305152788,4.63773500919342,2.3904384703190362,0,0.9160175612519472,5.7751102
6.9593,7.7153,0.64,28.28,29.53,27.21,75.68,1.88,205.4,100.31,29.52,23.57,25.93,6.5213,1.9241,10.56,2022-02-24,5.7751102,2022,2,3,55,1,2.5693438,10.149925,8.625335,2.351129,4.4640737,27.85,81.04,2.7,2.92,7.1148,7.114867925643921,4.009667840188953,4.697530405861991,3.2809677741770202,4.427490472793579,2.4365529082321986,0,0.9020128834912446,15.23086
6.4946,7.6541,0.6,28.88,30.66,27.37,71.29,3.2,302.9,100.21,29.64,23.09,25.99,4.0999,2.9966,3.1,2022-02-25,15.23086,2022,2,4,56,1,5.7751102,2.5693438,10.149925,2.1106386,3.3362112,28.28,75.68,10.56,1.88,6.9593,6.164793093999227,3.8052849083418856,5.186670575823102,3.1243471179326288,4.5211359432765414,2.463116210324699,0,0.8485125618949322,9.653519
6.3641,7.6152,0.59,28.76,30.22,27.41,76.7,2.72,316.5,100.38,30.01,24.23,26.49,6.1301,3.0341,4.07,2022-02-26,9.653519,2022,2,5,57,1,15.23086,5.7751102,2.5693438,3.6309729,2.6982398,28.88,71.29,3.1,3.2,6.4946,7.8584379355112715,6.582832767560243,7.0609878812517435,4.571680501448663,5.370753696986607,3.742258388345467,0,0.8357101586301082,6.2120442
6.1462,7.3255,0.57,28.81,29.9,27.88,78.28,3.6,341.4,100.66,29.67,24.64,26.73,4.7378,2.7847,5.17,2022-02-27,6.2120442,2022,2,6,58,1,9.653519,15.23086,5.7751102,3.4453685,4.4954762,28.76,76.7,4.07,2.72,6.3641,10.219829559326172,4.753244230931013,7.921351569039481,4.38132797243286,5.867559330804007,3.8210227750597685,0,0.839014401747321,6.904841
3.5249,7.5442,0.33,27.42,27.75,26.9,84.53,4.03,2.1,100.89,28.79,24.6,26.01,0.114,2.6074,16.33,2022-02-28,6.904841,2022,2,0,59,1,6.2120442,9.653519,15.23086,8.625335,6.9548492,28.81,78.28,5.17,3.6,6.1462,10.365474224090576,4.551364505329411,8.31659095627921,4.020157894236167,5.990171330315726,3.801096821910165,0,0.46723310622730047,8.024813
2.6455,7.3901,0.25,27.3,28.12,26.76,78.19,1.67,95.8,100.88,29.17,23.18,25.24,0.0406,2.0081,3.04,2022-03-01,8.024813,2022,3,1,60,1,6.904841,6.2120442,9.653519,10.149925,3.7451286,27.42,84.53,16.33,4.03,3.5249,7.590134620666504,1.8202079940379092,8.07080612863813,4.050614378589587,5.98659930910383,3.8001439248447157,0,0.3579789177413026,3.6704576
4.9308,7.3577,0.46,27.57,28.1,26.93,83.34,4.0,68.3,100.87,29.19,24.51,26.04,1.0562,3.3341,5.15,2022-03-02,3.6704576,2022,3,2,61,1,8.024813,6.904841,6.2120442,2.5693438,3.408175,27.3,78.19,3.04,1.67,2.6455,7.047232627868652,0.9147343412342592,7.767218623842512,3.947131502806483,6.292291028159005,3.7780344817273823,0,0.670155075635049,4.5669565
4.7568,7.4621,0.45,27.39,27.91,26.87,81.62,4.3,20.6,100.9,28.75,23.98,25.68,1.2667,3.2762,13.45,2022-03-03,4.5669565,2022,3,3,62,1,3.6704576,8.024813,6.904841,5.7751102,2.351129,27.57,83.34,5.15,4.0,4.9308,6.200037082036336,2.261119953141907,7.924520594733102,3.720918871216658,6.311025500297546,3.7632540191551085,0,0.6374613044585304,6.363251
5.7571,7.3726,0.54,28.14,29.32,27.09,79.31,4.44,346.9,100.78,29.12,24.21,26.17,4.2355,1.9925,27.32,2022-03-04,6.363251,2022,3,4,63,1,4.5669565,3.6704576,8.024813,15.23086,2.1106386,27.39,81.62,13.45,4.3,4.7568,5.4207422733306885,2.2993074308655865,7.751927205494472,3.862559078162697,6.469298890658787,3.6280673048421597,0,0.7808778449936251,3.7732093
6.4238,7.3985,0.61,28.4,29.37,27.39,81.47,4.62,350.9,100.68,29.24,24.93,26.66,6.8981,1.6654,42.26,2022-03-05,3.7732093,2022,3,5,64,1,6.363251,4.5669565,3.6704576,9.653519,3.6309729,28.14,79.31,27.32,4.44,5.7571,4.866888443628947,1.3712234400366314,6.485125984464373,2.011494774997023,6.773056932858059,3.4063165562457076,0,0.868257079137663,4.6588016
5.2728,7.2214,0.5,28.49,29.14,27.89,82.23,3.86,333.9,100.63,29.18,25.18,26.83,3.4819,3.1524,3.87,2022-03-06,4.6588016,2022,3,6,65,1,3.7732093,6.363251,4.5669565,6.2120442,3.4453685,28.4,81.47,42.26,4.62,6.4238,4.9011390209198,1.3269655939588354,5.645081792558942,1.6659695544535915,6.783216680799212,3.396421765101852,0,0.7301631262636055,7.6774855
6.4589,7.2744,0.62,28.68,29.51,27.94,80.37,3.3,322.5,100.63,29.14,24.98,26.83,4.8314,2.5942,2.56,2022-03-07,7.6774855,2022,3,0,66,1,4.6588016,3.7732093,6.363251,6.904841,8.625335,28.49,82.23,3.87,3.86,5.2728,4.931754032770793,1.3164180645720691,5.423189980643136,1.681238521391094,6.869890468461173,3.3192977359993185,0,0.8878945342571208,10.325799
6.7834,7.2684,0.65,28.44,29.27,27.82,80.78,2.53,145.0,100.74,29.45,24.83,26.64,6.4361,1.9032,4.97,2022-03-08,10.325799,2022,3,1,67,1,7.6774855,4.6588016,3.7732093,8.024813,10.149925,28.68,80.37,2.56,3.3,6.4589,5.369832118352254,2.0469529490697993,5.5335677691868375,1.8147843560148245,6.802186948912484,3.2902775115784473,0,0.9332727973144022,20.23964
3.785,7.1695,0.36,27.88,28.14,27.68,83.55,3.09,46.7,100.71,28.83,24.86,26.37,1.6622,2.4252,11.02,2022-03-09,20.23964,2022,3,2,68,1,10.325799,7.6774855,4.6588016,3.6704576,2.5693438,28.44,80.78,4.97,2.53,6.7834,7.554028669993083,2.8355151491294737,5.862280096326556,2.441429559213807,6.814749360084534,3.30434818588096,0,0.5279308180486785,9.918864
5.5949,7.1479,0.54,28.46,29.67,27.48,80.32,3.85,317.5,100.49,29.21,24.74,26.6,4.2701,2.1996,8.22,2022-03-10,9.918864,2022,3,3,69,1,20.23964,10.325799,7.6774855,4.5669565,5.7751102,27.88,83.55,11.02,3.09,3.785,12.747641245524088,6.622002496572785,8.229306050709315,5.751060162937053,8.076913322721209,4.656217605549652,0,0.7827333902265001,5.855327
6.3924,7.2266,0.62,28.41,29.47,27.69,82.55,4.52,305.6,100.44,29.37,25.15,26.78,5.7713,1.9553,10.34,2022-03-11,5.855327,2022,3,4,70,1,9.918864,20.23964,10.325799,6.363251,15.23086,28.46,80.32,8.22,3.85,5.5949,13.494767506917318,5.844772914263037,8.993864297866821,5.534710405223958,8.372895751680646,4.630274277528802,0,0.8845653557689647,9.996527
6.4514,7.181,0.63,28.44,29.56,27.5,78.34,2.95,315.6,100.75,29.68,24.31,26.38,6.0055,1.733,6.36,2022-03-12,9.996527,2022,3,5,71,1,5.855327,9.918864,20.23964,3.7732093,9.653519,28.41,82.55,10.34,4.52,6.3924,12.004610220591227,7.41551489901765,8.921303715024676,5.578105274000727,7.7032148497445245,4.222108339882067,0,0.8983985517337417,5.6587553
6.2729,7.0814,0.61,28.55,29.47,27.62,77.23,2.45,319.6,100.92,29.76,24.16,26.36,5.1804,2.3234,7.77,2022-03-13,5.6587553,2022,3,6,72,1,9.996527,5.855327,9.918864,4.6588016,6.2120442,28.44,78.34,6.36,2.95,6.4514,8.59023936589559,2.3688217684916566,9.81034905569894,5.095945579692122,7.727715424128941,4.235271086157559,0,0.8858276611969385,9.927703
5.8589,7.099,0.57,28.19,28.61,27.63,81.53,3.22,3.3,100.82,29.09,24.75,26.47,4.109,2.3554,3.43,2022-03-14,9.927703,2022,3,0,73,1,5.6587553,9.996527,5.855327,7.6774855,6.904841,28.55,77.23,7.77,2.45,6.2729,7.17020304997762,2.449640632561393,9.953199590955462,4.939068961283744,7.688194785799299,4.253046381161851,0,0.8253134244259756,2.9767406
6.2342,7.057,0.61,28.22,28.81,27.65,79.94,3.09,39.6,100.89,29.28,24.44,26.33,5.5104,1.9008,4.6,2022-03-15,2.9767406,2022,3,1,74,1,9.927703,5.6587553,9.996527,10.325799,8.024813,28.19,81.53,3.43,3.22,5.8589,8.527661641438803,2.4847840682570457,10.27465922491891,4.838471426228465,7.904113497052874,4.286816163705131,0,0.8834065466912285,5.778631
4.3718,7.0452,0.43,28.13,28.77,27.5,82.8,3.5,85.4,100.97,29.33,24.95,26.54,2.5205,2.1619,7.89,2022-03-16,5.778631,2022,3,2,75,1,2.9767406,9.927703,5.6587553,20.23964,3.6704576,28.22,79.94,4.6,3.09,6.2342,6.187732934951782,3.5055430739621944,9.224793740681239,5.567858845035539,7.543536918503897,4.483667158911412,0,0.620535967751093,6.793968
4.5986,7.0646,0.46,27.56,28.19,26.57,82.72,3.14,83.0,100.89,29.11,24.37,25.97,1.2492,3.1248,10.31,2022-03-17,6.793968,2022,3,3,76,1,5.778631,2.9767406,9.927703,9.918864,4.5669565,28.13,82.8,7.89,3.5,4.3718,6.227691570917766,3.4971718069338182,7.158935444695609,2.789298988913089,7.6941207477024625,4.377734023998836,0,0.6509356509922714,11.433229
2.9458,6.9605,0.29,27.64,29.02,26.25,81.56,5.84,345.9,100.71,28.89,24.2,25.92,0.2832,2.2025,26.1,2022-03-18,11.433229,2022,3,4,77,1,6.793968,5.778631,2.9767406,5.855327,6.363251,27.56,82.72,10.31,3.14,4.5986,5.18311333656311,1.977065450321892,6.7125217233385355,2.510050819566554,7.853193010602679,4.295042581657363,0,0.4232167229365707,10.521767
1.2312,6.8695,0.12,27.39,27.9,26.82,82.35,5.64,332.1,100.72,28.66,24.13,25.76,0.269,0.8249,17.91,2022-03-19,10.521767,2022,3,5,78,1,11.433229,6.793968,5.778631,9.996527,3.7732093,27.64,81.56,26.1,5.84,2.9458,8.001942952473959,3.0146347297149134,7.509364911488125,3.025109256155769,8.2153343132564,4.372789691369766,0,0.17922701797801877,13.14774
4.0397,6.5964,0.41,28.13,29.19,26.83,76.3,6.65,344.5,100.87,28.71,23.53,25.83,0.3912,2.8714,7.22,2022-03-20,13.14774,2022,3,6,79,1,10.521767,11.433229,6.793968,5.6587553,4.6588016,27.39,82.35,17.91,5.64,1.2312,9.582988103230795,2.457979884818555,7.58439918926784,3.1026036251242313,8.69737412248339,4.214543030821794,0,0.6124097992844582,12.888932
3.7862,6.8405,0.38,28.36,29.11,27.64,78.78,5.13,8.3,100.91,28.86,24.33,26.34,0.131,2.867,4.01,2022-03-21,12.888932,2022,3,0,80,1,13.14774,10.521767,11.433229,9.927703,7.6774855,28.13,76.3,7.22,6.65,4.0397,11.700912157694498,1.3332947894792164,8.65425419807434,3.582071746841211,9.3037268945149,4.199443627900748,0,0.5534975513485857,8.649081
3.985,6.8434,0.4,28.53,29.4,27.68,76.71,4.61,17.8,100.82,29.02,24.04,26.28,0.354,2.9878,1.44,2022-03-22,8.649081,2022,3,1,81,1,12.888932,13.14774,10.521767,2.9767406,10.325799,28.36,78.78,4.01,5.13,3.7862,12.18614641825358,1.4471922439991503,9.077286958694458,3.9167494472054676,9.675973091806684,4.274507106550977,0,0.5823128854078382,6.849298
5.2846,6.839,0.54,27.91,28.75,27.08,80.26,3.05,9.5,100.81,29.12,24.21,26.06,3.4692,2.4845,4.06,2022-03-23,6.849298,2022,3,2,82,1,8.649081,12.888932,13.14774,5.778631,20.23964,28.53,76.71,1.44,4.61,3.985,11.561917940775553,2.5259074982726375,9.887621334620885,2.8987284293489073,9.556207537651062,4.278387216082914,0,0.7727153092557392,8.176805
2.6479,6.7747,0.27,27.76,28.78,26.85,78.66,2.69,300.5,100.75,29.12,23.71,25.74,0.7042,1.7844,15.95,2022-03-24,8.176805,2022,3,3,83,1,6.849298,8.649081,12.888932,6.793968,9.918864,27.91,80.26,4.06,3.05,5.2846,9.462437152862549,3.100879922538545,10.040573733193535,2.6645702227316157,8.599754588944572,3.017183827277411,0,0.3908512554061434,6.9015226
3.6734,6.7366,0.38,27.45,28.76,26.56,81.61,4.1,224.3,100.59,28.92,24.03,25.74,0.81,2.443,9.44,2022-03-25,6.9015226,2022,3,4,84,1,8.176805,6.849298,8.649081,11.433229,5.855327,27.76,78.66,15.95,2.69,2.6479,7.891727924346924,0.9331433047894651,10.238121782030378,2.4241705908864644,8.475321752684456,2.994433864967312,0,0.5452899088560995,6.279123
4.4887,6.9098,0.46,27.36,28.4,26.5,79.52,4.21,162.6,100.62,28.8,23.51,25.44,1.1357,3.1627,8.6,2022-03-26,6.279123,2022,3,5,85,1,6.9015226,8.176805,6.849298,10.521767,9.996527,27.45,81.61,9.44,4.1,3.6734,7.309208393096924,0.7518139145105582,9.59073509488787,2.646710637519603,8.550050003187996,2.9365146229952015,0,0.6496135922892124,4.3799276
5.4535,6.8138,0.56,27.29,28.31,26.36,75.81,3.85,140.1,100.74,28.79,22.64,24.96,5.8505,1.8223,1.19,2022-03-27,4.3799276,2022,3,6,86,1,6.279123,6.9015226,8.176805,13.14774,5.6587553,27.36,79.52,8.6,4.21,4.4887,7.119150002797444,0.9673780150551144,8.984643118722099,2.8739921950763745,8.28452115399497,2.9636032261793677,0,0.8003610320232469,6.073137
5.8486,6.7306,0.61,27.41,28.29,26.57,76.56,2.98,110.6,100.71,28.95,22.94,25.17,7.0246,1.6601,2.18,2022-03-28,6.073137,2022,3,0,87,1,4.3799276,6.279123,6.9015226,12.888932,9.927703,27.29,75.81,1.19,3.85,5.4535,5.853524367014567,1.3135679944173853,7.73209844316755,2.659853870808514,8.193176320620946,3.0686085923367044,0,0.8689567051971593,4.3762255
4.6726,6.5719,0.49,27.63,28.32,26.8,81.87,2.43,57.0,100.68,28.85,24.28,25.95,1.5523,3.067,8.43,2022-03-29,4.3762255,2022,3,1,88,1,6.073137,4.3799276,6.279123,8.649081,2.9767406,27.41,76.56,2.18,2.98,5.8486,5.577395757039388,1.0421396199845556,6.75841338293893,1.4125459600438146,7.917850170816694,3.0739273956655566,0,0.7109968197933626,6.8375597
4.4215,6.4145,0.46,28.01,28.62,27.38,81.65,3.47,23.7,100.65,28.77,24.6,26.3,1.9685,2.8116,13.17,2022-03-30,6.8375597,2022,3,2,89,1,4.3762255,6.073137,4.3799276,6.849298,5.778631,27.63,81.87,8.43,2.43,4.6726,4.94309663772583,0.9786452440828879,6.148005417415074,1.3822521285740315,8.01781337601798,2.9197738315090285,0,0.6892976849325746,5.9778385
3.7433,6.444,0.39,27.92,28.47,27.54,81.07,5.07,12.6,100.75,28.38,24.4,26.16,0.2599,2.7365,8.78,2022-03-31,5.9778385,2022,3,3,90,1,6.8375597,4.3762255,6.073137,8.176805,6.793968,28.01,81.65,13.17,3.47,4.4215,5.762307325998942,1.2597629819023395,6.146328517368862,1.3812663163149037,8.093451125281197,2.8706069708490176,0,0.5808969584109249,5.7358065
3.1541,6.5107,0.33,27.04,27.81,26.41,84.14,6.17,42.0,100.87,28.19,24.15,25.59,0.223,2.3693,8.27,2022-04-01,5.7358065,2022,4,4,91,1,5.9778385,6.8375597,4.3762255,6.9015226,11.433229,27.92,81.07,8.78,5.07,3.7433,5.730541229248047,1.2491631227462223,5.83219051361084,1.053735973679867,8.03515614782061,2.9070812951084677,0,0.48444867679358594,7.3084116
4.6889,6.4752,0.5,26.53,27.17,25.9,83.81,5.49,22.7,100.99,28.25,23.59,25.06,2.5795,2.4118,3.93,2022-04-02,7.3084116,2022,4,5,92,1,5.7358065,5.9778385,6.8375597,6.279123,10.521767,27.04,84.14,8.27,6.17,3.1541,6.183734893798828,0.579016438759075,5.665659632001605,0.9428545281568772,7.628197363444737,2.7912786155187947,0,0.724132073140598,5.580027
5.3714,6.4303,0.57,26.78,27.48,25.85,81.56,3.8,48.1,100.97,28.63,23.38,25.08,5.2908,1.9058,2.22,2022-04-03,5.580027,2022,4,6,93,1,7.3084116,5.7358065,5.9778385,4.3799276,13.14774,26.53,83.81,3.93,5.49,4.6889,6.340685526529948,0.8467674951182392,5.8127008846827914,1.1183914777873507,7.398672001702445,2.6642655963983053,0,0.835326501096372,2.2971528
5.9383,6.4918,0.64,27.15,27.9,26.28,79.5,3.9,61.2,100.92,28.77,23.31,25.23,6.3631,1.3903,2.82,2022-04-04,2.2971528,2022,4,0,94,1,5.580027,7.3084116,5.7358065,6.073137,12.888932,26.78,81.56,2.22,3.8,5.3714,6.2080817222595215,0.9560916165877746,5.984143665858677,0.9398888674584842,6.858121054513114,2.120286498160701,0,0.9147385933023199,6.781459
5.6006,6.4524,0.6,27.91,28.84,26.91,77.9,3.88,31.7,100.83,28.9,23.71,25.81,5.3263,1.709,5.29,2022-04-05,6.781459,2022,4,1,95,1,2.2971528,5.580027,7.3084116,4.3762255,8.649081,27.15,79.5,2.82,3.9,5.9383,5.061863819758098,2.545495763732395,5.444717373166766,1.6757815888154315,6.101565378052848,1.6375749039172067,0,0.8679871055731201,10.098383
3.9566,6.4078,0.43,27.99,28.74,27.44,79.71,5.48,2.9,100.87,28.4,24.18,26.08,0.5282,2.7314,5.84,2022-04-06,10.098383,2022,4,2,96,1,6.781459,2.2971528,5.580027,6.8375597,6.849298,27.91,77.9,5.29,3.88,5.6006,4.886212905248006,2.321267735346253,5.788322142192295,1.6667441707236674,5.968163779803684,1.4828440622978305,0,0.6174662130528419,9.230185
3.4471,6.335,0.38,27.98,28.64,27.28,79.29,3.93,56.9,100.96,28.41,24.07,26.03,0.1939,2.6736,1.31,2022-04-07,9.230185,2022,4,3,97,1,10.098383,6.781459,2.2971528,5.9778385,8.176805,27.99,79.71,5.84,5.48,3.9566,6.39233152071635,3.9151453599308477,6.254154035023281,2.331842834540439,6.2002412761960715,1.8420936676970288,0,0.5441357537490134,8.888918
3.9907,6.2909,0.44,27.97,28.6,27.41,80.14,4.76,109.0,101.04,28.43,24.25,26.11,0.5969,3.0192,0.82,2022-04-08,8.888918,2022,4,4,98,1,9.230185,10.098383,6.781459,5.7358065,6.9015226,27.98,79.29,1.31,3.93,3.4471,8.703342119852701,1.720078072908157,6.718774897711618,2.578573429821821,6.275482705661228,1.9475332357531432,1,0.6343607432958718,5.621267
6.06,6.3348,0.67,28.05,29.13,27.05,77.36,4.05,81.5,100.98,28.89,23.72,25.89,6.1867,1.5535,0.09,2022-04-09,5.621267,2022,4,5,99,1,8.888918,9.230185,10.098383,7.3084116,6.279123,27.97,80.14,0.82,4.76,3.9907,9.405828475952148,0.6235699664096581,7.169219391686576,2.6525848309875237,6.41743951184409,2.065532293276961,1,0.956620572078045,1.0956852
6.3034,6.3497,0.7,27.93,28.92,27.15,76.82,4.35,107.2,100.96,28.9,23.49,25.71,7.4119,1.1844,0.05,2022-04-10,1.0956852,2022,4,6,100,1,5.621267,8.888918,9.230185,5.580027,4.3799276,28.05,77.36,0.09,4.05,6.06,7.913456439971924,1.9924145135273676,6.928198712212699,2.713773005861127,6.370449798447745,2.076375437758549,1,0.9927083169283587,2.684068
6.2594,6.3281,0.7,27.71,28.77,26.93,76.32,3.24,111.0,100.94,29.16,23.16,25.43,7.1935,1.1957,0.03,2022-04-11,2.684068,2022,4,0,101,1,1.0956852,5.621267,8.888918,2.2971528,6.073137,27.93,76.82,0.05,4.35,6.3034,5.201956669489543,3.913500308444672,6.287578446524484,3.500363551716169,6.1358610561915805,2.4672917384724067,1,0.9891436608144625,2.7165363
6.1358,6.319,0.69,27.76,29.24,26.6,73.7,1.78,68.5,100.87,29.41,22.62,25.19,6.8107,1.2744,0.12,2022-04-12,2.7165363,2022,4,1,102,1,2.684068,1.0956852,5.621267,6.781459,4.3762255,27.71,76.32,0.03,3.24,6.2594,3.133673350016276,2.2960468097698663,6.342852047511509,3.42918052367073,5.893784710339138,2.6345105896457666,1,0.9710080708972938,3.651678
6.0521,6.2712,0.68,27.88,28.95,27.07,78.7,3.14,59.1,100.94,29.09,23.85,25.86,6.8969,1.1947,0.42,2022-04-13,3.651678,2022,4,2,103,1,2.7165363,2.684068,1.0956852,10.098383,6.8375597,27.76,73.7,0.12,1.78,6.1358,2.1654298305511475,0.9265682160027324,5.7621488230569025,3.677701973342647,5.775235482624599,2.7431532285848244,1,0.9650625079729557,1.5147136
6.221,6.2981,0.7,27.68,28.73,26.78,80.21,4.89,100.6,101.05,29.13,23.96,25.82,7.3658,1.0738,0.13,2022-04-14,1.5147136,2022,4,3,104,1,3.651678,2.7165363,2.684068,9.230185,5.9778385,27.88,78.7,0.42,3.14,6.0521,3.017427444458008,0.5495170193140284,4.8411909852709085,3.1850423280322797,5.547672510147095,2.7801430490037307,1,0.9877582127943348,5.0884523
5.5361,6.169,0.63,27.98,28.93,27.1,79.85,6.3,114.7,100.97,28.94,24.18,26.08,5.9472,1.6044,2.16,2022-04-15,5.0884523,2022,4,4,105,1,1.5147136,3.651678,2.7165363,8.888918,5.7358065,27.68,80.21,0.13,4.89,6.221,2.6276426712671914,1.0712519827502691,3.7389808552605763,2.713088170736026,5.228877876486097,2.976012226052985,0,0.8974063867725727,6.484576
4.5094,6.0775,0.51,28.18,28.86,27.53,80.96,3.03,65.5,100.91,28.91,24.61,26.39,2.748,2.413,6.7,2022-04-16,6.484576,2022,4,5,106,1,5.0884523,1.5147136,3.651678,5.621267,7.3084116,27.98,79.85,2.16,6.3,5.5361,3.418281356493632,1.7982651607485518,3.1960572004318237,1.7029847989536997,5.1826382960592,2.972557088270744,0,0.7419827231591938,5.409781
4.871,6.0089,0.56,27.76,28.27,27.24,82.62,2.99,106.2,101.05,28.67,24.54,26.15,3.5352,2.7895,14.54,2022-04-17,5.409781,2022,4,6,107,1,6.484576,5.0884523,1.5147136,1.0956852,5.580027,28.18,80.96,6.7,3.03,4.5094,4.3625807364781695,2.5632110144237665,3.3193871123450145,1.9247158688308608,5.123792912278857,2.93515685192341,0,0.8106308975020388,6.985026
4.4261,5.9642,0.51,27.56,28.1,26.83,86.69,3.99,114.7,101.12,28.63,25.16,26.36,2.1302,2.9964,4.83,2022-04-18,6.985026,2022,4,0,108,1,5.409781,6.484576,5.0884523,2.684068,2.2971528,27.76,82.62,14.54,2.99,4.871,5.66093651453654,0.7311633220796909,3.935686503137861,1.7791996795425993,5.111632474831173,2.9334734460125524,0,0.7421112638744509,9.485809
3.2539,5.9028,0.38,27.83,28.62,27.28,82.97,4.03,89.9,101.05,28.73,24.67,26.25,0.5155,2.4214,3.98,2022-04-19,9.485809,2022,4,1,109,1,6.985026,5.409781,6.484576,2.7165363,6.781459,27.56,86.69,4.83,3.99,4.4261,6.293127695719401,0.8048841725085958,4.55010906287602,2.0034397549568634,5.446480555193765,2.8539722038609927,0,0.5512468658941518,7.2146873
0.7774,5.904,0.09,26.53,27.48,25.67,86.04,2.62,71.9,101.06,28.11,24.02,25.28,0.275,0.5174,16.42,2022-04-20,7.2146873,2022,4,2,110,1,9.485809,6.985026,5.409781,3.651678,10.098383,27.83,82.97,3.98,4.03,3.2539,7.293538729349772,2.055452968038803,5.517148068972996,2.534285631989921,5.63964844601495,3.0369349630670754,0,0.13167344173441733,3.1267574
5.3702,5.9546,0.63,26.79,27.5,26.08,81.72,1.92,83.4,101.0,28.85,23.42,25.1,5.3729,2.173,2.83,2022-04-21,3.1267574,2022,4,3,111,1,7.2146873,9.485809,6.985026,1.5147136,9.230185,26.53,86.04,16.42,2.62,0.7774,7.8951741854349775,1.3823082906144282,6.026149392127991,2.4536947276915777,5.43367018869945,2.7997955581858966,0,0.9018573875659154,1.789445
5.7619,5.9786,0.68,26.81,27.56,26.12,82.36,3.13,122.5,101.01,28.84,23.57,25.19,7.1294,1.1071,4.68,2022-04-22,1.789445,2022,4,4,112,1,3.1267574,7.2146873,9.485809,5.0884523,8.888918,26.79,81.72,2.83,1.92,5.3702,6.609084685643514,3.2224914803368407,6.256441354751587,1.9918955672013743,4.997711105006082,2.6334037351465214,0,0.9637540561335429,4.150195
5.741,5.945,0.68,26.76,27.5,26.04,81.68,3.3,107.8,100.94,28.86,23.38,25.07,6.8534,1.199,2.74,2022-04-23,4.150195,2022,4,5,113,1,1.789445,3.1267574,7.2146873,6.484576,5.621267,26.81,82.36,4.68,3.13,5.7619,4.043629924456279,2.8264474095468057,5.785154598099845,2.6089898098377358,4.490605899265835,2.506973335916741,0,0.9656854499579478,6.3072534
3.7454,5.7912,0.45,26.71,27.52,26.19,79.7,3.68,122.5,100.87,28.67,22.92,24.82,1.8175,2.25,1.62,2022-04-24,6.3072534,2022,4,6,114,1,4.150195,1.789445,3.1267574,5.409781,1.0956852,26.76,81.68,2.74,3.3,5.741,3.0221325159072876,1.1838475434879547,5.4516715833118985,2.653500593418897,4.385529347828457,2.48668468165898,0,0.6467398811990607,8.417558
1.8768,5.6494,0.22,26.73,27.03,26.25,80.01,2.59,3.4,100.63,28.31,23.02,24.87,0.438,1.319,18.91,2022-04-25,8.417558,2022,4,0,115,1,6.3072534,4.150195,1.789445,6.985026,2.684068,26.71,79.7,1.62,3.68,3.7454,4.082297841707866,2.259669340929955,5.579881923539298,2.6727511578715664,4.75778421333858,2.3422002565170703,0,0.33221227032959255,8.685341
3.7114,5.7466,0.45,25.66,26.55,24.86,79.8,5.94,162.4,100.71,27.48,21.91,23.78,2.2841,1.9296,22.44,2022-04-26,8.685341,2022,4,1,116,1,8.417558,6.3072534,4.150195,9.485809,2.7165363,26.73,80.01,18.91,2.59,1.8768,6.291668732961019,2.133723983772232,5.784529328346252,2.847408264502823,5.167319195611136,2.450467850625149,0,0.6458427591967424,8.690151
5.0213,5.8512,0.61,26.52,27.28,25.76,76.4,7.9,116.4,101.0,27.76,22.06,24.29,5.4353,1.5079,5.21,2022-04-27,8.690151,2022,4,2,117,1,8.685341,8.417558,6.3072534,7.2146873,3.651678,25.66,79.8,22.44,5.94,3.7114,7.803383986155192,1.3025866927278913,5.670176693371364,2.6854577920221945,5.59366238117218,2.509791371394755,0,0.8581658463221219,11.176923
3.3912,5.6426,0.41,26.51,27.08,26.14,80.54,10.9,117.6,101.02,27.46,22.9,24.7,0.6682,2.5754,8.52,2022-04-28,11.176923,2022,4,3,118,1,8.690151,8.685341,8.417558,3.1267574,1.5147136,26.52,76.4,5.21,7.9,5.0213,8.597683270772299,0.15601184678803284,5.880957245826721,2.877899557425087,5.953553318977356,2.5704133868922017,0,0.6009995392195088,6.401983
3.037,5.5838,0.37,27.32,27.72,26.76,86.05,7.61,88.6,100.81,27.75,24.81,26.07,1.4273,1.7472,13.6,2022-04-29,6.401983,2022,4,4,119,1,11.176923,8.690151,8.685341,1.789445,5.0884523,26.51,80.54,8.52,10.9,3.3912,9.517471631368002,1.437128879413382,7.0309808765138895,3.185843398713899,6.643711115632739,2.5840214159968293,0,0.5438948386403524,6.5067806
2.545,5.5085,0.31,27.25,27.44,27.06,89.23,5.68,82.1,100.75,27.7,25.35,26.3,0.2659,1.8437,16.98,2022-04-30,6.5067806,2022,4,5,120,1,6.401983,11.176923,8.690151,4.150195,6.484576,27.32,86.05,13.6,7.61,3.037,8.756352265675863,2.388158279600407,7.689914839608329,2.264956655018901,6.737534718854087,2.546785747737408,0,0.4620132522465281,10.938052
3.9283,5.466,0.48,27.57,28.29,26.87,82.48,4.46,9.1,100.69,27.88,24.32,25.94,1.4143,2.4816,7.92,2022-05-01,10.938052,2022,5,6,121,0,6.5067806,6.401983,11.176923,6.3072534,5.409781,27.25,89.23,16.98,5.68,2.545,8.028562068939209,2.727063825395872,8.02656991141183,1.7728041028938044,6.739120747361865,2.546623007031533,0,0.7186791072081962,9.100659
5.1209,5.4787,0.64,27.55,28.65,26.77,83.13,3.02,227.9,100.76,28.2,24.43,25.99,5.9923,1.5034,7.02,2022-05-02,9.100659,2022,5,0,122,0,10.938052,6.5067806,6.401983,8.417558,6.985026,27.57,82.48,7.92,4.46,3.9283,7.948938528696696,2.5891786246998523,8.688112599509102,1.8847729664403503,7.1339972615242,2.745480903569009,0,0.9346925365506416,6.3643384
3.8498,5.4425,0.48,26.83,27.36,26.16,87.03,4.49,173.8,100.83,28.03,24.51,25.67,2.7156,1.812,19.91,2022-05-03,6.3643384,2022,5,1,123,0,9.100659,10.938052,6.5067806,8.685341,9.485809,27.55,83.13,7.02,3.02,5.1209,8.84849739074707,2.226371743934462,8.785698550088066,1.8861136665682745,7.285113939217159,2.7944382945855857,0,0.7073587505741847,4.375927
4.7794,5.436,0.6,27.03,27.67,26.16,85.97,3.96,74.6,100.79,28.12,24.5,25.76,4.8977,1.6044,31.85,2022-05-04,4.375927,2022,5,2,124,0,6.3643384,9.100659,10.938052,8.690151,7.2146873,26.83,87.03,19.91,4.49,3.8498,8.801016648610434,2.3015329140884955,8.454126766749791,2.0987251277578736,7.062151730060577,2.729106747727777,0,0.8792126563649743,6.0174303
5.1058,5.4797,0.64,27.35,28.35,26.56,81.03,2.37,95.7,100.81,28.52,23.8,25.57,5.917,1.3711,2.88,2022-05-05,6.0174303,2022,5,3,125,0,4.375927,6.3643384,9.100659,11.176923,3.1267574,27.03,85.97,31.85,3.96,4.7794,6.613641579945882,2.372211651162847,7.837809017726353,2.5930984049807657,6.8593831317765375,2.820818650994791,0,0.9317663375732248,8.211217
4.1513,5.4377,0.53,27.19,28.31,26.36,79.79,3.98,209.4,100.77,28.15,23.41,25.3,3.6569,1.7047,4.9,2022-05-06,8.211217,2022,5,4,126,0,6.0174303,4.375927,6.3643384,6.401983,1.789445,27.35,81.03,2.88,2.37,5.1058,5.585898558298747,1.0621251041767343,7.100738661629813,2.187317416226426,7.065859769071851,2.6256246928886005,0,0.7634293911028559,6.2998567
4.5262,5.3959,0.58,26.1,26.8,25.41,81.16,4.08,161.4,100.87,27.86,22.63,24.36,4.5982,1.6565,4.1,2022-05-07,6.2998567,2022,5,5,127,0,8.211217,6.0174303,4.375927,6.5067806,4.150195,27.19,79.79,4.9,3.98,4.1513,6.20152473449707,1.9242609825836767,7.35920068195888,2.1978561055821557,7.524557760783604,2.1509640441331705,0,0.8388220686076465,8.907378
4.5722,5.4955,0.58,25.84,26.51,25.14,79.95,6.73,142.4,101.09,27.46,22.13,23.98,4.6022,1.5989,2.55,2022-05-08,8.907378,2022,5,6,128,0,6.2998567,8.211217,6.0174303,10.938052,6.3072534,26.1,81.16,4.1,4.08,4.5262,6.84283463160197,1.1934377825074285,7.329640116010394,2.212573982647848,7.678105013711112,1.9597860378618395,0,0.8319898098444181,7.3142805
4.9769,5.6302,0.64,25.79,26.58,25.15,73.84,7.44,138.5,101.23,27.19,20.78,23.29,5.1794,1.7405,0.1,2022-05-09,7.3142805,2022,5,0,129,0,8.907378,6.2998567,8.211217,9.100659,8.417558,25.84,79.95,2.55,6.73,4.5722,7.806150595347087,1.350130063010551,7.039543833051409,1.744153598203219,7.863828216280256,1.9430125673014134,1,0.883965045646691,7.2498097
4.3102,5.467,0.56,25.74,26.74,24.86,73.13,6.93,119.4,101.18,27.04,20.58,23.16,3.7872,1.957,0.02,2022-05-10,7.2498097,2022,5,1,130,0,7.3142805,8.907378,6.2998567,6.3643384,8.685341,25.79,73.84,0.1,7.44,4.9769,7.507171789805095,1.3144190434970429,6.784346852983747,1.5068640249174436,7.785022701535906,1.941199349155316,1,0.788403146149625,6.780567
3.5618,5.4362,0.46,25.79,26.73,25.1,73.69,5.45,131.6,101.08,27.1,20.75,23.27,2.1307,1.9754,0.4,2022-05-11,6.780567,2022,5,2,131,0,7.2498097,7.3142805,8.907378,4.375927,8.690151,25.74,73.13,0.02,6.93,4.3102,7.823822816212972,0.9389399964556583,6.910842759268625,1.502890284094106,7.6824847630092075,1.9278524830764934,1,0.6552003237555645,10.932758
3.7198,5.4252,0.49,25.51,26.4,24.83,74.45,7.21,151.5,101.08,26.79,20.65,23.08,3.8566,2.141,4.06,2022-05-12,10.932758,2022,5,3,132,0,6.780567,7.2498097,7.3142805,6.0174303,11.176923,25.79,73.69,0.4,5.45,3.5618,7.1148858070373535,0.29131741055108173,7.254362787519183,1.0260934692193098,7.546085902622768,1.918605185170674,0,0.6856521418565215,11.864401
3.9278,5.549,0.51,24.39,25.04,23.73,72.71,7.88,160.1,101.21,26.22,19.19,21.79,6.701,2.2284,0.24,2022-05-13,11.864401,2022,5,4,133,0,10.932758,6.780567,7.2498097,8.211217,6.401983,25.51,74.45,4.06,7.21,3.7198,8.321045080820719,2.2739462889590394,7.956552505493164,1.57407675885609,7.528645583561489,1.883856751991423,1,0.7078392503153721,10.499491
4.4064,5.5303,0.58,24.89,26.06,23.86,70.31,6.6,146.5,101.13,26.44,19.12,22.0,3.786,2.6822,0.12,2022-05-14,10.499491,2022,5,5,134,0,11.864401,10.932758,6.780567,6.2998567,6.5067806,24.39,72.71,0.24,7.88,3.9278,9.85924212137858,2.7065973191348385,8.478435925074987,2.166648508416822,7.918818303516933,2.175634826404479,1,0.7967741352187041,11.558981
4.3961,5.3806,0.58,25.19,26.24,24.42,71.48,6.16,117.8,101.09,26.66,19.68,22.44,6.252,1.5401,0.67,2022-05-15,11.558981,2022,5,6,135,0,10.499491,11.864401,10.932758,8.907378,10.938052,24.89,70.31,0.12,6.6,4.4064,11.098883310953775,0.6974546899124644,9.078383650098528,2.0406326061254987,8.204011883054461,2.2371230527224317,1,0.8170278407612533,10.158374
3.1606,5.2488,0.42,25.33,26.15,24.5,74.17,5.93,109.3,101.24,26.63,20.42,22.87,2.0532,1.8101,1.28,2022-05-16,10.158374,2022,5,0,136,0,11.558981,10.499491,11.864401,7.3142805,9.100659,25.19,71.48,0.67,6.16,4.3961,11.307624181111654,0.7163309840285441,9.457184042249407,2.239969512359984,8.248363937650408,2.3007466309292828,0,0.6021566834324036,6.8402033
4.135,5.2193,0.55,26.0,27.0,24.98,73.85,6.42,100.9,101.32,26.8,20.98,23.49,4.949,1.3325,0.51,2022-05-17,6.8402033,2022,5,1,137,0,10.158374,11.558981,10.499491,7.2498097,6.3643384,25.33,74.17,1.28,5.93,3.1606,10.738948504130045,0.7303629815679877,9.863483088357109,2.0350618199957466,8.323914970670428,2.3477726703398267,1,0.7922518345371985,8.388615
4.1858,5.2776,0.56,26.15,26.94,25.38,76.94,6.96,102.6,101.34,26.75,21.8,23.97,4.5984,1.6414,0.06,2022-05-18,8.388615,2022,5,2,138,0,6.8402033,10.158374,11.558981,6.780567,4.375927,26.0,73.85,0.51,6.42,4.135,9.519186019897461,2.4234554747364725,9.804967880249023,2.1265709435084266,8.357905319758824,2.3205065736469916,1,0.7931256631802336,10.140596
3.7176,5.1115,0.5,26.63,27.42,26.0,81.86,7.73,99.2,101.29,26.96,23.29,24.96,3.0127,2.1026,3.6,2022-05-19,10.140596,2022,5,3,139,0,8.388615,6.8402033,10.158374,10.932758,6.0174303,26.15,76.94,0.06,6.96,4.1858,8.462397257486979,1.660315286300459,10.034688949584961,1.8084744158951533,8.644525868552071,2.0190712375374953,0,0.7273011836055951,7.127092
1.8631,4.9992,0.25,26.56,27.13,25.99,86.52,6.61,85.0,101.24,26.83,24.14,25.35,0.2186,1.3474,12.58,2022-05-20,7.127092,2022,5,4,140,0,10.140596,8.388615,6.8402033,11.864401,8.211217,26.63,81.86,3.6,7.73,3.7176,8.45647144317627,1.6512425833197815,9.921522957938057,1.7672257098599773,8.939037731715612,1.9038161512442389,0,0.3726796287405985,6.2349343
3.5935,4.9349,0.49,26.37,26.95,25.85,85.11,5.17,77.5,101.14,26.96,23.69,25.03,2.6263,1.8528,5.0,2022-05-21,6.2349343,2022,5,5,141,0,7.127092,10.140596,8.388615,10.499491,6.2998567,26.56,86.52,12.58,6.61,1.8631,8.552100976308187,1.513389633803823,9.244764532361712,1.805850536381267,8.861600228718348,1.9570028081197088,0,0.7281809155200714,4.9311204
3.9377,5.0129,0.54,26.69,27.28,25.86,83.45,3.64,66.8,101.02,27.25,23.67,25.18,3.3235,1.92,1.9,2022-05-22,4.9311204,2022,5,6,142,0,6.2349343,7.127092,10.140596,11.558981,8.907378,26.37,85.11,5.0,5.17,3.5935,7.834207534790039,2.0465967942789547,8.63554218837193,2.0187972452181926,8.85696291923523,1.9636058366743718,0,0.7855133754912326,3.5683384
4.5094,4.9774,0.62,27.26,28.02,26.52,83.86,4.26,43.5,101.09,27.48,24.3,25.78,5.0988,1.3459,2.59,2022-05-23,3.5683384,2022,5,0,143,0,4.9311204,6.2349343,7.127092,10.158374,7.3142805,26.69,83.45,1.9,3.64,3.9377,6.097715536753337,1.1043977738955706,7.688704967498779,1.9728995377962373,8.572944504874092,2.2258116902801213,0,0.9059750070317837,6.433304
3.8213,4.9702,0.52,27.07,27.73,26.58,83.81,4.55,60.8,101.21,27.13,24.12,25.59,3.9545,1.5881,2.4,2022-05-24,6.433304,2022,5,1,144,0,3.5683384,4.9311204,6.2349343,6.8402033,7.2498097,27.26,83.86,2.59,4.26,4.5094,4.911464373270671,1.333406629894674,6.747271333421979,2.161329486709155,8.305377210889544,2.5849363260052742,0,0.7688423001086475,9.324125
3.7442,5.0738,0.52,26.9,27.76,26.31,82.06,5.4,79.7,101.1,27.12,23.59,25.25,3.6271,1.727,16.98,2022-05-25,9.324125,2022,5,2,145,0,6.433304,3.5683384,4.9311204,8.388615,6.780567,27.07,83.81,2.4,4.55,3.8213,4.977587540944417,1.4330478492129917,6.689142840249198,2.1638837650673697,8.24705536024911,2.619563402239625,0,0.7379478891560566,7.069829
2.5848,5.0352,0.36,26.57,27.16,26.02,81.85,5.93,73.8,100.92,26.84,23.23,24.9,0.3982,1.9344,6.2,2022-05-26,7.069829,2022,5,3,146,0,9.324125,6.433304,3.5683384,10.140596,10.932758,26.9,82.06,16.98,5.4,3.7442,6.441922505696614,2.877903127012211,6.82278721673148,2.3102763189447146,8.42873808315822,2.5981477557944728,0,0.513346043851287,5.2328277
3.8515,4.9346,0.53,26.93,27.6,26.17,84.49,3.59,84.2,100.9,27.24,24.12,25.52,4.1009,1.3618,4.75,2022-05-27,5.2328277,2022,5,4,147,0,7.069829,9.324125,6.433304,7.127092,11.864401,26.57,81.85,6.2,5.93,2.5848,7.609086036682129,1.5189834752416556,6.384106159210205,1.8133920542857427,8.152814558574132,2.5155742017792706,0,0.7805090584849836,7.052492
2.891,4.8403,0.4,26.88,27.55,26.37,86.76,5.47,82.4,100.97,27.03,24.5,25.69,0.6874,1.949,11.1,2022-05-28,7.052492,2022,5,5,148,0,5.2328277,7.069829,9.324125,6.2349343,10.499491,26.93,84.49,4.75,3.59,3.8515,7.208927313486735,2.049192603304983,6.11349698475429,1.8253380310184912,7.679130758558001,2.3838343081752322,0,0.5972770282833708,9.275851
2.821,4.7916,0.39,26.43,26.69,26.2,88.61,6.93,63.4,101.06,26.92,24.42,25.43,1.0572,1.8202,20.75,2022-05-29,9.275851,2022,5,6,149,0,7.052492,5.2328277,7.069829,4.9311204,11.558981,26.88,86.76,11.1,5.47,2.891,6.451716264088948,1.0556240842173097,6.230290957859585,1.8602254619540781,7.432916573115757,2.2440383190578572,0,0.5887386259287086,3.7896798
4.6368,4.8814,0.65,26.69,27.56,25.98,82.12,3.68,69.6,101.12,27.39,23.4,25.04,5.9525,1.1525,1.22,2022-05-30,3.7896798,2022,5,0,150,0,9.275851,7.052492,5.2328277,3.5683384,10.158374,26.43,88.61,20.75,6.93,2.821,7.187057018280029,2.0248680720709524,6.850966794150216,2.0677506499030462,7.269835880824497,1.9896631021987417,0,0.9498914245913057,2.5405242
4.5703,4.9145,0.64,26.42,27.15,25.89,85.35,4.27,113.6,101.15,27.43,23.78,25.1,6.0319,1.1587,0.18,2022-05-31,2.5405242,2022,5,1,151,0,3.7896798,9.275851,7.052492,6.433304,6.8402033,26.69,82.12,1.22,3.68,4.6368,6.706007719039917,2.7594488542674243,6.882586990083967,2.0100740741604106,6.814929161752973,2.006423219153614,1,0.9299623562926034,3.7349324
4.7028,4.9778,0.66,25.87,26.74,25.09,85.7,4.98,123.1,101.16,27.23,23.31,24.59,5.8728,1.2701,0.02,2022-06-01,3.7349324,2022,6,2,152,0,2.5405242,3.7896798,9.275851,9.324125,8.388615,26.42,85.35,0.18,4.27,4.5703,5.20201841990153,3.5829014531497703,6.326475620269775,2.6054181124864155,6.507809230259487,2.308578071040079,1,0.944754710916469,4.433705
4.745,4.9363,0.67,26.06,27.03,25.02,79.1,4.23,111.2,101.13,27.08,22.15,24.1,6.0881,1.1993,0.03,2022-06-02,4.433705,2022,6,3,153,0,3.7349324,2.5405242,3.7896798,7.069829,10.140596,25.87,85.7,0.02,4.98,4.7028,3.355045477549235,0.7059270128299922,5.528019496372768,2.380360216996887,6.175403356552124,2.351569535914245,1,0.9612462775763223,5.8713636
4.5994,4.9476,0.65,26.43,27.2,25.89,76.25,3.4,129.6,101.09,27.17,21.92,24.18,6.0677,1.4755,0.06,2022-06-03,5.8713636,2022,6,4,154,0,4.433705,3.7349324,2.5405242,5.2328277,7.127092,26.06,79.1,0.03,4.23,4.745,3.569720506668091,0.9573423824420999,5.151430334363665,2.3030523525016386,5.767768246786935,2.0916107006052655,1,0.9296224432047862,4.173966
4.6615,4.9315,0.66,26.15,27.2,25.41,80.71,5.41,136.6,101.21,27.02,22.58,24.37,6.1265,1.0879,0.36,2022-06-04,4.173966,2022,6,5,155,0,5.8713636,4.433705,3.7349324,7.052492,6.2349343,26.43,76.25,0.06,3.4,4.5994,4.680000305175781,1.0893028384018204,5.242649759565081,2.3194012296490665,5.678073372159686,2.0554467615272944,1,0.9452499239582278,5.755684
4.7126,4.9231,0.67,25.61,26.62,24.68,80.16,5.35,124.4,101.27,26.79,21.95,23.78,5.916,1.2943,0.0,2022-06-05,5.755684,2022,6,6,156,0,4.173966,5.8713636,4.433705,9.275851,4.9311204,26.15,80.71,0.36,5.41,4.6615,4.826344807942708,0.9142835152006106,4.831431729452951,2.1969898415737896,5.530861343656268,2.086071829149571,1,0.9572423879263067,5.472728
4.4534,4.9039,0.64,25.58,26.55,24.71,81.26,5.25,130.0,101.22,26.8,22.14,23.86,5.37,1.3562,0.01,2022-06-06,5.472728,2022,6,0,157,0,5.755684,4.173966,5.8713636,3.7896798,3.5683384,25.61,80.16,0.0,5.35,4.7126,5.267004489898682,0.9483646024309021,4.3285506793430875,1.1755663834099621,5.589758736746652,2.0794661875791363,1,0.9081343420542833,6.075567
4.7393,4.9805,0.68,24.98,25.81,24.14,77.9,6.74,128.9,101.25,26.29,20.87,22.92,6.143,1.2533,0.0,2022-06-07,6.075567,2022,6,1,158,0,5.472728,5.755684,4.173966,2.5405242,6.433304,25.58,81.26,0.01,5.25,4.4534,5.134125868479411,0.8434728040542705,4.568986109324864,1.2183207654293073,5.725786549704416,1.9977456766334836,1,0.9515711273968477,5.8846226
4.2007,4.9644,0.6,24.45,25.2,23.46,76.26,6.21,109.4,101.21,26.09,20.02,22.24,5.155,1.4299,0.01,2022-06-08,5.8846226,2022,6,2,159,0,6.075567,5.472728,5.755684,3.7349324,9.324125,24.98,77.9,0.0,6.74,4.7393,5.767992814381917,0.3016079324917188,5.073992184230259,0.9377048860767813,5.700233902250018,1.9902737658017735,1,0.8461646926113932,4.832046
4.4124,4.9262,0.63,25.26,26.46,24.06,74.77,4.09,70.9,101.23,26.31,20.46,22.87,5.8392,1.5019,0.03,2022-06-09,4.832046,2022,6,3,160,0,5.8846226,6.075567,5.472728,4.433705,7.069829,24.45,76.26,0.01,6.21,4.2007,5.810972372690837,0.30809410411515525,5.3810907772609164,0.7615353442013612,5.454555136816842,1.6995896162699835,1,0.8957005399699566,5.4353533
4.6606,4.9195,0.67,25.52,26.53,24.51,74.66,2.96,76.3,101.23,26.41,20.7,23.11,6.2033,1.3709,0.0,2022-06-10,5.4353533,2022,6,4,161,0,4.832046,5.8846226,6.075567,5.8713636,5.2328277,25.26,74.77,0.03,4.09,4.4124,5.5974117914835615,0.6696666937954519,5.437996659960065,0.6905141284314057,5.294713497161865,1.640182454811774,1,0.9473727004776907,9.509165
4.5382,4.8653,0.66,25.64,26.58,24.85,79.15,3.81,78.7,101.2,26.49,21.77,23.71,5.2006,1.5643,0.19,2022-06-11,9.509165,2022,6,5,162,0,5.4353533,4.832046,5.8846226,4.173966,7.052492,25.52,74.66,0.0,2.96,4.6606,5.384007294972737,0.5281634706276099,5.375709465571812,0.6640658546040873,5.309179612568447,1.6404877379529368,1,0.9327687912358948,6.814169
4.7155,4.9106,0.68,26.08,27.15,25.07,82.46,3.57,68.7,101.24,26.86,22.85,24.47,5.9842,1.2703,1.04,2022-06-12,6.814169,2022,6,6,163,0,9.509165,5.4353533,4.832046,5.755684,9.275851,25.64,79.15,0.19,3.81,4.5382,6.592188040415446,2.5441226415273213,6.137880734034947,1.5395254150253925,5.484656231743949,1.944523843444849,0,0.9602696208202663,5.836867
3.7886,4.8338,0.55,25.96,26.56,25.31,83.8,3.91,86.2,101.32,26.88,23.02,24.49,4.1112,1.5396,1.05,2022-06-13,5.836867,2022,6,0,164,0,6.814169,9.509165,5.4353533,5.472728,3.7896798,26.08,82.46,1.04,3.57,4.7155,7.252895673116048,2.072039083601462,6.289092881338937,1.5476900276388006,5.308821780341012,1.6667989704142214,0,0.7837726012660847,4.7553782
4.6625,4.8706,0.68,26.36,27.39,25.58,77.07,4.7,97.7,101.39,26.87,22.01,24.19,6.0742,1.1628,0.6,2022-06-14,4.7553782,2022,6,1,165,0,5.836867,6.814169,9.509165,6.075567,2.5405242,25.96,83.8,1.05,3.91,3.7886,7.386733531951904,1.9019242188571301,6.3411127499171664,1.5215770577075933,5.455049429621015,1.6121778935567403,1,0.9572742577916479,5.041301
4.3402,4.817,0.63,25.73,26.22,25.36,83.41,6.17,104.4,101.4,26.6,22.74,24.23,4.9154,1.6358,1.73,2022-06-15,5.041301,2022,6,2,166,0,4.7553782,5.836867,6.814169,5.8846226,3.7349324,26.36,77.07,0.6,4.7,4.6625,5.802138010660808,1.029834617486894,6.152514389583042,1.6373878746536585,5.613253286906651,1.3987140398525209,0,0.9010172306414781,6.7323923
2.4125,4.6966,0.35,26.18,26.99,25.48,83.28,8.29,111.8,101.37,26.67,23.14,24.66,1.5542,1.4112,8.16,2022-06-16,6.7323923,2022,6,3,167,0,5.041301,4.7553782,5.836867,4.832046,4.433705,25.73,83.41,1.73,6.17,4.3402,5.2111819585164385,0.5604008527430479,6.032039846692767,1.6905455322345657,5.706565311976841,1.304145847218859,0,0.5136694630157986,9.40004
3.2549,4.7057,0.47,26.33,27.08,25.6,82.16,8.21,98.7,101.34,26.62,23.06,24.7,2.0258,2.2613,2.97,2022-06-17,9.40004,2022,6,4,168,0,6.7323923,5.041301,4.7553782,5.4353533,5.8713636,26.18,83.28,8.16,8.29,2.4125,5.509690443674724,1.0684979248240152,6.303517886570522,1.6166978338255895,5.870757273265293,1.275963417692229,0,0.6916930531058079,10.485224
3.115,4.7201,0.45,26.56,27.37,26.1,81.03,7.58,92.6,101.27,26.73,23.04,24.8,1.2358,2.2529,1.96,2022-06-18,10.485224,2022,6,5,169,0,9.40004,6.7323923,5.041301,9.509165,4.173966,26.33,82.16,2.97,8.21,3.2549,7.057910919189453,2.1975265575365683,6.869901657104492,1.9266324106231283,6.1228055613381525,1.5867604030713602,0,0.6599436452617529,9.398903
2.3345,4.7494,0.34,26.43,27.39,25.95,83.77,5.58,66.6,100.95,26.66,23.47,24.95,1.2955,1.577,11.05,2022-06-19,9.398903,2022,6,6,170,0,10.485224,9.40004,6.7323923,6.814169,5.755684,26.56,81.03,1.96,7.58,3.115,8.872551918029785,1.9312220195035792,7.009338651384626,2.169493794113938,6.573609692709787,1.8629812153402372,0,0.49153577293973977,9.934325
0.8899,4.6438,0.13,26.4,27.15,25.78,85.45,5.25,326.4,100.72,26.33,23.78,25.09,0.3732,0.6259,19.19,2022-06-20,9.934325,2022,6,0,171,0,9.398903,10.485224,9.40004,5.836867,5.472728,26.43,83.77,11.05,5.58,2.3345,9.761388778686523,0.6268597484351994,7.37858636038644,2.343705715562844,6.833839620862689,1.9900578182553716,0,0.19163185322365306,8.941339
2.6652,4.6709,0.39,25.59,26.8,24.58,81.27,3.71,215.7,100.91,26.58,22.14,23.86,3.2698,1.4066,3.86,2022-06-21,8.941339,2022,6,1,172,0,9.934325,9.398903,10.485224,4.7553782,6.075567,26.4,85.45,19.19,5.25,0.8899,9.939483960469564,0.543178811680647,7.963937555040632,2.4053478202177847,7.1525251524788995,2.109006884240225,0,0.570596673018048,5.1716285
4.3049,4.7465,0.63,24.92,25.89,24.14,75.82,4.99,171.1,101.19,26.15,20.37,22.65,5.49,1.2206,0.02,2022-06-22,5.1716285,2022,6,2,173,0,8.941339,9.934325,9.398903,5.041301,5.8846226,25.59,81.27,3.86,3.71,2.6652,9.424855550130209,0.4970018023234434,8.561931882585798,1.9524116775991371,7.3572231360844205,2.135347688494886,1,0.9069630253871274,6.9330854
3.0547,4.7237,0.45,24.44,25.2,23.84,77.5,5.77,136.5,101.36,25.97,20.27,22.36,2.2142,1.6543,0.04,2022-06-23,6.9330854,2022,6,3,174,0,5.1716285,8.941339,9.934325,6.7323923,4.832046,24.92,75.82,0.02,4.99,4.3049,8.015764077504477,2.5126352957550613,8.580550125667028,1.9134765684880268,7.306294986179897,2.181181523419679,1,0.6466752757372398,7.167934
3.9521,4.721,0.58,25.21,26.15,24.27,77.98,5.63,114.6,101.37,26.16,21.11,23.16,3.6607,1.7902,2.69,2022-06-24,7.167934,2022,6,4,175,0,6.9330854,5.1716285,8.941339,9.40004,5.4353533,24.44,77.5,0.04,5.77,3.0547,7.015350818634033,1.8862009929292192,8.609220572880336,1.8824210512367803,7.456369229725429,2.0671469091481653,0,0.8371319635670409,7.6104813
4.0423,4.7083,0.59,25.35,26.28,24.56,79.0,6.57,110.3,101.39,26.29,21.46,23.41,4.1868,1.6954,1.03,2022-06-25,7.6104813,2022,6,5,176,0,7.167934,6.9330854,5.1716285,10.485224,9.509165,25.21,77.98,2.69,5.63,3.9521,6.424215952555339,1.0911095250919896,8.290348325456891,1.9149068654584822,7.580124991280692,1.9871611965889961,0,0.8585476711339549,6.253451
3.9526,4.7611,0.58,25.93,26.75,25.25,80.14,7.34,106.9,101.41,26.43,22.25,24.09,4.6553,1.4124,0.51,2022-06-26,6.253451,2022,6,6,177,0,7.6104813,7.167934,6.9330854,9.398903,6.814169,25.35,79.0,1.03,6.57,4.0423,7.237166881561279,0.3439639145366096,7.879670824323382,1.6565706925619619,7.444504737854004,1.9086191547476814,1,0.830186301484951,6.1484685
4.555,4.8564,0.66,25.63,26.58,24.82,79.82,7.59,120.0,101.29,26.28,21.9,23.76,5.4247,1.4789,0.11,2022-06-27,6.1484685,2022,6,0,178,0,6.253451,7.6104813,7.167934,9.934325,5.836867,25.93,80.14,0.51,7.34,3.9526,7.010622024536133,0.6920571871343395,7.430320535387311,1.6014823467147312,7.404453447886875,1.9286420215554798,1,0.9379375669219998,5.891387
4.4014,4.8307,0.64,25.33,26.37,24.33,80.7,6.43,106.4,101.2,26.33,21.79,23.56,5.699,1.2732,0.08,2022-06-28,5.891387,2022,6,1,179,0,6.1484685,6.253451,7.6104813,8.941339,4.7553782,25.63,79.82,0.11,7.59,4.555,6.67080020904541,0.8154788078644518,6.8894838605608255,1.2051313401841768,7.426710707800729,1.9108760716459354,1,0.9111308920032293,6.542095
3.2234,4.6997,0.47,26.01,27.16,25.14,84.97,4.77,111.4,101.13,26.57,23.3,24.65,2.2154,1.9313,0.59,2022-06-29,6.542095,2022,6,2,180,0,5.891387,6.1484685,6.253451,5.1716285,5.041301,25.33,80.7,0.08,6.43,4.4014,6.097768783569336,0.18628045970323495,6.453776495797293,0.8337918083580799,7.507854189191546,1.8101814146870856,1,0.6858735663978551,7.0296907
3.5566,4.6903,0.52,25.84,26.59,25.2,89.22,5.21,131.2,101.23,26.25,23.95,24.9,2.8205,1.8914,1.16,2022-06-30,7.0296907,2022,6,3,181,0,6.542095,5.891387,6.1484685,6.9330854,6.7323923,26.01,84.97,0.59,4.77,3.2234,6.193983554840088,0.3277331314625956,6.649557454245431,0.6146595312675694,7.615053789956229,1.6935569746945986,0,0.7582883824062427,6.811689
3.7766,4.7726,0.55,25.27,25.75,24.59,88.71,7.57,127.4,101.35,26.52,23.29,24.28,4.2233,1.4182,0.87,2022-07-01,6.811689,2022,7,4,182,0,7.0296907,6.542095,5.891387,7.167934,9.40004,25.84,89.22,1.16,5.21,3.5566,6.487724304199219,0.5710963185764323,6.663358211517334,0.6231128853300223,7.636289392198835,1.6834717617702852,1,0.7913087206135021,6.5833206
4.0058,4.7909,0.58,25.47,26.2,24.95,85.51,7.44,115.2,101.35,26.53,22.88,24.18,4.4894,1.3946,1.93,2022-07-02,6.5833206,2022,7,5,183,0,6.811689,7.0296907,6.542095,7.6104813,10.485224,25.27,88.71,0.87,7.57,3.7766,6.794491608937581,0.24425226140342116,6.612466062818255,0.5886273946034537,7.451407194137573,1.6156354830653121,0,0.8361268237700641,6.4931245
4.4386,4.8338,0.64,25.63,26.56,25.0,82.23,8.19,112.3,101.27,26.41,22.38,24.0,5.4562,1.2288,0.73,2022-07-03,6.4931245,2022,7,6,184,0,6.5833206,6.811689,7.0296907,6.253451,9.398903,25.47,85.51,1.93,7.44,4.0058,6.808233420054118,0.22320512390730604,6.465728827885219,0.3943318534806358,7.1726998261043,1.369886472367125,1,0.9182423765981216,6.8908577
3.7855,4.8156,0.55,25.16,25.93,24.64,80.34,8.55,120.1,101.28,26.13,21.55,23.36,4.1153,1.567,2.06,2022-07-04,6.8908577,2022,7,0,185,0,6.4931245,6.5833206,6.811689,6.1484685,9.934325,25.63,82.23,0.73,8.19,4.4386,6.629378000895183,0.16420043707108356,6.4999679156712125,0.38307267564041075,6.965144225529262,1.218397064226692,0,0.7860910374615832,8.312221
3.7142,4.841,0.54,25.57,26.47,24.61,81.32,8.38,111.3,101.3,26.26,22.15,23.86,4.2946,1.4662,1.11,2022-07-05,8.312221,2022,7,1,186,0,6.8908577,6.4931245,6.5833206,5.891387,8.941339,25.16,80.34,2.06,8.55,3.7855,6.655767599741618,0.20852901667107904,6.606023515973773,0.3721506178247766,6.7477536882672995,0.8694051883985134,0,0.7672381739310059,7.0574374
3.7214,4.8048,0.54,25.66,26.31,25.17,84.58,8.63,105.3,101.36,26.42,22.89,24.28,3.7579,1.6433,3.65,2022-07-06,7.0574374,2022,7,2,187,0,8.312221,6.8908577,6.4931245,6.542095,5.1716285,25.57,81.32,1.11,8.38,3.7142,7.232067584991455,0.9563450139478435,6.9518568856375555,0.6316874867686229,6.702816690717425,0.7561909315953789,0,0.7745171495171495,6.0191283
4.1482,4.8132,0.6,25.42,26.16,24.88,83.25,7.23,114.4,101.32,26.28,22.39,23.9,4.9982,1.3416,1.44,2022-07-07,6.0191283,2022,7,3,188,0,7.0574374,8.312221,6.8908577,7.0296907,6.9330854,25.66,84.58,3.65,8.63,3.7214,7.420171896616618,0.7770137272954843,7.025477205004011,0.6054581492592698,6.837517329624721,0.6177452963946956,0,0.8618382780686445,6.6091843
3.9818,4.8389,0.57,25.28,26.21,24.69,78.61,6.58,101.6,101.22,26.12,21.29,23.29,5.8937,1.3555,0.4,2022-07-08,6.6091843,2022,7,4,189,0,6.0191283,7.0574374,8.312221,6.811689,7.167934,25.42,83.25,1.44,7.23,4.1482,7.129595438639323,1.1482478401675644,6.881111145019531,0.7148784077628872,6.772234678268433,0.6540925613556183,1,0.8228729669966315,7.362729
4.0085,4.9128,0.57,25.36,26.22,24.67,78.48,7.13,99.7,101.24,26.08,21.36,23.36,4.59,1.5511,0.08,2022-07-09,7.362729,2022,7,5,190,0,6.6091843,6.0191283,7.0574374,6.5833206,7.6104813,25.28,78.61,0.4,6.58,3.9818,6.561916669209798,0.5207658923137564,6.852181911468506,0.7222157230051433,6.73232398714338,0.6450753962927885,1,0.815929815990881,6.3405
3.5066,4.7676,0.5,25.82,26.53,25.08,84.57,7.82,96.0,101.23,26.11,23.04,24.43,3.2902,1.5816,4.15,2022-07-10,6.3405,2022,7,6,191,0,7.362729,6.6091843,6.0191283,6.4931245,6.253451,25.36,78.48,0.08,7.13,4.0085,6.663680553436279,0.6734561068907607,6.963525976453509,0.7338440804073102,6.714627402169364,0.6221214001017324,0,0.7355063344240289,4.6670723
4.349,4.8178,0.62,26.18,26.89,25.66,86.49,6.51,90.1,101.26,26.45,23.77,24.98,5.1439,1.3248,2.41,2022-07-11,4.6670723,2022,7,0,192,0,6.3405,7.362729,6.6091843,6.8908577,6.1484685,25.82,84.57,4.15,7.82,3.5066,6.770804405212402,0.5299329522238825,6.941722461155483,0.7521878100395648,6.720845188413348,0.6175760204194184,0,0.902694175764872,2.508898
4.723,4.8398,0.67,26.32,27.39,25.51,87.02,3.38,77.0,101.19,26.86,23.98,25.15,6.2318,1.0406,1.7,2022-07-12,2.508898,2022,7,1,193,0,4.6670723,6.3405,7.362729,8.312221,5.891387,26.18,86.49,2.41,6.51,4.349,6.123433748881022,1.360874587300741,6.62403883252825,1.144530831320663,6.615031174251011,0.8176804608088832,0,0.9758667713541881,5.274906
4.0058,4.8391,0.57,26.36,27.28,25.71,85.11,6.16,83.7,101.04,26.74,23.66,25.01,4.7707,1.4134,2.18,2022-07-13,5.274906,2022,7,2,194,0,2.508898,4.6670723,6.3405,7.0574374,6.542095,26.32,87.02,1.7,3.38,4.723,4.505490064620972,1.9209046860740375,5.794992753437588,1.689818010547905,6.373424819537571,1.3646993219012458,0,0.8277985575830216,3.1304026
4.5751,4.8775,0.65,26.67,27.87,25.77,83.38,6.25,56.3,101.04,26.87,23.62,25.15,5.8015,1.183,1.43,2022-07-14,3.1304026,2022,7,3,195,0,5.274906,2.508898,4.6670723,6.0191283,7.0296907,26.36,85.11,2.18,6.16,4.0058,4.150292158126831,1.4536149899695818,5.5403454303741455,1.599776868246518,6.282911317689078,1.3943526468784389,0,0.9380010251153253,7.1629386
4.901,4.9409,0.69,26.48,27.49,25.68,86.05,4.67,50.0,101.18,26.95,23.96,25.22,6.7634,0.9314,3.08,2022-07-15,7.1629386,2022,7,4,196,0,3.1304026,5.274906,2.508898,6.6091843,6.811689,26.67,83.38,1.43,6.25,4.5751,3.638068914413452,1.4512043610469885,5.127670322145734,1.8139369021949174,6.004390733582633,1.6069428896032025,0,0.9919245481592421,3.8725502
3.8086,4.9673,0.53,26.33,27.21,25.46,83.68,3.0,89.4,101.28,27.17,23.35,24.84,5.3885,1.1059,1.13,2022-07-16,3.8725502,2022,7,5,197,0,7.1629386,3.1304026,5.274906,7.362729,6.5833206,26.48,86.05,3.08,4.67,4.901,5.1894157727559405,2.0176268640347215,5.206778083528791,1.8993783905951895,6.029479997498648,1.62317687260295,0,0.7667344432589134,6.814062
3.4476,4.8802,0.48,26.24,27.01,25.72,84.34,8.06,117.7,101.39,26.89,23.4,24.82,3.0631,1.6553,2.08,2022-07-17,6.814062,2022,7,6,198,0,3.8725502,7.1629386,3.1304026,6.3405,6.4931245,26.33,83.68,1.13,3.0,3.8086,4.72196380297343,2.1462675152619237,4.70818110874721,1.6851150439531977,5.8358535426003595,1.711316873217131,0,0.7064464571124134,6.6952453
4.2319,5.0405,0.59,26.0,26.78,25.36,78.18,8.22,97.1,101.41,26.68,21.89,23.94,4.5422,1.5595,1.4,2022-07-18,6.6952453,2022,7,0,199,0,6.814062,3.8725502,7.1629386,4.6670723,6.8908577,26.24,84.34,2.08,8.06,3.4476,5.94985032081604,1.807431987625307,4.775832857404437,1.7689879035580964,5.858777659279959,1.7229089989311026,0,0.8395794068048806,6.8691506
4.535,5.0806,0.63,26.25,27.12,25.67,80.49,8.45,95.1,101.33,26.64,22.64,24.45,5.0652,1.6051,1.39,2022-07-19,6.8691506,2022,7,1,200,0,6.6952453,6.814062,3.8725502,2.508898,8.312221,26.0,78.18,1.4,8.22,4.2319,5.7939525445302325,1.6650433768457227,5.065571853092739,1.9087772505230396,5.844805342810495,1.7146687533146112,0,0.892611108924143,6.518363
4.8281,5.1331,0.67,26.18,27.33,25.35,78.99,7.95,94.8,101.36,26.66,22.26,24.22,5.9532,1.309,0.21,2022-07-20,6.518363,2022,7,2,201,0,6.8691506,6.6952453,6.814062,5.274906,7.0574374,26.25,80.49,1.39,8.45,4.535,6.792819341023763,0.08887750758002244,5.688465084348406,1.6258806360167977,5.7417289188929965,1.5940648334721692,1,0.940581714753268,5.4021215
4.4952,5.1187,0.62,26.18,27.17,25.41,78.08,7.41,96.4,101.35,26.64,22.06,24.12,5.2824,1.4088,0.29,2022-07-21,5.4021215,2022,7,3,202,0,6.518363,6.8691506,6.6952453,3.1304026,6.0191283,26.18,78.99,0.21,7.95,4.8281,6.694252967834473,0.17539592503491686,5.866101775850568,1.6410232102644415,5.703223603112357,1.5661041673033336,1,0.8781917283685311,5.4235444
4.6402,5.087,0.64,25.72,26.53,25.11,79.89,6.34,111.1,101.31,26.31,22.0,23.86,5.4408,1.4201,0.42,2022-07-22,5.4235444,2022,7,4,203,0,5.4021215,6.518363,6.8691506,7.1629386,6.6091843,26.18,78.08,0.29,7.41,4.4952,6.263211727142334,0.7660745523803205,6.190633058547974,1.1655990354774404,5.659151690346854,1.565211792165273,1,0.9121682720660508,4.9459887
4.7412,5.1523,0.65,25.47,26.34,24.82,78.72,5.99,109.8,101.3,26.46,21.52,23.49,5.8236,1.343,0.35,2022-07-23,4.9459887,2022,7,5,204,0,5.4235444,5.4021215,6.518363,3.8725502,7.362729,25.72,79.89,0.42,6.34,4.6402,5.78134298324585,0.63836792873698,5.942148174558367,1.1077424828358364,5.574463129043579,1.5417542997749458,1,0.9202103914756516,7.9317036
3.4025,5.1149,0.46,25.73,26.83,24.94,80.53,6.58,87.7,101.2,26.42,22.14,23.93,2.2044,1.8792,2.84,2022-07-24,7.9317036,2022,7,6,205,0,4.9459887,5.4235444,5.4021215,6.814062,6.3405,25.47,78.72,0.35,5.99,4.7412,5.257218201955159,0.26974545018604223,6.09549651827131,0.8069540118250687,5.40183881350926,1.459214200826247,0,0.6652133961563276,5.614808
2.9995,5.0736,0.41,25.97,27.02,25.15,83.95,6.56,80.2,101.15,26.64,23.06,24.51,1.8338,1.8578,5.31,2022-07-25,5.614808,2022,7,0,206,0,7.9317036,4.9459887,5.4235444,6.6952453,4.6670723,25.73,80.53,2.84,6.58,3.4025,6.100412209828694,1.603819161110144,6.25515958241054,1.0475306209232202,5.515496219907488,1.5937198403988169,0,0.5911975717439294,5.2347317
3.6319,5.0707,0.49,26.18,27.09,25.38,82.14,6.2,71.1,101.15,26.57,22.9,24.54,2.4953,1.8434,2.78,2022-07-26,5.2347317,2022,7,1,207,0,5.614808,7.9317036,4.9459887,6.8691506,2.508898,25.97,83.95,5.31,6.56,2.9995,6.164166768391927,1.566834263351082,6.100811413356236,1.0514698873534503,5.583191633224487,1.5749271145949655,0,0.7162521939771629,4.96145
5.0186,5.1425,0.68,26.11,26.86,25.5,79.54,4.9,73.2,101.19,26.49,22.32,24.22,6.1958,1.1796,0.14,2022-07-27,4.96145,2022,7,2,208,0,5.2347317,5.614808,7.9317036,6.518363,5.274906,26.18,82.14,2.78,6.2,3.6319,6.260414441426595,1.4598013653451531,5.867322989872524,1.033736312793615,5.777894037110465,1.3122076866594237,1,0.975906660184735,5.1752524
5.0225,5.2526,0.67,26.17,27.15,25.3,77.62,5.72,87.2,101.34,26.7,21.96,24.06,6.1915,1.2005,0.12,2022-07-28,5.1752524,2022,7,3,209,0,4.96145,5.2347317,5.614808,5.4021215,3.1304026,26.11,79.54,0.14,4.9,5.0186,5.27032995223999,0.32813044878249287,5.644906861441476,1.0377969170551264,5.755504318646023,1.324070729914618,1,0.9561931234055515,6.145001
4.6771,5.2286,0.62,26.07,27.08,25.13,79.47,6.12,102.7,101.31,26.71,22.24,24.15,4.6913,1.8941,1.27,2022-07-29,6.145001,2022,7,4,210,0,5.1752524,4.96145,5.2347317,5.4235444,7.1629386,26.17,77.62,0.12,5.72,5.0225,5.123811403910319,0.14371965650403246,5.612496989113944,1.0501120904412367,5.901565023830959,1.1072482761579965,0,0.8945224343036378,5.938276
3.5633,5.2162,0.47,26.36,27.08,25.9,85.23,6.25,84.5,101.23,26.7,23.7,25.03,3.667,1.6858,3.84,2022-07-30,5.938276,2022,7,5,211,0,6.145001,5.1752524,4.96145,4.9459887,3.8725502,26.07,79.47,1.27,6.12,4.6771,5.427234490712483,0.6307292294438462,5.715562207358224,1.06379138886135,5.828855190958295,1.0499878155201978,0,0.6831218128139258,7.557489
4.5504,5.239,0.6,26.57,27.42,25.85,84.31,4.49,62.6,101.2,26.88,23.72,25.14,4.3702,1.9632,4.59,2022-07-31,7.557489,2022,7,6,212,0,5.938276,6.145001,5.1752524,7.9317036,6.814062,26.36,85.23,3.84,6.25,3.5633,5.752843062082927,0.5107758960554509,5.857317515781948,1.0088449368863672,5.976407017026629,0.8863151737383492,0,0.868562702805879,7.7002583
3.2059,5.219,0.42,26.23,26.76,25.68,87.45,4.85,81.9,101.22,26.42,24.0,25.11,1.6718,1.9322,6.26,2022-08-01,7.7002583,2022,8,0,213,0,7.557489,5.938276,6.145001,5.614808,6.6952453,26.57,84.31,4.59,4.49,4.5504,6.546921888987224,0.8812593882752645,5.803858280181885,0.8826200312482128,6.0295089312962125,0.9596027285717605,0,0.6142747652807051,7.7180004
3.7867,5.1878,0.5,26.15,26.82,25.59,86.91,5.79,103.7,101.35,26.48,23.81,24.98,3.107,1.625,2.76,2022-08-02,7.7180004,2022,8,1,214,0,7.7002583,7.557489,5.938276,5.2347317,6.8691506,26.23,87.45,6.26,4.85,3.2059,7.065340995788574,0.9786739568314967,6.101779733385358,1.1264547082703873,6.101295573370797,1.0468611723597072,0,0.7299240525849108,6.0968046
4.7911,5.2433,0.63,26.07,26.52,25.62,83.39,6.91,87.4,101.31,26.43,23.05,24.56,5.4521,1.35,0.85,2022-08-03,6.0968046,2022,8,2,215,0,7.7180004,7.7002583,7.557489,4.96145,6.518363,26.15,86.91,2.76,5.79,3.7867,7.65858252843221,0.08799792349891224,6.456532410212925,1.196721352396245,6.161927700042725,1.116987833126281,1,0.9137566036656305,7.2444096
4.4064,5.3472,0.57,26.16,27.04,25.27,83.48,6.26,84.6,101.17,26.57,23.16,24.66,4.0402,1.8677,1.39,2022-08-04,7.2444096,2022,8,3,216,0,6.0968046,7.7180004,7.7002583,5.1752524,5.4021215,26.07,83.39,0.85,6.91,4.7911,7.171687761942546,0.9309183769458259,6.618725912911551,1.02492583592477,6.131816387176514,1.1123123824058003,0,0.8240574506283662,9.83438
4.5982,5.3278,0.59,26.01,26.76,25.43,84.17,6.18,78.6,101.06,26.5,23.15,24.58,4.6903,1.571,22.84,2022-08-05,9.83438,2022,8,4,217,0,7.2444096,6.0968046,7.7180004,6.145001,5.4235444,26.16,83.48,1.39,6.26,4.4064,7.01973819732666,0.8336227361507361,6.914319787706647,0.8164018615130236,6.263408388410296,1.1282076836943864,0,0.863057922594692,5.6519413
4.4148,5.4374,0.57,25.94,26.82,24.98,80.79,5.24,87.9,101.01,26.64,22.41,24.17,4.9788,1.416,9.22,2022-08-06,5.6519413,2022,8,5,218,0,9.83438,7.2444096,6.0968046,5.938276,4.9459887,26.01,84.17,22.84,6.18,4.5982,7.725198109944661,1.9146111704409603,7.44137396131243,1.2903145807806433,6.578468084335327,1.446584166331326,0,0.811932173465259,3.5368898
5.0594,5.49,0.65,25.95,26.66,25.37,80.32,5.06,96.7,101.09,26.84,22.31,24.13,5.8987,1.3798,1.79,2022-08-07,3.5368898,2022,8,6,219,0,5.6519413,9.83438,7.2444096,7.557489,7.9317036,25.94,80.79,9.22,5.24,4.4148,7.576910336812337,2.110951505529722,7.400469030652728,1.3491060634040606,6.628893273217337,1.3967473135945492,0,0.9215664845173042,3.725475
5.0285,5.4996,0.64,26.02,26.88,25.29,80.96,4.6,70.2,101.0,26.95,22.51,24.27,5.7917,1.409,3.68,2022-08-08,3.725475,2022,8,0,220,0,3.5368898,5.6519413,9.83438,7.7002583,5.614808,25.95,80.32,1.79,5.06,5.0594,6.3410704135894775,3.204804269431142,6.826097726821899,1.979637826784347,6.314978003501892,1.5651323726448132,0,0.9143392246708851,3.5878997
5.3184,5.5272,0.67,26.57,27.65,25.52,81.25,4.57,31.8,100.95,27.12,23.1,24.83,6.4999,1.1496,1.94,2022-08-09,3.5878997,2022,8,1,221,0,3.725475,3.5368898,5.6519413,7.7180004,5.2347317,26.02,80.96,3.68,4.6,5.0285,4.304768721262614,1.1704898840354085,6.258271557944162,2.2400339974429,6.18002564566476,1.705322641161292,0,0.9622231871471992,8.089572
2.4487,5.495,0.31,27.03,28.56,25.75,79.35,4.97,351.8,100.85,27.22,23.12,25.08,0.6506,1.6507,0.29,2022-08-10,8.089572,2022,8,2,222,0,3.5878997,3.725475,3.5368898,6.0968046,4.96145,26.57,81.25,1.94,4.57,5.3184,3.6167548497517905,0.09754777030338461,5.6682571683611185,2.3334442573079897,6.062394789287022,1.8279338290219322,1,0.4456232939035487,7.1924686
2.2128,5.4293,0.28,25.2,26.96,23.56,84.18,6.36,206.1,100.91,26.33,22.36,23.78,0.2597,1.5516,10.21,2022-08-11,7.1924686,2022,8,3,223,0,8.089572,3.5878997,3.725475,7.2444096,5.1752524,27.03,79.35,0.29,4.97,2.4487,5.134315570195516,2.5602513474508624,5.952938216073172,2.5093685091216047,6.285832064492362,1.8736200276207013,0,0.40756635293684274,7.042075
4.0762,5.6078,0.51,23.9,24.79,23.33,74.26,6.23,173.7,101.22,25.86,19.05,21.47,2.0429,2.1658,0.37,2022-08-12,7.042075,2022,8,4,224,0,7.1924686,8.089572,3.5878997,9.83438,6.145001,25.2,84.18,10.21,6.36,2.2128,6.2899800936381025,2.3826723418208857,5.94551808493478,2.5049861584306794,6.429918936320713,1.8591525055994007,1,0.7268804165626449,8.081599
3.2491,5.6249,0.4,23.69,24.4,23.17,73.72,7.02,152.9,101.43,25.57,18.74,21.21,1.0068,2.1715,0.19,2022-08-13,8.081599,2022,8,5,225,0,7.042075,7.1924686,8.089572,5.6519413,5.938276,23.9,74.26,0.37,6.23,4.0762,7.441371917724609,0.5663717986293354,5.546617371695382,1.9414372134755202,6.493995666503906,1.8640299579982873,1,0.5776280467208306,12.18217
3.7644,5.7799,0.47,24.08,24.76,23.42,72.86,8.42,117.2,101.45,25.46,18.92,21.5,2.136,2.1586,0.2,2022-08-14,12.18217,2022,8,6,226,0,8.081599,7.042075,7.1924686,3.5368898,7.557489,23.69,73.72,0.19,7.02,3.2491,7.438714345296224,0.5618098314663262,5.8937113625662665,2.167440540282238,6.647090196609497,1.9024969289779243,1,0.6512915448364159,9.870953
4.8324,5.8126,0.59,24.9,25.9,23.73,73.03,9.1,102.2,101.46,25.97,19.74,22.32,5.6501,1.4026,0.5,2022-08-15,9.870953,2022,8,0,227,0,12.18217,8.081599,7.042075,3.725475,7.7002583,24.08,72.86,0.2,8.42,3.7644,9.101948102315268,2.717715471751215,7.128751380102975,2.92972203169023,6.977424553462437,2.407264965245735,1,0.8313663420844373,15.369352
3.6398,5.6878,0.45,25.67,26.41,25.01,79.89,9.69,95.0,101.47,26.29,21.96,23.82,1.5768,2.2658,1.23,2022-08-16,15.369352,2022,8,1,228,0,9.870953,12.18217,8.081599,3.5878997,7.7180004,24.9,73.03,0.5,9.1,4.8324,10.044907251993815,2.055812524738259,8.006676742008754,2.6470654963330995,7.132474149976458,2.5244568451037654,0,0.6399310805583881,13.516087
3.7877,5.5973,0.46,25.73,26.48,25.24,81.4,10.0,83.8,101.43,26.51,22.33,24.03,1.2502,2.513,2.29,2022-08-17,13.516087,2022,8,2,229,0,15.369352,9.870953,12.18217,8.089572,6.0968046,25.67,79.89,1.23,9.69,3.6398,12.47415828704834,2.7608047409167704,9.68974140712193,3.079398996388631,7.678999287741525,3.3531745678781455,0,0.6767012666821504,12.874444
5.0189,5.8298,0.61,25.54,26.22,25.07,73.32,10.11,85.8,101.43,26.23,20.4,22.97,5.0801,1.7256,1.39,2022-08-18,12.874444,2022,8,3,230,0,13.516087,15.369352,9.870953,7.1924686,7.2444096,25.73,81.4,2.29,10.0,3.7877,12.918797175089518,2.797439165296027,10.464957782200404,3.2855705025528597,8.208947999136788,3.6564541990715203,0,0.8609043191876223,13.252503
4.6423,6.065,0.56,25.25,26.31,24.41,68.17,8.64,99.1,101.41,26.02,18.97,22.11,4.1952,2.0078,1.01,2022-08-19,13.252503,2022,8,4,231,0,12.874444,13.516087,15.369352,7.042075,9.83438,25.54,73.32,1.39,10.11,5.0189,13.919960975646973,1.29556080285031,11.276668548583984,3.0346377953112538,8.611093316759382,3.8468565753512243,0,0.765424567188788,9.727074
4.9536,6.1346,0.59,24.87,25.95,24.1,66.83,6.47,111.8,101.33,25.76,18.29,21.58,5.2399,1.7198,0.19,2022-08-20,9.727074,2022,8,5,232,0,13.252503,12.874444,13.516087,8.081599,5.6519413,25.25,68.17,1.01,8.64,4.6423,13.21434466044108,0.3225187806007566,12.163872582571846,2.4398218670258296,8.855244977133614,4.034368581047475,1,0.8074854106217194,5.578599
5.352,6.0749,0.64,24.84,26.0,23.95,69.91,5.44,129.9,101.23,25.91,18.97,21.9,5.856,1.5814,0.27,2022-08-21,5.578599,2022,8,6,233,0,9.727074,13.252503,12.874444,12.18217,3.5368898,24.87,66.83,0.19,6.47,4.9536,11.951340357462565,1.935524205395146,12.398940358843122,2.0249534852253714,9.146325860704694,3.9311617553448124,1,0.8810021564140973,2.7486563
5.6402,6.0415,0.67,24.77,26.01,23.74,75.79,4.4,113.4,101.23,26.13,20.21,22.49,6.389,1.4585,0.17,2022-08-22,2.7486563,2022,8,0,234,0,5.578599,9.727074,13.252503,9.870953,3.725475,24.84,69.91,0.27,5.44,5.352,9.519392013549805,3.841165319329559,11.455573081970215,3.287427923708298,9.292162231036595,3.7402958784485487,1,0.9335760986509972,3.4542465
4.9037,6.0542,0.58,24.82,26.32,23.84,79.22,4.91,106.6,101.35,26.38,20.97,22.9,5.2241,1.721,1.34,2022-08-23,3.4542465,2022,8,1,235,0,2.7486563,5.578599,9.727074,15.369352,3.5878997,24.77,75.79,0.17,4.4,5.6402,6.018109639485677,3.509908055419819,10.438102177211217,4.670755525881103,9.222389459609985,3.8593431217768077,0,0.8099666347329126,3.6054358
3.8582,6.0943,0.45,25.02,25.93,24.02,80.38,6.33,108.6,101.35,26.4,21.42,23.22,4.1818,1.7398,2.09,2022-08-24,3.6054358,2022,8,2,236,0,3.4542465,2.7486563,5.578599,13.516087,8.089572,24.82,79.22,1.34,4.91,4.9037,3.9271672566731772,1.4730527630028312,8.735944202968053,4.744670033526968,9.21284280504499,3.8744885847070454,0,0.633083372987874,4.4980197
5.2222,6.1382,0.61,25.25,26.05,24.53,78.09,6.38,105.7,101.35,26.38,21.17,23.21,4.8377,1.877,0.21,2022-08-25,4.4980197,2022,8,3,237,0,3.6054358,3.4542465,2.7486563,12.874444,7.1924686,25.02,80.38,2.09,6.33,3.8582,3.2694462140401206,0.4573086214707801,7.320136955806187,4.555438985128097,8.892547369003296,4.150038279269705,1,0.8507705842103548,7.6071844
5.4972,6.2107,0.64,25.44,26.46,24.41,79.07,7.14,110.8,101.37,26.46,21.56,23.5,5.6779,1.6826,0.37,2022-08-26,7.6071844,2022,8,4,238,0,4.4980197,3.6054358,3.4542465,13.252503,7.042075,25.25,78.09,0.21,6.38,5.2222,3.8525673548380532,0.5640665705447832,6.123504911150251,3.907315091269422,8.700086729867119,4.294895546206795,1,0.8851176195919945,6.5075836
4.0858,6.0823,0.47,25.79,26.72,25.08,79.54,7.94,97.5,101.4,26.56,22.0,23.9,3.7862,1.848,1.31,2022-08-27,6.5075836,2022,8,5,239,0,7.6071844,4.4980197,3.6054358,9.727074,8.081599,25.44,79.07,0.37,7.14,5.4972,5.236879984537761,2.1006984037135643,5.317030770438058,2.5307623696235946,8.740451676504952,4.28074654962158,0,0.6717524620620489,4.9305058
5.8224,6.1668,0.67,25.17,26.08,24.25,81.54,5.82,107.8,101.43,26.64,21.8,23.48,6.4253,1.3498,1.72,2022-08-28,4.9305058,2022,8,6,240,0,6.5075836,7.6071844,4.4980197,5.578599,12.18217,25.79,79.54,1.31,7.94,4.0858,6.204262574513753,1.5766194999430703,4.857103620256696,1.7756104986241963,8.628021989549909,4.319872954249439,0,0.9441525588635921,5.392856
5.1886,6.3149,0.6,24.52,25.65,23.72,79.9,5.56,123.9,101.25,26.35,20.82,22.67,4.5468,2.01,1.56,2022-08-29,5.392856,2022,8,0,241,0,4.9305058,6.5075836,7.6071844,2.7486563,9.870953,25.17,81.54,1.72,5.82,5.8224,6.348424593607585,1.3454184684494257,4.764518874032157,1.7484080680619825,8.110045978001185,4.2956185298665375,0,0.8216440482034554,4.8601975
4.8242,6.2974,0.55,24.67,26.23,23.55,77.98,4.89,133.5,101.13,26.45,20.55,22.61,4.3586,1.9435,1.79,2022-08-30,4.8601975,2022,8,1,242,0,5.392856,4.9305058,6.5075836,3.4542465,15.369352,24.52,79.9,1.56,5.56,5.1886,5.610315163930257,0.8107157177675042,5.1422617094857355,1.509628141626582,7.790181943348476,4.321060658252192,0,0.7660621843935593,5.9443083
4.3805,6.2885,0.5,24.37,25.09,23.69,81.74,7.3,130.3,101.26,25.95,21.06,22.71,2.9376,2.1132,15.87,2022-08-31,5.9443083,2022,8,2,243,0,4.8601975,5.392856,4.9305058,3.6054358,13.516087,24.67,77.98,1.79,4.89,4.8242,5.06118647257487,0.289377569691679,5.343111855643136,1.3305163286164308,7.039528029305594,3.7823740433171547,0,0.6965890116880018,4.844036
4.4621,6.3106,0.5,24.6,25.52,23.98,76.94,7.11,125.1,101.41,26.2,20.3,22.45,3.7685,2.0146,2.16,2022-09-01,4.844036,2022,9,3,244,0,5.9443083,4.8601975,5.392856,4.4980197,12.874444,24.37,81.74,15.87,7.3,4.3805,5.399120648701985,0.5420825173961658,5.6772364888872415,1.0940815436995242,6.498686722346714,3.294998067393401,0,0.7070801508572878,4.8313923
5.1017,6.293,0.57,24.67,25.67,23.91,77.85,5.14,118.1,101.3,26.13,20.56,22.62,4.5343,2.1905,2.61,2022-09-02,4.8313923,2022,9,4,245,0,4.844036,5.9443083,4.8601975,7.6071844,13.252503,24.6,76.94,2.16,7.11,4.4621,5.216180642445882,0.6306288064382913,5.726667404174805,1.0383202200170374,5.925086157662528,2.754332260763124,0,0.8106944223740664,5.0747104
3.5568,6.4462,0.4,24.41,25.28,23.72,79.34,6.23,125.1,101.26,25.9,20.61,22.51,1.4364,2.5142,8.01,2022-09-03,5.0747104,2022,9,5,246,0,4.8313923,4.844036,5.9443083,6.5075836,9.727074,24.67,77.85,2.61,5.14,5.1017,5.206578890482585,0.6389236704587395,5.330125672476632,0.66245870118364,5.323578221457345,1.777254978920465,0,0.5517669324563308,4.354263
5.9575,6.5129,0.66,24.35,25.46,23.34,74.56,5.47,106.0,101.37,26.18,19.54,21.95,5.9222,1.9178,0.19,2022-09-04,4.354263,2022,9,6,247,0,5.0747104,4.8313923,4.844036,4.9305058,5.578599,24.41,79.34,8.01,6.23,3.5568,4.916712919871013,0.13697577151877785,5.125429494040353,0.41203464047534477,4.991266557148525,1.2461444180274688,1,0.9147230880253036,3.5856616
6.2186,6.5743,0.69,24.53,25.68,23.14,75.39,3.88,71.8,101.26,26.03,19.89,22.21,6.2858,1.823,0.02,2022-09-05,3.5856616,2022,9,0,248,0,4.354263,5.0747104,4.8313923,5.392856,2.7486563,24.35,74.56,0.19,5.47,5.9575,4.75345516204834,0.3664925801438532,5.0431090763637,0.5046288193794423,4.903813975197928,1.2447159039407203,1,0.945895380496783,6.2654095
6.3742,6.4994,0.7,25.87,27.38,24.47,77.37,3.13,44.2,101.25,26.92,21.6,23.73,7.0409,1.2828,0.12,2022-09-06,6.2654095,2022,9,1,249,0,3.5856616,4.354263,5.0747104,4.8601975,3.4542465,24.53,75.39,0.02,3.88,6.2186,4.33821161588033,0.7446541165326264,4.784938437598092,0.714512296050737,4.9636000735419135,1.1497126532448096,1,0.9807366833861588,6.190291
6.3134,6.4421,0.69,25.99,27.06,25.12,81.02,4.8,66.8,101.28,27.04,22.48,24.23,6.9283,1.3222,0.29,2022-09-07,6.190291,2022,9,2,250,0,6.2654095,3.5856616,4.354263,5.9443083,3.6054358,25.87,77.37,0.12,3.13,6.3742,4.735111316045125,1.3798718318117957,4.985682998384748,0.9098725936403745,5.1643974270139426,1.1106475894110943,1,0.9800220425016687,7.9471364
6.3019,6.5345,0.69,26.01,27.23,24.76,80.08,5.2,84.4,101.47,26.74,22.31,24.16,6.9955,1.4016,1.68,2022-09-08,7.9471364,2022,9,3,251,0,6.190291,6.2654095,3.5856616,4.844036,4.4980197,25.99,81.02,0.29,4.8,6.3134,5.3471206823984785,1.5259305822098155,5.020823376519339,0.9566157995920928,5.34902993270329,1.044430020598976,0,0.9644043155558956,6.381974
6.1159,6.6667,0.66,25.74,26.85,24.97,79.22,5.87,87.4,101.55,26.88,21.87,23.8,6.3151,1.692,0.18,2022-09-09,6.381974,2022,9,4,252,0,7.9471364,6.190291,6.2654095,4.8313923,7.6071844,26.01,80.08,1.68,5.2,6.3019,6.80094559987386,0.9933406843626691,5.46412341935294,1.4518455161089032,5.595395411763873,1.2202470870698556,1,0.9173804130979345,8.569359
5.2402,6.6631,0.57,25.43,26.12,24.88,80.8,5.11,89.2,101.45,26.44,21.91,23.67,3.2009,2.6273,0.21,2022-09-10,8.569359,2022,9,5,253,0,6.381974,7.9471364,6.190291,5.0747104,6.5075836,25.74,79.22,0.18,5.87,6.1159,6.839800516764323,0.9637583687882678,5.685635123934064,1.4574956705163313,5.507880398205349,1.1031850865475195,1,0.7864507511518662,6.4795527
6.4927,6.7548,0.7,25.26,26.43,24.2,79.14,4.75,100.9,101.31,26.8,21.39,23.33,6.8424,1.5314,0.03,2022-09-11,6.4795527,2022,9,6,254,0,8.569359,6.381974,7.9471364,4.354263,4.9305058,25.43,80.8,0.21,5.11,5.2402,7.6328231493632,1.1270569944072883,6.184870617730277,1.7768765930492034,5.655150055885315,1.355638710158583,1,0.9611979629300645,5.1380553
6.4063,6.7464,0.69,25.67,26.98,24.39,82.14,4.65,107.5,101.41,27.2,22.39,24.03,6.6698,1.7191,1.17,2022-09-12,5.1380553,2022,9,0,255,0,6.4795527,8.569359,6.381974,3.5856616,5.392856,25.26,79.14,0.03,4.75,6.4927,7.1436285972595215,1.2356821619427185,6.488483463014875,1.5829397715761606,5.765796269689288,1.3551601184495512,0,0.9495879283766157,8.353865
6.4421,6.7618,0.69,26.1,26.96,25.56,82.04,6.43,89.4,101.48,27.28,22.79,24.45,6.6122,1.7309,1.23,2022-09-13,8.353865,2022,9,1,256,0,5.1380553,6.4795527,8.569359,6.2654095,4.8601975,25.67,82.14,1.17,4.65,6.4063,6.728988965352376,1.729197718575464,6.710253987993513,1.1609763448417472,5.747596212795803,1.3622465397846768,0,0.9527196900233665,7.1108346
6.377,6.7157,0.68,26.09,27.04,25.19,81.43,5.56,88.4,101.48,27.26,22.67,24.38,6.5995,1.6054,0.49,2022-09-14,7.1108346,2022,9,2,257,0,8.353865,5.1380553,6.4795527,6.190291,5.9443083,26.1,82.04,1.23,6.43,6.4421,6.65715758005778,1.6152445771772668,7.008604730878558,1.2889061064225005,5.997143864631653,1.500195518085031,1,0.9495659424929642,7.614453
6.0566,6.7598,0.64,25.63,26.55,24.93,80.51,4.05,83.1,101.26,27.13,22.04,23.84,4.9157,2.3491,0.3,2022-09-15,7.614453,2022,9,3,258,0,7.1108346,8.353865,5.1380553,7.9471364,4.844036,26.09,81.43,0.49,5.56,6.377,6.867584864298503,1.6216458494840167,7.140110969543457,1.2374321487836903,6.080467173031399,1.5291511552302588,1,0.8959732536465577,5.965994
4.2569,6.7198,0.45,26.16,27.21,25.03,84.33,3.45,83.2,101.17,27.66,23.32,24.74,2.0182,2.3436,1.85,2022-09-16,5.965994,2022,9,4,259,0,7.614453,7.1108346,8.353865,6.381974,4.8313923,25.63,80.51,0.3,4.05,6.0566,7.693050702412923,0.6252312833065506,7.0925847462245395,1.2072923495657946,6.27835408278874,1.5360805103524617,0,0.6334861156582041,6.8357906
5.9184,6.7397,0.62,26.58,27.64,25.8,82.09,4.59,87.7,101.31,27.65,23.27,24.93,5.4434,1.837,2.59,2022-09-17,6.8357906,2022,9,5,260,0,5.965994,7.614453,7.1108346,8.569359,5.0747104,26.16,84.33,1.85,3.45,4.2569,6.897093772888184,0.8447591900627754,7.0331589835030695,1.2573019136564765,6.359397053718567,1.4828761637783316,0,0.8781399765568201,8.733547
5.8109,6.774,0.61,26.18,27.31,25.32,83.6,7.11,105.2,101.44,27.44,23.19,24.69,5.5334,1.7239,7.52,2022-09-18,8.733547,2022,9,6,261,0,6.8357906,5.965994,7.614453,6.4795527,4.354263,26.58,82.09,2.59,4.59,5.9184,6.8054124514261884,0.8246492340818676,6.785506384713309,1.0594472029398891,6.485188501221793,1.43957751421105,0,0.8578240330676115,7.5543337
4.2122,6.7682,0.44,25.69,26.34,25.09,82.59,7.63,100.8,101.47,27.02,22.52,24.1,2.1974,2.4876,7.35,2022-09-19,7.5543337,2022,9,0,262,0,8.733547,6.8357906,5.965994,5.1380553,3.5856616,26.18,83.6,7.52,7.11,5.8109,7.178443908691406,1.4152371913480823,7.107505593981061,1.2721400112967134,6.797994528497968,1.4165339760205489,0,0.6223515853550428,8.645465
6.2789,6.8998,0.65,26.0,26.95,25.16,79.95,8.54,104.3,101.38,27.14,22.28,24.14,5.9753,1.7909,1.11,2022-09-20,8.645465,2022,9,1,263,0,7.5543337,8.733547,6.8357906,8.353865,6.2654095,25.69,82.59,7.35,7.63,4.2122,7.707890510559082,0.9581517518295655,7.452688217163086,0.9306722415757259,7.081471102578299,1.081783833567306,0,0.9100118844024465,5.9397287
5.8226,6.9089,0.6,26.29,27.23,25.55,80.26,7.65,88.3,101.17,27.25,22.62,24.45,5.317,2.0786,0.92,2022-09-21,5.9397287,2022,9,2,264,0,8.645465,7.5543337,8.733547,7.1108346,6.190291,26.0,79.95,1.11,8.54,6.2789,8.311115264892578,0.6568701478696709,7.4943453924996515,0.9827982918844391,7.251475061689105,1.129630047284254,1,0.8427680238532907,10.182397
3.7831,7.0085,0.39,26.47,27.56,25.64,79.86,5.82,56.7,101.1,26.95,22.7,24.58,0.4634,2.5891,1.69,2022-09-22,10.182397,2022,9,3,265,0,5.9397287,8.645465,7.5543337,7.614453,7.9471364,26.29,80.26,0.92,7.65,5.8226,7.379842440287272,1.3612815427379836,7.327044555119106,1.145220526123212,7.233577762331281,1.149545556923049,0,0.5397874010130557,8.245713
3.2278,6.9194,0.33,26.01,26.76,25.52,85.73,5.86,77.8,101.21,26.32,23.45,24.73,0.3533,2.2716,10.22,2022-09-23,8.245713,2022,9,4,266,0,10.182397,5.9397287,8.645465,5.965994,6.381974,26.47,79.86,1.69,5.82,3.7831,8.255863507588705,2.1479991140027646,7.693893705095563,1.5810105237022578,7.393239225660052,1.3869833947297359,0,0.4664855334277538,9.0554695
4.4662,6.8803,0.45,25.86,26.6,25.2,86.84,5.87,94.2,101.16,26.82,23.52,24.69,2.0124,2.4492,7.68,2022-09-24,9.0554695,2022,9,5,267,0,8.245713,10.182397,5.9397287,6.8357906,8.569359,26.01,85.73,10.22,5.86,3.2278,8.122612953186035,2.124011186654847,8.019567898341588,1.388883657619277,7.526363440922329,1.3718136343028906,0,0.6491286717148961,4.5852246
6.5688,6.9322,0.67,26.32,27.32,25.56,84.58,5.51,87.0,101.01,27.27,23.52,24.92,6.7862,1.4767,3.02,2022-09-25,4.5852246,2022,9,6,268,0,9.0554695,8.245713,10.182397,8.733547,6.4795527,25.86,86.84,7.68,5.87,4.4662,9.161193211873373,0.9726607939386037,8.336664881025042,1.3255122880949866,7.561085632869175,1.4059705542552607,0,0.9475779694757798,4.0233135
5.7811,6.9876,0.58,25.88,26.88,25.24,83.65,6.16,86.6,100.93,27.19,22.91,24.4,5.8997,1.788,1.62,2022-09-26,4.0233135,2022,9,0,269,0,4.5852246,9.0554695,8.245713,7.5543337,5.1380553,26.32,84.58,3.02,5.51,6.5688,7.2954691251118975,2.381805036440299,7.7440473692757745,1.9148244799358753,7.425776481628418,1.5963300939427598,0,0.8273369969660542,3.7932181
6.299,7.1057,0.63,26.11,27.05,25.13,82.04,4.29,78.8,100.98,27.43,22.81,24.46,6.5638,1.3248,4.39,2022-09-27,3.7932181,2022,9,1,270,0,4.0233135,4.5852246,9.0554695,8.645465,8.353865,25.88,83.65,1.62,6.16,5.7811,5.8880025545756025,2.757457383539658,7.2396159172058105,2.3813871372004467,7.346152067184448,1.7405090419916458,0,0.886471424349466,5.0013824
6.5347,7.2674,0.65,25.96,27.27,25.01,80.42,6.02,165.6,101.01,27.42,22.34,24.15,6.1058,1.9445,2.7,2022-09-28,5.0013824,2022,9,2,271,0,3.7932181,4.0233135,4.5852246,5.9397287,7.1108346,26.11,82.04,4.39,4.29,6.299,4.133918762207031,0.4074232570689006,6.546437808445522,2.600121896601224,7.020391600472586,1.9514099225544512,0,0.8991798992762198,7.661669
6.8273,7.3987,0.68,25.35,26.58,24.45,73.33,7.22,128.9,101.2,27.07,20.22,22.79,6.3941,2.0563,0.33,2022-09-29,7.661669,2022,9,3,272,0,5.0013824,3.7932181,4.0233135,10.182397,7.614453,25.96,80.42,2.7,6.02,6.5347,4.272638003031413,0.6415116640865755,6.412388324737549,2.6601102384373596,6.869716439928327,2.023979045075732,1,0.9227702163893657,5.497064
6.918,7.3877,0.69,25.3,26.57,24.15,75.44,6.33,87.4,101.26,27.07,20.64,22.97,7.2902,1.6994,0.2,2022-09-30,5.497064,2022,9,4,273,0,7.661669,5.0013824,3.7932181,8.245713,5.965994,25.35,73.33,0.33,7.22,6.8273,5.4854230880737305,1.9791283859575524,6.052284308842251,2.1945816474884476,6.873089006968907,2.0253543324533223,1,0.936421348999012,7.6595583
6.9658,7.3303,0.69,25.42,26.55,24.23,79.61,5.17,61.7,101.15,27.36,21.65,23.54,7.4448,1.4522,0.05,2022-10-01,7.6595583,2022,10,5,274,0,5.497064,7.661669,5.0013824,9.0554695,6.8357906,25.3,75.44,0.2,6.33,6.918,6.053371747334798,1.4147047767337788,5.659620148794992,1.97125064627154,6.8395940235682895,2.04528911593732,1,0.9502748864302961,5.255501
6.4171,7.2506,0.63,26.42,27.67,25.15,80.14,4.69,66.0,101.03,27.79,22.72,24.57,6.2028,1.8518,0.15,2022-10-02,5.255501,2022,10,6,275,0,7.6595583,5.497064,7.661669,4.5852246,8.733547,25.42,79.61,0.05,5.17,6.9658,6.939430395762126,1.2491262876245899,5.4602042606898715,1.607511922042589,6.898434570857456,2.056987236480819,1,0.885043996358922,5.6097493
5.8478,7.1779,0.57,26.84,27.91,25.88,82.08,5.43,60.1,100.99,27.88,23.53,25.19,4.9874,1.9411,2.47,2022-10-03,5.6097493,2022,10,0,276,0,5.255501,7.6595583,5.497064,4.0233135,7.5543337,26.42,80.14,0.15,4.69,6.4171,6.137374401092529,1.3237715313879974,5.5559579985482355,1.5661364447538466,6.650002683912005,2.0281308132841627,0,0.8146951058108918,7.5273123
5.1629,7.243,0.51,26.84,27.82,25.86,79.58,5.01,57.7,101.09,27.91,23.01,24.92,3.5014,1.9901,4.64,2022-10-04,7.5273123,2022,10,1,277,0,5.6097493,5.255501,7.6595583,3.7932181,8.645465,26.84,82.08,2.47,5.43,5.8478,6.174936135609944,1.297863715469545,5.782591683523996,1.4148648231581116,6.511103800364903,2.0280210447167,0,0.712812370564683,7.345022
1.6375,7.2898,0.16,26.57,27.6,25.91,82.72,5.64,70.9,101.25,27.24,23.37,24.97,0.0394,1.253,6.41,2022-10-05,7.345022,2022,10,2,278,0,7.5273123,5.6097493,5.255501,5.0013824,5.9397287,26.84,79.58,4.64,5.01,5.1629,6.13085412979126,1.2222702342272316,6.316033703940255,1.2319073914049303,6.431235756192889,1.958319125578873,0,0.22462893357842464,9.975949
6.5686,7.4059,0.64,26.44,27.22,25.6,84.27,4.74,86.4,101.22,27.27,23.58,25.02,6.2753,2.0146,4.4,2022-10-06,9.975949,2022,10,3,279,0,7.345022,7.5273123,5.6097493,7.661669,10.182397,26.57,82.72,6.41,5.64,1.6375,6.827361265818278,1.0584146452038743,6.6508393968854636,1.129263780078564,6.531613860811506,1.9671835625143943,0,0.8869414925937429,6.220837
3.8083,7.3454,0.37,26.44,27.22,25.56,81.59,6.08,97.0,101.24,26.8,23.05,24.74,0.1226,2.8877,13.7,2022-10-07,6.220837,2022,10,4,280,0,9.975949,7.345022,7.5273123,5.497064,8.245713,26.44,84.27,4.4,4.74,6.5686,8.282761255900065,1.4691738156563492,6.9814508983067105,1.6793288393149732,6.516867603574481,1.9382730353969049,0,0.5184605331227707,7.48566
2.3878,7.4299,0.23,25.78,26.83,24.84,82.21,8.1,87.4,101.28,26.93,22.53,24.16,0.1678,1.7081,34.66,2022-10-08,7.48566,2022,10,5,281,0,6.220837,9.975949,7.345022,7.6595583,9.0554695,26.44,81.59,13.7,6.08,3.8083,7.847269535064697,1.9272794666443847,7.084847041538784,1.59275264689724,6.372233595166888,1.8738194552846972,0,0.3213771383194928,8.533319
4.7964,7.4818,0.46,25.59,26.44,24.85,81.14,4.7,80.6,101.1,27.06,22.13,23.86,1.5878,2.6846,27.24,2022-10-09,8.533319,2022,10,6,282,0,7.48566,6.220837,9.975949,5.255501,4.5852246,25.78,82.21,34.66,8.1,2.3878,7.894148826599121,1.910592617216195,7.060004438672747,1.5836247421257854,6.260104349681309,1.7433286806356931,0,0.6410756769761288,6.5068164
6.0276,7.505,0.58,25.41,26.34,24.62,81.3,3.99,166.6,100.78,26.77,21.99,23.7,5.226,2.1127,22.75,2022-10-10,6.5068164,2022,10,0,283,0,8.533319,7.48566,6.220837,5.6097493,4.0233135,25.59,81.14,27.24,4.7,4.7964,7.413272221883138,1.1579394042743572,7.528264250074114,1.4391407721267713,6.542111124311175,1.77066760503643,0,0.8031445702864757,9.007558
6.3218,7.662,0.6,25.31,26.62,24.17,76.03,4.23,165.2,100.76,27.07,20.77,23.04,5.4463,2.4053,1.23,2022-10-11,9.007558,2022,10,1,284,0,6.5068164,8.533319,7.48566,7.5273123,3.7932181,25.41,81.3,22.75,3.99,6.0276,7.508598645528157,1.0134462605177084,7.656416688646589,1.2698065356738566,6.719504186085293,1.6166151047429653,0,0.8250848342469329,4.757837
7.1014,7.6279,0.68,25.12,26.15,24.09,75.0,3.16,126.2,100.83,26.93,20.38,22.75,7.0975,1.8641,0.06,2022-10-12,4.757837,2022,10,2,285,0,9.007558,6.5068164,8.533319,7.345022,5.0013824,25.31,76.03,1.23,4.23,6.3218,8.015897909800211,1.32823973567655,7.867880344390869,1.364450330402429,7.091957024165562,1.4859527152372405,1,0.9309770710156137,4.5310316
3.9264,7.487,0.37,25.92,26.71,24.81,81.8,5.26,44.4,100.74,26.72,22.57,24.24,1.4275,2.376,31.55,2022-10-13,4.5310316,2022,10,3,286,0,4.757837,9.007558,6.5068164,9.975949,7.661669,25.12,75.0,0.06,3.16,7.1014,6.7574036916097,2.135913797211459,7.498282432556152,1.8079970503275407,7.0745609147208075,1.5134804275478455,0,0.5244290102844932,5.046445
5.369,7.6022,0.51,26.61,28.62,25.12,81.13,5.26,280.6,100.67,27.02,23.03,24.82,4.1304,1.9598,10.22,2022-10-14,5.046445,2022,10,4,287,0,4.5310316,4.757837,9.007558,6.220837,5.497064,25.92,81.8,31.55,5.26,3.9264,6.098808765411377,2.5216019038240387,6.720437049865723,1.7341453388274914,6.850943974086216,1.6455740462540667,0,0.706242929678251,4.1284842
7.4424,7.8936,0.7,25.95,27.85,24.46,69.46,4.15,216.9,101.02,27.04,19.86,22.9,7.7551,1.6373,0.01,2022-10-15,4.1284842,2022,10,5,288,0,5.046445,4.5310316,4.757837,7.48566,7.6595583,26.61,81.13,10.22,5.26,5.369,4.778437773386638,0.2583234656574691,6.55266673224313,1.843871914780491,6.818756886890957,1.678176743682835,1,0.9428397689267255,6.3152328
6.2566,7.6596,0.59,25.61,26.58,24.58,78.16,4.66,110.6,101.25,26.96,21.53,23.57,5.0981,2.3604,1.06,2022-10-16,6.3152328,2022,10,6,289,0,4.1284842,5.046445,4.5310316,8.533319,5.255501,25.95,69.46,0.01,4.15,7.4424,4.568653583526611,0.4601353014341582,6.073070185525077,1.9914515655285756,6.5665373120989114,1.8028101406168222,0,0.8168311661183351,5.598686
6.0439,7.5862,0.57,26.56,27.62,25.47,83.73,6.36,96.2,101.35,27.45,23.59,25.07,5.4806,1.8269,1.77,2022-10-17,5.598686,2022,10,0,290,0,6.3152328,4.1284842,5.046445,6.5068164,5.6097493,25.61,78.16,1.06,4.66,6.2566,5.163387298583984,1.0980545980611014,5.7562006541660855,1.6881078203800615,6.6422324521200995,1.7653881227030699,0,0.7966966333605757,9.682175
5.7583,7.5922,0.54,26.59,27.19,26.0,83.63,4.52,76.0,101.27,27.2,23.61,25.1,3.2866,2.8548,3.76,2022-10-18,9.682175,2022,10,1,291,0,5.598686,6.3152328,4.1284842,9.007558,7.5273123,26.56,83.73,1.77,6.36,6.0439,5.34746774037679,1.1148095345654117,5.626467772892544,1.6553861863052102,6.641442230769566,1.7658882377105665,0,0.7584494612892179,4.0302978
6.6091,7.6642,0.62,26.38,27.34,25.66,83.08,4.04,93.1,101.17,27.73,23.28,24.83,5.7497,2.1826,19.99,2022-10-19,4.0302978,2022,10,2,292,0,9.682175,5.598686,6.3152328,4.757837,7.345022,26.59,83.63,3.76,4.52,5.7583,7.1986978848775225,2.180390443949166,5.722841603415353,1.8882881775244982,6.795360973903111,1.93486852811332,0,0.8623339683202421,2.8227234
6.0974,7.6452,0.57,25.92,26.69,25.25,82.65,3.94,123.6,101.12,27.51,22.76,24.34,4.9106,2.2733,35.46,2022-10-20,2.8227234,2022,10,3,293,0,4.0302978,9.682175,5.598686,4.5310316,9.975949,26.38,83.08,19.99,4.04,6.6091,6.437052885691325,2.917716949885381,5.618907451629639,1.9685717213736043,6.5585949420928955,2.061122618928687,0,0.7975461727619945,5.009724
5.0426,7.6198,0.47,25.6,26.59,24.93,84.23,5.95,137.6,101.06,27.07,22.76,24.18,2.7883,2.7271,38.93,2022-10-21,5.009724,2022,10,4,294,0,2.8227234,4.0302978,9.682175,5.046445,6.220837,25.92,82.65,35.46,3.94,6.0974,5.51173194249471,3.66183061456356,5.374863420213972,2.2162248972940097,6.047650235039847,2.0352748157705327,0,0.6617758996299116,8.521845
3.7253,7.6025,0.35,25.62,26.38,25.1,83.93,7.83,133.4,101.01,26.87,22.72,24.17,2.2128,2.375,13.94,2022-10-22,8.521845,2022,10,5,295,0,5.009724,2.8227234,4.0302978,4.1284842,7.48566,25.6,84.23,38.93,5.95,5.0426,3.9542484283447266,1.0954819473456032,5.369617598397391,2.217175083543936,5.96114216532026,2.053008904792628,0,0.4900098651759289,8.799635
4.2374,7.4494,0.39,25.27,26.02,24.79,83.09,8.34,138.4,101.09,26.46,22.21,23.74,0.5585,2.879,4.79,2022-10-23,8.799635,2022,10,6,296,0,8.521845,5.009724,2.8227234,6.3152328,8.533319,25.62,83.93,13.94,7.83,3.7253,5.451430797576904,2.875121732331982,5.9972405433654785,2.4198465144784054,6.035155364445278,2.1294517969165008,0,0.5688243348457594,10.434562
3.2309,7.5883,0.3,25.04,25.5,24.61,79.77,7.82,131.5,101.15,26.39,21.31,23.17,0.2815,2.3263,3.41,2022-10-24,10.434562,2022,10,0,297,0,8.799635,8.521845,5.009724,5.598686,6.5068164,25.27,83.09,4.79,8.34,4.2374,7.443734645843506,2.112486020544561,6.352155140468052,2.6458926532450118,6.054177897317069,2.154526572991549,0,0.42577388874978583,7.3830366
2.5291,7.6884,0.23,24.89,25.9,23.95,76.28,6.74,112.7,101.07,26.34,20.44,22.66,0.0302,1.9102,5.59,2022-10-25,7.3830366,2022,10,1,298,0,10.434562,8.799635,8.521845,9.682175,9.007558,25.04,79.77,3.41,7.82,3.2309,9.25201384226481,1.033492360770312,7.042994499206543,3.0210925893010625,6.334731136049543,2.453047414573672,0,0.32895010665418034,3.2343054
2.455,7.5612,0.23,24.45,24.89,23.82,82.9,6.93,77.2,100.81,25.96,21.38,22.92,0.3984,1.7004,20.61,2022-10-26,3.2343054,2022,10,2,299,0,7.3830366,10.434562,8.799635,4.0302978,4.757837,24.89,76.28,5.59,6.74,2.5291,8.872411092122396,1.5270637381246013,6.714546203613281,2.8034862587379004,6.218693903514317,2.3532821223371903,0,0.32468391260646456,4.852879
6.5657,7.7597,0.6,25.2,25.9,24.41,85.16,8.34,100.6,100.69,26.54,22.55,23.87,5.9616,1.9318,12.66,2022-10-27,4.852879,2022,10,3,300,0,3.2343054,7.3830366,10.434562,2.8227234,4.5310316,24.45,82.9,20.61,6.93,2.455,7.017301241556804,3.6140343993505812,6.600833007267544,2.9431724049329944,6.109870229448591,2.458890507352967,0,0.8461280719615449,2.6799824
6.7363,7.8506,0.62,25.87,26.8,24.97,88.52,7.71,112.8,100.73,26.9,23.85,24.86,6.3691,1.8326,7.87,2022-10-28,2.6799824,2022,10,4,301,0,4.852879,3.2343054,7.3830366,5.009724,5.046445,25.2,85.16,12.66,8.34,6.5657,5.1567403475443525,2.0909905488776666,6.890855244227818,2.587341727885578,6.132859332220895,2.444456040011469,0,0.85806180419331,3.918146
6.7951,7.8485,0.62,26.32,26.94,25.78,84.24,4.83,120.6,100.79,27.2,23.46,24.89,6.5323,1.955,2.94,2022-10-29,3.918146,2022,10,5,302,0,2.6799824,4.852879,3.2343054,8.521845,4.1284842,25.87,88.52,7.87,7.71,6.7363,3.58905561765035,1.129050810023931,6.558034999029977,2.988406313604707,5.963826298713684,2.6020968111701617,0,0.8657832706886667,4.204274
6.3175,7.806,0.57,26.65,27.35,26.02,81.51,2.42,84.2,100.79,27.49,23.24,24.95,4.7657,2.2358,1.97,2022-10-30,4.204274,2022,10,6,303,0,3.918146,2.6799824,4.852879,8.799635,6.3152328,26.32,84.24,2.94,4.83,6.7951,3.817002455393473,1.089973591770766,5.900363717760358,2.9907685318864328,5.948802130562918,2.6140885940407292,0,0.8093133487061235,9.252915
4.4244,7.7894,0.4,26.46,27.08,25.76,85.64,3.69,40.5,100.83,26.8,23.88,25.17,0.3492,3.1714,2.55,2022-10-31,9.252915,2022,10,0,304,0,4.204274,3.918146,2.6799824,10.434562,5.598686,26.65,81.51,1.97,2.42,6.3175,3.6008008321126304,0.8101834695661096,5.2438836097717285,2.742333607495442,5.798019375119891,2.6519336854149542,0,0.5680026702955299,6.0656476
5.2435,7.7832,0.48,26.47,27.7,24.66,83.74,3.69,35.5,100.95,26.65,23.51,24.99,1.6716,3.2801,9.47,2022-11-01,6.0656476,2022,11,1,305,1,9.252915,4.204274,3.918146,7.3830366,9.682175,26.46,85.64,2.55,3.69,4.4244,5.791778484980266,3.0008446836602487,5.075076988765171,2.3822989027980883,6.0590357439858575,2.806154480917757,0,0.6736946243190461,5.557624
5.3436,7.7086,0.48,24.64,25.48,23.57,84.07,3.91,70.7,100.95,26.84,21.79,23.22,1.1794,3.5446,2.71,2022-11-02,5.557624,2022,11,2,306,1,6.0656476,9.252915,4.204274,3.2343054,4.0302978,26.47,83.74,9.47,3.69,5.2435,6.507612387339274,2.553173350429419,4.8868785585675925,2.2158034788183074,5.800712381090436,2.6063120589278728,0,0.6931998028176324,7.2702804
6.6118,7.8842,0.6,26.86,28.06,25.45,80.46,4.38,44.4,100.95,27.57,23.2,25.03,5.6258,2.2598,0.51,2022-11-03,7.2702804,2022,11,3,307,1,5.557624,6.0656476,9.252915,4.852879,2.8227234,24.64,84.07,2.71,3.91,5.3436,6.958728949228923,2.0029953999873644,5.2187811987740655,2.097875749477973,5.909807103020804,2.5580237864594593,1,0.8386139367342279,2.7457716
7.0459,7.8989,0.63,26.93,27.6,26.41,85.99,5.23,55.6,101.16,27.52,24.4,25.67,6.7138,1.9087,1.24,2022-11-04,2.7457716,2022,11,4,308,1,7.2702804,5.557624,6.0656476,2.6799824,5.009724,26.86,80.46,0.51,4.38,6.6118,6.297850608825684,0.879623071123645,5.564124243600028,2.222852059111156,6.227489743913923,2.4174558142395712,0,0.8920102799123928,6.295963
5.7994,7.9039,0.52,26.27,26.82,25.77,86.03,4.37,101.6,101.18,27.79,23.77,25.02,3.8674,2.6513,1.94,2022-11-05,6.295963,2022,11,5,309,1,2.7457716,7.2702804,5.557624,3.918146,8.521845,26.93,85.99,1.24,5.23,7.0459,5.191225290298462,2.2843994206298155,5.573522703988211,2.208719337365957,6.065778851509094,2.575722543070939,0,0.7337390402206506,5.3702393
7.5526,8.1007,0.68,26.11,27.06,25.22,80.8,6.21,107.7,101.01,27.6,22.56,24.34,7.4707,1.9469,0.4,2022-11-06,5.3702393,2022,11,6,310,1,6.295963,2.7457716,7.2702804,4.204274,8.799635,26.27,86.03,1.94,4.37,5.7994,5.43733827273051,2.381327749378588,5.9132108347756525,2.09143403003535,5.906787276268005,2.479350627596584,1,0.9323391805646426,5.383967
7.5454,8.0453,0.68,25.79,26.7,24.85,80.62,5.18,94.2,100.89,27.43,22.22,24.01,6.8422,2.1689,5.65,2022-11-07,5.383967,2022,11,0,311,1,5.3702393,6.295963,2.7457716,9.252915,10.434562,26.11,80.8,0.4,6.21,7.5526,4.803991238276164,1.8415867994713624,6.079777274812971,1.9758846455152317,5.6618304422923496,2.3368716144335258,0,0.9378643431568743,5.501171
6.9245,8.0383,0.62,26.29,27.38,25.24,80.29,6.09,77.7,100.88,27.57,22.63,24.46,6.9341,1.83,2.65,2022-11-08,5.501171,2022,11,1,312,1,5.383967,5.3702393,6.295963,6.0656476,7.3830366,25.79,80.62,5.65,5.18,7.5454,5.683389663696289,0.5305483082151774,5.527070352009365,1.3965238268040432,5.301073670387268,1.8906410017623667,0,0.8614383638331489,8.987726
5.9698,7.8994,0.53,26.39,26.95,25.72,82.49,6.62,62.8,100.83,27.21,23.19,24.79,3.0046,2.9438,20.36,2022-11-09,8.987726,2022,11,2,313,1,5.501171,5.383967,5.3702393,5.557624,3.2343054,26.29,80.29,2.65,6.09,6.9245,5.4184590975443525,0.0719588090868232,5.446430853434971,1.3763937789389473,5.166654706001282,1.7957495766411793,0,0.7557282831607464,5.8846154
4.1371,7.9085,0.37,26.6,27.12,25.95,86.6,5.29,48.4,100.79,27.17,24.2,25.4,0.557,2.8968,17.34,2022-11-10,5.8846154,2022,11,3,314,1,8.987726,5.501171,5.383967,7.2702804,4.852879,26.39,82.49,20.36,6.62,5.9698,6.624288082122803,2.047636210173217,5.936445474624634,1.9241607535633245,5.57761333669935,1.969449564642544,0,0.5231206929253335,4.213874
4.3615,7.9013,0.39,27.8,29.31,26.62,83.57,2.49,12.3,100.83,28.25,24.74,26.27,1.5708,2.5466,8.62,2022-11-11,4.213874,2022,11,4,315,1,5.8846154,8.987726,5.501171,2.7457716,2.6799824,26.6,86.6,17.34,5.29,4.1371,6.7911709149678545,1.9119097161663627,5.738493340356009,1.8331958956486167,5.6513087919780185,1.9595228392444441,0,0.5519977725184464,3.788088
4.4868,7.9392,0.4,26.74,27.15,25.96,87.08,2.61,68.6,100.95,27.46,24.43,25.59,3.324,1.902,28.82,2022-11-12,3.788088,2022,11,5,316,1,4.213874,5.8846154,8.987726,6.295963,3.918146,27.8,83.57,8.62,2.49,4.3615,6.362071832021077,2.4224760120619924,5.94822222845895,1.4845774437297312,5.760872466223581,1.8184073093241904,0,0.5651451027811366,4.1385703
2.2488,7.8833,0.2,25.91,26.38,25.39,87.17,3.74,124.5,100.86,27.42,23.64,24.77,0.0826,1.6646,25.22,2022-11-13,4.1385703,2022,11,6,317,1,3.788088,4.213874,5.8846154,5.3702393,4.204274,26.74,87.08,28.82,2.61,4.4868,4.628859122594197,1.1081589659872195,5.5899544102805,1.6768316514885917,5.751582622528076,1.8288478012643707,0,0.2852612484619385,6.948532
1.8806,7.8494,0.17,26.39,27.58,25.31,83.75,2.69,37.2,100.61,27.52,23.43,24.91,1.0771,1.187,10.81,2022-11-14,6.948532,2022,11,0,318,1,4.1385703,3.788088,4.213874,5.383967,9.252915,25.91,87.17,25.22,3.74,2.2488,4.046844085057576,0.2272304065881881,5.414001703262329,1.7659799876647253,5.74688948903765,1.8332030099957717,0,0.23958519122480698,3.3418033
7.5917,8.1794,0.67,26.21,27.01,25.42,79.68,2.4,167.2,100.53,27.68,22.42,24.32,7.861,1.6978,2.96,2022-11-15,3.3418033,2022,11,1,319,1,6.948532,4.1385703,3.788088,5.501171,6.0656476,26.39,83.75,10.81,2.69,1.8806,4.958396832148234,1.7323937916230594,5.6375110149383545,1.8581486520374464,5.582290683473859,1.5801816171542398,0,0.9281487639680174,0.71736395
7.8458,8.3359,0.69,26.55,28.3,25.34,74.1,2.8,206.4,100.7,27.91,21.53,24.04,8.4929,1.7477,0.67,2022-11-16,0.71736395,2022,11,2,320,1,3.3418033,6.948532,4.1385703,8.987726,5.557624,26.21,79.68,2.96,2.4,7.5917,4.809635241826375,1.8946950291465796,5.329029900687082,2.0535278417190708,5.387730377061026,1.6805873293738398,1,0.9412061085185762,3.888907
7.4076,8.3854,0.65,25.86,26.74,24.8,79.18,2.91,128.1,100.83,27.9,21.99,23.93,7.2432,1.8271,0.97,2022-11-17,3.888907,2022,11,3,321,1,0.71736395,3.3418033,6.948532,5.8846154,7.2702804,26.55,74.1,0.67,2.8,7.8458,3.6692331234614053,3.1284615775377898,4.147549578121731,1.9753477931971548,5.041997526373182,2.0907650588626243,1,0.883392563264722,3.1874804
6.8712,8.2138,0.61,26.67,27.8,25.55,77.97,3.29,51.8,100.96,28.12,22.51,24.59,6.0199,2.255,1.3,2022-11-18,3.1874804,2022,11,4,322,1,3.888907,0.71736395,3.3418033,4.213874,2.7457716,25.86,79.18,0.97,2.91,7.4076,2.649358073870341,1.6953706260747965,3.862448368753706,1.82082915133257,4.800470854554858,2.0071902005454274,0,0.8365433782171466,2.6049776
7.2038,8.25,0.63,27.26,28.38,26.34,74.81,3.75,43.9,101.01,28.27,22.38,24.82,6.2004,2.3323,0.54,2022-11-19,2.6049776,2022,11,5,323,1,3.1874804,3.888907,0.71736395,3.788088,6.295963,26.67,77.97,1.3,3.29,6.8712,2.597917119661967,1.6659411585230126,3.7158207382474626,1.8291207801145943,4.8320214833532065,1.9756318470363146,1,0.8731878787878788,8.424806
6.8196,8.2162,0.6,27.29,28.56,26.25,75.39,3.56,55.6,101.0,28.38,22.55,24.92,4.7801,2.8939,0.06,2022-11-20,8.424806,2022,11,6,324,1,2.6049776,3.1874804,3.888907,4.1385703,5.3702393,27.26,74.81,0.54,3.75,7.2038,3.227121671040853,0.6428819584356883,3.5468049560274397,1.8754058457870821,4.56837968315397,2.011200899702411,1,0.8300187434580463,1.4196715
7.9558,8.2373,0.7,27.02,27.91,26.19,79.94,3.86,81.1,101.07,28.45,23.27,25.15,8.1487,1.7261,0.32,2022-11-21,1.4196715,2022,11,0,325,1,8.424806,2.6049776,3.1874804,6.948532,5.383967,27.29,75.39,0.06,3.56,6.8196,4.73908789952596,3.2051854616458386,4.159124289240156,2.643326257116808,4.786562996251242,2.255704985231094,1,0.965826180908793,2.970829
7.9572,8.2092,0.7,26.71,27.65,25.83,81.34,3.92,96.6,101.08,28.61,23.26,24.99,8.1276,1.877,0.33,2022-11-22,2.970829,2022,11,1,326,1,1.4196715,8.424806,2.6049776,3.3418033,5.501171,27.02,79.94,0.32,3.86,7.9558,4.1498182614644366,3.749383341794801,3.369287065097264,2.4926541328176044,4.503399040017809,2.4179327762612934,1,0.9693027335184916,1.6739818
7.9944,8.3045,0.7,26.55,27.47,25.66,80.87,4.35,111.6,101.11,28.54,23.01,24.78,8.065,1.9711,0.51,2022-11-23,1.6739818,2022,11,2,327,1,2.970829,1.4196715,8.424806,0.71736395,8.987726,26.71,81.34,0.33,3.92,7.9572,4.271768728892009,3.6793082330477005,3.3162907361984253,2.497275213239929,4.322660318442753,2.432141772645296,1,0.9626587994460833,1.8790729
7.9625,8.3251,0.7,27.3,28.37,26.04,77.56,3.23,74.6,101.09,28.89,23.04,25.17,8.7,1.6313,0.36,2022-11-24,1.8790729,2022,11,3,328,1,1.6739818,2.970829,1.4196715,3.888907,5.8846154,26.55,80.87,0.51,4.35,7.9944,2.0214941104253135,0.8319230670718902,3.452950426510402,2.353378001744448,3.800250002316066,2.1182532621527344,1,0.9564449676280165,1.6349587
7.1599,8.2351,0.63,27.67,28.55,26.67,80.06,3.31,45.9,100.97,29.28,23.94,25.8,6.7253,1.9596,1.26,2022-11-25,1.6349587,2022,11,4,329,1,1.8790729,1.6739818,2.970829,3.1874804,4.213874,27.3,77.56,0.36,3.23,7.9625,2.174627900123596,0.6971138696739592,3.165831276348659,2.4131686855148806,3.5141398225511824,2.0853200312507174,0,0.8694369224417434,2.436785
7.3805,8.2111,0.65,28.4,29.61,27.16,78.9,4.15,25.7,100.82,29.23,24.38,26.39,7.7213,1.6476,1.78,2022-11-26,2.436785,2022,11,5,330,1,1.6349587,1.8790729,1.6739818,2.6049776,3.788088,27.67,80.06,1.26,3.31,7.1599,1.7293378114700317,0.1311340841629313,2.9440424612590244,2.481231841325634,3.3299315997532437,2.132133486455464,0,0.8988442474211737,5.5241427
6.3571,8.1617,0.56,27.92,28.47,27.34,79.72,2.71,21.9,100.91,28.55,24.11,26.01,4.8487,2.4917,3.76,2022-11-27,5.5241427,2022,11,6,331,1,2.436785,1.6349587,1.8790729,8.424806,4.1385703,28.4,78.9,1.78,4.15,7.3805,1.9836055437723796,0.41100685363016487,2.920014943395342,2.485872503629887,3.233409949711391,2.140368141664267,0,0.7788941029442396,9.849636
7.0522,8.1634,0.62,27.32,28.01,26.76,82.44,5.53,86.5,101.06,28.37,24.08,25.71,4.9762,2.9969,9.45,2022-11-28,9.849636,2022,11,0,332,1,5.5241427,2.436785,1.6349587,1.4196715,6.948532,27.92,79.72,3.76,2.71,6.3571,3.198628822962443,2.0534708594268714,2.505634529250009,1.434930642827792,3.3323794092450822,2.2161348414284414,0,0.8638802459759415,4.326324
7.3536,8.2392,0.64,27.51,28.27,26.7,83.52,5.49,88.1,101.05,28.87,24.48,25.99,6.8424,2.4583,6.74,2022-11-29,4.326324,2022,11,1,333,1,9.849636,5.5241427,2.436785,2.970829,3.3418033,27.32,82.44,9.45,5.53,7.0522,5.936854600906372,3.7236190257147266,3.709915178162711,3.026470872468968,3.5396011216299876,2.6695317897810664,0,0.8925138362947859,4.8352504
6.6281,8.2522,0.58,27.61,28.51,26.35,79.44,4.7,82.4,100.81,28.92,23.73,25.67,5.61,2.2894,6.57,2022-11-30,4.8352504,2022,11,2,334,1,4.326324,9.849636,5.5241427,1.6739818,0.71736395,27.51,83.52,6.74,5.49,7.3536,6.5667009353637695,2.9055016443978525,3.9035573175975253,3.0146416635800053,3.6099240268979753,2.676877834550903,0,0.8031918761057657,4.866685
6.9197,8.1545,0.6,28.51,29.81,27.42,72.06,1.96,63.3,100.62,29.56,22.97,25.74,6.3744,2.8337,0.02,2022-12-01,4.866685,2022,12,3,335,1,4.8352504,4.326324,9.849636,1.8790729,3.888907,27.61,79.44,6.57,4.7,6.6281,6.337070147196452,3.052595793922077,4.35516711643764,2.857673039145368,3.9040587714740207,2.558200714610835,1,0.8485744067692684,3.915627
7.231,8.0897,0.63,28.58,30.05,27.25,74.64,2.77,348.2,100.58,29.29,23.62,26.1,6.6355,2.0066,0.56,2022-12-02,3.915627,2022,12,4,336,1,4.866685,4.8352504,4.326324,1.6349587,3.1874804,28.51,72.06,0.02,1.96,6.9197,4.67608642578125,0.30331065872512764,4.781968832015991,2.641125428420439,3.9739000541823253,2.5710699942051485,1,0.8938526768606994,6.834888
7.0286,8.1703,0.61,28.85,30.54,27.11,73.97,4.08,337.6,100.63,29.49,23.71,26.28,7.5811,1.7086,4.12,2022-12-03,6.834888,2022,12,5,337,1,3.915627,4.866685,4.8352504,2.436785,2.6049776,28.58,74.64,0.56,2.77,7.231,4.539187431335449,0.5402478492488532,5.107778583254133,2.307851558098661,4.025910522256579,2.56128394196007,0,0.860262169075799,7.2300634
5.5954,8.0892,0.49,28.44,29.77,27.59,75.25,2.38,167.8,100.8,29.49,23.61,26.02,1.9577,3.3187,3.71,2022-12-04,7.2300634,2022,12,6,338,1,6.834888,3.915627,4.866685,5.5241427,8.424806,28.85,73.97,4.12,4.08,7.0286,5.205733299255371,1.4888708880497121,5.736079011644636,2.0429734435382207,4.328046977519989,2.629354622475465,0,0.6917124066656777,5.4124527
7.001,7.951,0.61,27.85,28.33,27.35,79.83,2.8,90.9,100.86,29.24,24.06,25.96,7.2703,2.665,2.61,2022-12-05,5.4124527,2022,12,0,339,1,7.2300634,6.834888,3.915627,9.849636,1.4196715,28.44,75.25,3.71,2.38,5.5954,5.993526140848796,1.8103285700787803,5.979781968253,2.1139921757071596,4.242708248751504,2.502489294679671,0,0.8805181738146146,1.3353513
7.1676,8.0412,0.62,28.12,29.21,27.13,73.82,1.57,85.1,100.72,29.9,23.0,25.56,5.5771,2.5738,1.36,2022-12-06,1.3353513,2022,12,1,340,1,5.4124527,7.2300634,6.834888,4.326324,2.970829,27.85,79.83,2.61,2.8,7.001,6.492468039194743,0.9559632648614752,5.345898628234863,1.248146129519029,4.5279069031987875,2.3805609340011835,0,0.8913594985823012,3.181121
6.7085,7.997,0.58,28.36,29.46,27.49,78.32,3.97,224.9,100.49,29.64,24.23,26.3,5.5469,2.7103,5.53,2022-12-07,3.181121,2022,12,2,341,1,1.3353513,5.4124527,7.2300634,4.8352504,1.6739818,28.12,73.82,1.36,1.57,7.1676,4.659289161364238,3.0186667821836624,4.918616822787693,1.9627438876723873,4.411087070192609,2.4999811978846176,0,0.8388770789045892,3.8659422
7.0637,8.1785,0.61,28.2,28.92,27.29,78.82,2.9,177.4,100.43,29.85,24.17,26.18,7.0277,2.0654,4.93,2022-12-08,3.8659422,2022,12,3,342,1,3.181121,1.3353513,5.4124527,4.866685,1.8790729,28.36,78.32,5.53,3.97,6.7085,3.309641718864441,2.041586886272084,4.6823126418249945,2.071040202997304,4.518739879131317,2.4036446846127117,0,0.8636913859509691,2.5252903
6.8429,8.1305,0.59,27.84,28.13,27.51,80.52,1.81,57.8,100.65,29.29,24.2,26.02,5.3285,2.5286,12.83,2022-12-09,2.5252903,2022,12,4,343,1,3.8659422,3.181121,1.3353513,3.915627,1.6349587,28.2,78.82,4.93,2.9,7.0637,2.794138232866923,1.3089268032975683,4.539349402700152,2.09063958392132,4.660659117358072,2.29185730941308,0,0.8416333558821721,3.7817783
3.3797,8.0899,0.29,27.27,27.91,26.67,83.45,3.63,1.7,100.84,28.81,24.24,25.76,0.4174,2.2601,15.31,2022-12-10,3.7817783,2022,12,5,344,1,2.5252903,3.8659422,3.181121,6.834888,2.436785,27.84,80.52,12.83,1.81,6.8429,3.190784533818563,0.6703782329384458,4.340729866709028,2.221707294470088,4.72425422498158,2.2124168088063865,0,0.41776783396580924,5.900532
3.5494,8.0645,0.31,27.57,28.49,26.64,76.52,2.59,321.9,100.76,28.96,23.07,25.32,0.2453,2.5558,9.82,2022-12-11,5.900532,2022,12,6,345,1,3.7817783,2.5252903,3.8659422,7.2300634,5.5241427,27.27,83.45,15.31,3.63,3.3797,3.3910036087036133,0.7509098509541045,3.9045713458742415,1.931142241426932,4.820325178759439,2.133231139699194,0,0.4401264802529605,5.765038
4.1722,8.0976,0.36,27.34,28.27,26.63,77.1,3.29,279.7,100.67,28.66,22.98,25.16,0.7392,2.8042,11.97,2022-12-12,5.765038,2022,12,0,346,1,5.900532,3.7817783,2.5252903,5.4124527,9.849636,27.57,76.52,9.82,2.59,3.5494,4.0692001183827715,1.7058787433954332,3.714638250214713,1.5836824400891092,4.847210109233856,2.145122269453606,0,0.5152390831851413,2.9858427
6.2861,8.129,0.54,27.54,28.87,26.37,77.69,4.42,311.0,100.43,28.59,23.29,25.41,4.8883,2.394,24.66,2022-12-13,2.9858427,2022,12,1,347,1,5.765038,5.900532,3.7817783,1.3353513,4.326324,27.34,77.1,11.97,3.29,4.1722,5.149116039276123,1.186085551894821,3.7650075810296193,1.6508637249789746,4.5554531046322415,1.6278011727829675,0,0.7732931479886825,2.7363925
7.907,8.4528,0.68,27.25,28.14,26.4,79.16,5.13,183.7,100.27,28.97,23.34,25.3,7.908,2.2253,0.63,2022-12-14,2.7363925,2022,12,2,348,1,2.9858427,5.765038,5.900532,3.181121,4.8352504,27.54,77.69,24.66,4.42,6.2861,4.883804162343343,1.645078390305787,4.000792060579572,1.3333425715379033,4.459704441683633,1.680874404301166,1,0.9354296801060004,2.2130706
7.7136,8.5222,0.67,27.01,28.2,25.92,77.84,5.65,166.0,100.29,28.78,22.8,24.9,7.2089,2.4005,2.64,2022-12-15,2.2130706,2022,12,3,349,1,2.7363925,2.9858427,5.765038,3.8659422,4.866685,27.25,79.16,0.63,5.13,7.907,3.8290910720825195,1.6812121434486467,3.9372594015938893,1.38836867553466,4.309786021709442,1.737449850245784,0,0.9051183966581399,2.9154775
7.9498,8.58,0.69,26.9,28.0,25.88,75.84,4.94,159.8,100.23,28.79,22.27,24.59,7.1201,2.6021,0.21,2022-12-16,2.9154775,2022,12,4,350,1,2.2130706,2.7363925,2.9858427,2.5252903,3.915627,27.01,77.84,2.64,5.65,7.7136,2.6451019446055093,0.39439148488114606,3.701134886060442,1.5352992513057606,4.120242144380297,1.815035886086898,1,0.9265501165501165,1.2569785
8.2116,8.501,0.71,26.68,27.99,25.42,76.92,2.73,153.4,100.24,29.11,22.29,24.49,8.3815,1.9363,0.34,2022-12-17,1.2569785,2022,12,5,351,1,2.9154775,2.2130706,2.7363925,3.7817783,6.834888,26.9,75.84,0.21,4.94,7.9498,2.6216468811035156,0.36499147230595325,3.756875923701695,1.4919651583817406,4.048802895205362,1.8431736637249145,1,0.9659569462416188,2.0107648
8.1086,8.4533,0.7,27.56,29.14,26.02,74.12,2.7,46.3,100.43,29.46,22.53,25.05,8.8711,1.4059,0.31,2022-12-18,2.0107648,2022,12,6,352,1,1.2569785,2.9154775,2.2130706,5.900532,7.2300634,26.68,76.92,0.34,2.73,8.2116,2.1285088857014975,0.8324768776769215,3.3961902345929826,1.76512360183453,3.650380790233612,1.7968864066305528,1,0.9592230253273868,2.4571066
7.9099,8.4079,0.68,28.18,29.05,27.2,75.38,4.0,61.3,100.53,29.7,23.43,25.81,8.184,1.8204,0.54,2022-12-19,2.4571066,2022,12,0,353,1,2.0107648,1.2569785,2.9154775,5.765038,5.4124527,27.56,74.12,0.31,2.7,8.1086,2.061073621114095,0.8303932595984836,2.8405092443738664,1.4247909466477484,3.27757374729429,1.5166468883732607,1,0.9407699901283317,5.9239864
7.9704,8.5075,0.69,28.05,28.81,27.38,77.31,3.89,81.2,100.6,29.79,23.71,25.88,8.3467,1.8283,0.21,2022-12-20,5.9239864,2022,12,1,354,1,2.4571066,2.0107648,1.2569785,2.9858427,1.3353513,28.18,75.38,0.54,4.0,7.9099,1.9082833131154378,0.6065918712539149,2.367947612489973,0.6070561550584044,3.066477596759796,1.3976471225161964,1,0.936867469879518,6.31627
7.3099,8.2025,0.63,28.5,29.2,27.46,80.24,5.75,60.1,100.64,29.11,24.78,26.64,6.4946,2.1538,5.68,2022-12-21,6.31627,2022,12,2,355,1,5.9239864,2.4571066,2.0107648,2.7363925,3.181121,28.05,77.31,0.21,3.89,7.9704,3.463952620824178,2.1421087775953698,2.787682431084769,1.4855683305534306,3.3942372458321706,1.4950949667037636,0,0.8911795184395,5.0062566
4.4938,8.035,0.39,28.43,29.23,27.74,81.65,5.33,69.8,100.95,28.82,25.0,26.71,0.3101,3.209,5.94,2022-12-22,5.0062566,2022,12,3,356,1,6.31627,5.9239864,2.4571066,2.2130706,3.8659422,28.5,80.24,5.68,5.75,7.3099,4.899120966593425,2.123922605670279,3.29909348487854,1.99411590335039,3.618176443236215,1.6836268079907262,0,0.5592781580584941,7.4849567
2.9321,8.1804,0.25,28.21,28.87,27.64,81.02,6.01,86.3,100.97,28.88,24.65,26.43,0.3655,2.0582,11.16,2022-12-23,7.4849567,2022,12,4,357,1,5.0062566,6.31627,5.9239864,2.9154775,2.5252903,28.43,81.65,5.94,5.33,4.4938,5.7488376299540205,0.6723403421432814,3.698120049067906,2.0198759953245546,3.699627467564174,1.7236430287584381,0,0.35842990562808663,9.287397
4.8545,8.1974,0.42,27.59,28.07,27.09,81.74,3.94,46.3,100.97,28.7,24.19,25.89,2.5142,2.7026,19.69,2022-12-24,9.287397,2022,12,5,358,1,7.4849567,5.0062566,6.31627,1.2569785,3.7817783,28.21,81.02,11.16,6.01,2.9321,6.269161065419515,1.240021391725046,4.350902795791626,2.4229499862287285,4.053889359746661,1.957528224655991,0,0.5921999658428282,10.4772835
5.2428,8.0258,0.45,28.01,28.69,27.18,80.95,4.46,64.7,100.97,28.68,24.44,26.22,1.0795,3.281,7.28,2022-12-25,10.4772835,2022,12,6,359,1,9.287397,7.4849567,5.0062566,2.0107648,5.900532,27.59,81.74,19.69,3.94,4.8545,7.259536902109782,2.1494539363469625,5.498105491910662,2.6079434101564427,4.447147863251822,2.4013673682251815,0,0.653243290388497,10.871908
6.4289,8.1557,0.55,28.4,29.47,27.59,78.0,4.52,59.3,100.91,29.37,24.19,26.3,3.9684,3.4044,0.57,2022-12-26,10.871908,2022,12,0,360,1,10.4772835,9.287397,7.4849567,2.4571066,5.765038,28.01,80.95,7.28,4.46,5.2428,9.083212534586588,1.5065767203044569,6.707608154841831,2.683238239995999,4.774058699607849,2.87855959047705,1,0.7882707799453144,6.189289
6.5364,8.0866,0.56,27.95,28.66,27.29,82.47,3.23,48.5,100.9,28.78,24.69,26.32,4.6534,2.4132,6.8,2022-12-27,6.189289,2022,12,1,361,1,10.871908,10.4772835,9.287397,5.9239864,2.9858427,28.4,78.0,0.57,4.52,6.4289,10.212196350097656,0.8248466586771531,7.909722668784005,2.322271904754618,5.138835140636989,3.3056854469117187,0,0.8083001508668661,3.374886
6.6194,7.9764,0.57,27.73,28.27,27.12,83.5,3.25,43.1,100.88,28.47,24.69,26.21,4.2617,2.9006,12.97,2022-12-28,3.374886,2022,12,2,362,1,6.189289,10.871908,10.4772835,6.31627,2.7363925,27.95,82.47,6.8,3.23,6.5364,9.17949358622233,2.5970992181352104,7.94762304850987,2.2863496752247525,5.36765273979732,3.2556850127194465,0,0.8298731257208766,2.4293385
5.0659,8.0494,0.44,27.86,28.54,27.24,81.22,3.97,358.6,100.78,28.45,24.36,26.11,1.7004,3.1238,11.12,2022-12-29,2.4293385,2022,12,3,363,1,3.374886,6.189289,10.871908,5.0062566,2.2130706,27.73,83.5,12.97,3.25,6.6194,6.812027772267659,3.787108116184657,7.527425357273647,2.8395133660119236,5.413259421076093,3.220269611639382,0,0.6293512559942356,7.247614
2.9316,8.0878,0.25,28.02,29.02,27.07,81.03,4.89,327.6,100.65,28.28,24.46,26.24,0.4927,2.058,31.09,2022-12-30,7.247614,2022,12,4,364,1,2.4293385,3.374886,6.189289,7.4849567,2.9154775,27.86,81.22,11.12,3.97,5.0659,3.997837861378988,1.955852482253848,7.159294196537563,3.3432162940647463,5.428707122802734,3.204216069124014,0,0.3624718712134326,7.818457
2.0611,8.129,0.18,28.15,28.78,27.57,80.29,5.73,320.8,100.7,28.27,24.44,26.3,0.2839,1.4791,19.45,2022-12-31,7.818457,2022,12,5,365,1,7.247614,2.4293385,3.374886,9.287397,1.2569785,28.02,81.03,31.09,4.89,2.9316,4.350612799326579,2.553032827763826,7.125388077327183,3.3405655219116617,5.738145436559405,3.151587852212876,0,0.2535490220199287,4.22785
3.4445,8.1646,0.3,28.5,29.57,27.47,76.57,5.34,319.5,100.62,28.56,23.96,26.23,0.1356,2.509,15.51,2023-01-01,4.22785,2023,1,6,1,1,7.818457,7.247614,2.4293385,10.4772835,2.0107648,28.15,80.29,19.45,5.73,2.0611,5.831803162892659,2.96041214372344,6.915539469037737,3.2263000849906462,6.2068224804742,2.9127597697588574,0,0.4218822722484874,6.201425
5.987,8.0988,0.52,28.22,28.99,27.46,81.88,5.51,340.9,100.56,28.41,24.85,26.54,3.0511,2.9328,8.52,2023-01-02,6.201425,2023,1,0,2,1,4.22785,7.818457,7.247614,10.871908,2.4571066,28.5,76.57,15.51,5.34,3.4445,6.4313069979349775,1.929477308190811,6.022763252258301,2.927239380062539,6.3651857035500665,2.721036721781367,0,0.7392453202943645,6.326907
2.9206,8.035,0.25,27.75,28.28,27.33,83.47,6.37,337.0,100.66,28.18,24.71,26.23,0.0566,2.197,28.37,2023-01-03,6.326907,2023,1,1,3,1,6.201425,4.22785,7.818457,6.189289,5.9239864,28.22,81.88,8.52,5.51,5.987,6.082577387491862,1.7982515217199067,5.355551379067557,2.0336295132762734,6.632637023925781,2.480769781299686,0,0.36348475420037335,6.4340496
4.031,7.9056,0.35,27.65,28.16,26.94,82.59,5.34,336.1,100.68,28.14,24.44,26.04,0.2981,2.8872,10.82,2023-01-04,6.4340496,2023,1,2,4,1,6.326907,6.201425,4.22785,3.374886,6.31627,27.75,83.47,28.37,6.37,2.9206,5.585394064585368,1.1773406195759362,5.375211102621896,2.043673242142798,6.6614170755658835,2.4742447521496156,0,0.5098917223234163,7.030422
0.823,8.0479,0.07,27.63,28.07,27.14,85.93,4.29,334.4,100.64,28.09,25.09,26.36,0.4387,0.5062,24.13,2023-01-05,7.030422,2023,1,3,5,1,6.4340496,6.326907,6.201425,2.4293385,5.0062566,27.65,82.59,10.82,5.34,4.031,6.3207939465840655,0.11643269126838372,5.812234469822475,1.8638005331396024,6.669829913548061,2.4731809279352475,0,0.1022627020713478,5.235819
4.565,8.1905,0.39,27.97,29.23,27.09,82.7,4.81,280.7,100.63,28.27,24.75,26.36,0.5633,3.0749,12.09,2023-01-06,5.235819,2023,1,4,6,1,7.030422,6.4340496,6.326907,7.247614,7.4849567,27.63,85.93,24.13,4.29,0.823,6.597126324971517,0.3790499564717716,6.469532149178641,1.1444233493511557,6.814413172858102,2.427185784711278,0,0.5573530309504915,3.9941738
6.7831,7.9543,0.59,28.73,30.09,27.19,80.39,3.38,245.9,100.67,28.99,25.01,26.87,4.5458,3.5777,2.29,2023-01-07,3.9941738,2023,1,5,7,1,5.235819,7.030422,6.4340496,7.818457,9.287397,27.97,82.7,12.09,4.81,4.565,6.23343022664388,0.9139673930679808,6.182132857186454,1.1688083386540653,6.653760467256818,2.4536785895135234,0,0.8527588851313126,7.655956
6.486,8.0208,0.56,28.7,29.83,27.77,81.95,4.11,226.2,100.71,29.05,25.31,27.0,3.3516,3.8282,6.04,2023-01-08,7.655956,2023,1,6,8,1,3.9941738,5.235819,7.030422,4.22785,10.4772835,28.73,80.39,2.29,3.38,6.7831,5.420138279596965,1.526493167767622,5.635806662695749,1.1702549076369824,6.275673065866743,2.4242851272750596,0,0.8086475164572112,8.030014
6.1843,7.9433,0.53,28.45,29.42,27.74,83.07,4.11,274.9,100.6,28.6,25.3,26.87,3.1738,3.4618,9.92,2023-01-09,8.030014,2023,1,0,9,1,7.655956,3.9941738,5.235819,6.201425,10.871908,28.7,81.95,6.04,4.11,6.486,5.628649473190308,1.862229528896389,6.1255360671452115,1.199777444137742,6.074149659701756,2.149886324402405,0,0.7785555121926656,8.3511505
6.816,8.0515,0.59,28.72,29.64,27.93,81.3,6.56,324.0,100.43,28.58,25.2,26.96,5.2764,3.0098,11.01,2023-01-10,8.3511505,2023,1,1,10,1,8.030014,7.655956,3.9941738,6.326907,6.189289,28.45,83.07,9.92,4.11,6.1843,6.56004786491394,2.229969128647123,6.386763061795916,1.4012135153641678,5.871157220431736,1.761035124983394,0,0.8465503322362292,7.328737
4.9111,7.9958,0.43,28.35,29.32,27.42,82.6,6.31,325.6,100.65,28.67,25.1,26.72,2.1199,2.6676,13.24,2023-01-11,7.328737,2023,1,2,11,1,8.3511505,8.030014,7.655956,6.4340496,3.374886,28.72,81.3,11.01,6.56,6.816,8.012373447418213,0.34793292159995765,6.6759406839098245,1.5837858305304786,6.02557589326586,1.8817240114518554,0,0.6142099602291203,3.2487931
5.7564,8.0549,0.5,27.65,28.42,27.14,84.47,6.73,329.5,100.69,28.49,24.81,26.23,2.4878,2.9762,23.95,2023-01-12,3.2487931,2023,1,3,12,1,7.328737,8.3511505,8.030014,7.030422,2.4293385,28.35,82.6,13.24,6.31,4.9111,7.903300444285075,0.5228524746821518,6.803753137588501,1.597056909395609,6.307993803705488,1.7450356318805862,0,0.7146457435846504,6.1305094
4.8818,8.083,0.42,27.49,28.51,26.39,82.38,3.91,276.2,100.57,28.35,24.23,25.86,1.2619,3.0322,37.24,2023-01-13,6.1305094,2023,1,4,13,1,3.2487931,7.328737,8.3511505,5.235819,7.247614,27.65,84.47,23.95,6.73,5.7564,6.309560139973958,2.6995469061315918,6.263520411082676,2.0755299187151435,6.366526280130659,1.6137323770817928,0,0.6039589261412842,2.8348026
6.547,8.0748,0.57,28.05,28.86,26.89,80.25,2.42,345.0,100.57,28.99,24.34,26.19,3.7877,3.1202,3.85,2023-01-14,2.8348026,2023,1,5,14,1,6.1305094,3.2487931,7.328737,3.9941738,7.818457,27.49,82.38,37.24,3.91,4.8818,5.5693464279174805,2.0970605504089277,6.391333341598511,2.0287153204120973,6.286733099392483,1.594316097701344,0,0.8107940753950562,1.660652
6.9703,8.1252,0.6,28.25,28.69,27.76,81.42,2.41,165.2,100.61,29.07,24.78,26.51,5.3434,2.5529,14.89,2023-01-15,1.660652,2023,1,6,15,1,2.8348026,6.1305094,3.2487931,7.655956,4.22785,28.05,80.25,3.85,2.42,6.547,4.071368376413981,1.7952418435352444,6.225708893367222,2.287816702584826,5.930757778031485,1.772428953268018,0,0.8578619603209767,5.176307
4.9344,8.0417,0.43,27.9,28.47,27.4,84.21,4.19,211.0,100.6,28.94,25.01,26.46,1.795,2.6765,60.36,2023-01-16,5.176307,2023,1,0,16,1,1.660652,2.8348026,6.1305094,8.030014,6.201425,28.25,81.42,14.89,2.41,6.9703,3.5419880151748657,2.317323785825821,5.369236929076059,2.740558333632886,5.747386498110635,2.069981693060857,0,0.6136016016513921,3.4511807
7.098,8.1586,0.62,27.46,28.29,26.76,80.29,4.4,201.6,100.54,28.97,23.76,25.61,5.521,3.2851,4.28,2023-01-17,3.4511807,2023,1,1,17,1,5.176307,1.660652,2.8348026,8.3511505,6.326907,27.9,84.21,60.36,4.19,4.9344,3.2239206234614053,1.789837258515377,4.961564523833139,2.4785099490852645,5.674163792814527,2.070816140749677,0,0.8700022062608781,5.6423845
5.7499,8.0892,0.5,27.4,28.52,26.34,75.94,2.82,61.4,100.48,29.12,22.77,25.08,3.2088,2.7658,13.79,2023-01-18,5.6423845,2023,1,2,18,1,3.4511807,5.176307,1.660652,7.328737,6.4340496,27.46,80.29,4.28,4.4,7.098,3.4293799797693887,1.757928967381275,4.26156883580344,2.0091489820934654,5.468754759856632,2.1424736441906065,0,0.7108119467932552,6.885443
5.7787,7.9735,0.5,28.03,29.0,27.28,81.98,6.07,348.3,100.44,28.63,24.66,26.35,2.0503,3.5251,13.03,2023-01-19,6.885443,2023,1,3,19,1,5.6423845,3.4511807,5.176307,3.2487931,7.030422,27.4,75.94,13.79,2.82,5.7499,4.756624142328898,1.1543153648693132,4.02066137109484,1.6488862764443764,5.412207254341671,2.125415788815589,0,0.7247381952718379,6.044516
4.4969,8.0441,0.39,28.41,29.39,27.43,77.85,4.62,301.7,100.65,28.44,24.15,26.28,0.4315,3.1423,11.39,2023-01-20,6.044516,2023,1,4,20,1,6.885443,5.6423845,3.4511807,6.1305094,5.235819,28.03,81.98,13.03,6.07,5.7787,5.326336145401001,1.7388084108372508,4.5401828118733,1.9163695025905518,5.401851611477988,2.1172624336195485,0,0.5590308424808245,6.737984
5.4878,8.0942,0.48,27.6,28.25,26.85,78.58,3.52,55.4,100.73,28.85,23.53,25.57,2.0311,3.1222,7.77,2023-01-21,6.737984,2023,1,5,21,1,6.044516,6.885443,5.6423845,2.8348026,3.9941738,28.41,77.85,11.39,4.62,4.4969,6.190781275431315,0.6343058020452991,4.527898056166513,1.9047159033716257,5.459615698882511,2.1234069116808962,0,0.6779916483407872,4.864013
6.977,8.0686,0.61,28.29,28.75,27.85,83.43,4.99,54.2,100.77,28.75,25.23,26.76,5.5229,2.5927,11.06,2023-01-22,4.864013,2023,1,6,22,1,6.737984,6.044516,6.885443,1.660652,7.655956,27.6,78.58,7.77,3.52,5.4878,6.555981159210205,0.44903611412114464,5.085495420864651,1.8977689020666928,5.655602157115936,2.1042831063504024,0,0.864710110799891,7.0446653
6.9322,8.1194,0.61,28.13,28.66,27.56,83.22,3.8,94.1,100.84,29.09,25.04,26.58,4.8216,2.8697,1.55,2023-01-23,7.0446653,2023,1,0,23,1,4.864013,6.737984,6.044516,5.176307,8.030014,28.29,83.43,11.06,4.99,6.977,5.882171154022217,0.9474749186057896,5.543118442807879,1.1876258687789114,5.456177685941968,2.031151867940317,0,0.8537822991846687,0.9461658
7.4563,8.1521,0.65,28.29,28.76,27.66,83.57,4.91,112.7,100.79,29.02,25.26,26.78,6.2806,2.2421,3.07,2023-01-24,0.9461658,2023,1,1,24,1,7.0446653,4.864013,6.737984,3.4511807,8.3511505,28.13,83.22,1.55,3.8,6.9322,6.215554237365723,1.1804705522410193,5.810026747839792,1.296414511228424,5.385795635836465,1.950578246124654,0,0.9146477594730191,2.5149484
7.655,8.1444,0.67,28.5,29.12,27.82,80.55,5.36,108.6,100.82,29.42,24.84,26.67,7.0738,2.1538,1.96,2023-01-25,2.5149484,2023,1,2,25,1,0.9461658,7.0446653,4.864013,5.6423845,7.328737,28.29,83.57,3.07,4.91,7.4563,4.284948110580444,3.090212197931464,5.452167476926531,2.132318352174139,4.856868156364986,2.0840438696558126,0,0.9399096311576054,2.5734615
6.87,8.0969,0.6,28.23,28.64,27.73,82.36,4.22,103.4,100.78,29.4,24.96,26.6,5.1288,2.9078,0.79,2023-01-26,2.5734615,2023,1,3,26,1,2.5149484,0.9461658,7.0446653,6.885443,3.2487931,28.5,80.55,1.96,5.36,7.655,3.5019265015920005,3.166783624791937,5.005390882492065,2.3970293288167097,4.513026126793453,2.041518591491731,1,0.8484728723338562,1.752518
7.4849,8.1101,0.66,28.01,28.43,27.55,81.89,3.43,94.1,100.65,29.3,24.64,26.32,6.6343,2.1521,3.84,2023-01-27,1.752518,2023,1,4,27,1,2.5734615,2.5149484,0.9461658,6.044516,6.1305094,28.23,82.36,0.79,4.22,6.87,2.0115252335866294,0.9230920807282742,4.389393499919346,2.3873978790851087,4.464788155896323,2.0812796577552244,0,0.9229109382128458,1.7537332
7.2317,8.1516,0.63,28.11,28.67,27.35,80.03,2.69,73.4,100.57,29.71,24.36,26.24,6.8047,1.9459,5.3,2023-01-28,1.7537332,2023,1,5,28,1,1.752518,2.5734615,2.5149484,6.737984,2.8348026,28.01,81.89,3.84,3.43,7.4849,2.280309319496155,0.4580160035732252,3.776250924382891,2.441996669158013,4.1520744902747015,2.139826545197767,0,0.8871509887629422,1.8071518
7.5386,8.1634,0.66,27.98,28.34,27.57,80.05,2.75,100.9,100.71,29.75,24.23,26.11,7.4722,1.752,6.16,2023-01-29,1.8071518,2023,1,6,29,1,1.7537332,1.752518,2.5734615,4.864013,1.660652,28.11,80.03,5.3,2.69,7.2317,2.0265709161758423,0.473621556583652,3.064215064048767,2.1428110494957786,4.074855242456708,2.209394382385753,0,0.9234632628561629,7.0677013
6.9706,8.0568,0.61,28.19,28.65,27.44,81.63,3.55,81.1,100.6,29.65,24.77,26.48,5.7326,2.4334,3.38,2023-01-30,7.0677013,2023,1,0,30,1,1.8071518,1.7537332,1.752518,7.0446653,5.176307,27.98,80.05,6.16,2.75,7.5386,1.771134336789449,0.031197949586583004,2.62752057824816,2.023028068558382,4.085319510528019,2.197394870148185,0,0.8651822063350213,4.932389
5.4545,7.9754,0.48,28.97,29.69,28.32,81.32,4.69,2.8,100.51,29.38,25.46,27.22,2.1221,3.4709,2.99,2023-01-31,4.932389,2023,1,1,31,1,7.0677013,1.8071518,1.7537332,0.9461658,3.4511807,28.19,81.63,3.38,3.55,6.9706,3.5428620974222818,3.0527171750289757,2.630811435835702,2.0314123562639304,4.220419091837747,2.324119278630366,0,0.6839155402863807,4.850264
5.3304,8.0122,0.47,28.66,29.73,27.78,76.43,2.63,16.9,100.48,29.84,24.09,26.38,2.015,2.9839,5.48,2023-02-01,4.850264,2023,2,2,32,1,4.932389,7.0677013,1.8071518,2.5149484,5.6423845,28.97,81.32,2.99,4.69,5.4545,4.602413972218831,2.645752806135391,3.20027186189379,2.039160288526844,4.32621966941016,2.3201186298823737,0,0.6652854397044508,8.826372
4.799,7.9627,0.42,28.2,28.93,27.52,85.58,5.44,133.9,100.29,29.34,25.56,26.88,1.4626,2.7845,13.76,2023-02-02,8.826372,2023,2,3,33,1,4.850264,4.932389,7.0677013,2.5734615,6.885443,28.66,76.43,5.48,2.63,5.3304,5.616784731547038,1.2572014038765977,3.5338883910860335,2.098521470686178,4.26963963678905,2.295076173272154,0,0.6026850189006242,3.7392454
6.4824,7.7618,0.57,27.56,27.97,27.16,86.24,8.6,24.0,100.41,28.93,25.07,26.31,4.4575,2.7864,12.64,2023-02-03,3.7392454,2023,2,4,34,1,8.826372,4.850264,4.932389,1.752518,6.044516,28.2,85.58,13.76,5.44,4.799,6.20300833384196,2.2722707557844455,4.427161335945129,2.8262213540166123,4.408277417932238,2.51347395332851,0,0.8351671004148522,7.1109414
5.627,7.855,0.5,28.35,29.36,27.11,75.41,6.4,357.3,100.68,29.44,23.58,25.96,3.1932,3.0794,3.02,2023-02-04,7.1109414,2023,2,5,35,1,3.7392454,8.826372,4.850264,1.7537332,6.737984,27.56,86.24,12.64,8.6,6.4824,5.805293877919515,2.674654378341241,4.710979529789516,2.603869080514302,4.243615227086203,2.4732243514520875,0,0.7163590070019096,7.106351
5.9438,7.8137,0.53,28.88,30.58,27.48,72.27,3.69,289.7,100.7,29.76,23.35,26.12,3.6437,2.7614,6.89,2023-02-05,7.106351,2023,2,6,36,1,7.1109414,3.7392454,8.826372,1.8071518,4.864013,28.35,75.41,3.02,6.4,5.627,6.558852990468343,2.5881104717191654,5.476294994354248,2.3662685721267502,4.270255029201508,2.503976076029958,0,0.7606895580838784,5.403706
5.8949,7.8602,0.52,28.19,29.75,26.68,78.92,6.83,271.4,100.54,29.25,24.18,26.18,4.4714,2.2685,36.88,2023-02-06,5.403706,2023,2,0,37,1,7.106351,7.1109414,3.7392454,7.0677013,7.0446653,28.88,72.27,6.89,3.69,5.9438,5.985512574513753,1.9453257781224385,6.233323437826974,1.769095235467799,4.430422008037567,2.614168392956022,0,0.749968194193532,2.4298713
6.7169,7.853,0.6,28.05,29.05,27.18,79.99,5.04,294.7,100.5,29.23,24.28,26.17,5.2087,2.2814,34.49,2023-02-07,2.4298713,2023,2,1,38,1,5.403706,7.106351,7.1109414,4.932389,0.9461658,28.19,78.92,36.88,6.83,5.8949,6.540332794189453,0.9843502904924311,5.995609828404018,1.7499862799359558,4.31321063211986,2.523140101388953,0,0.855329173564243,6.1352453
3.6574,7.8156,0.33,27.2,27.47,26.98,83.42,4.83,343.6,100.62,28.77,24.16,25.68,0.2304,2.623,4.73,2023-02-08,6.1352453,2023,2,2,39,1,2.4298713,5.403706,7.106351,4.850264,2.5149484,28.05,79.99,34.49,5.04,6.7169,4.979976097742717,2.3668598670680923,5.638107333864484,2.2009129831832865,4.419189597879138,2.3989389018174943,0,0.4679615128716925,8.099676
3.3384,7.7669,0.3,27.95,28.52,27.5,78.36,3.96,14.8,100.66,29.31,23.85,25.9,0.4318,2.2536,23.12,2023-02-09,8.099676,2023,2,3,40,1,6.1352453,2.4298713,5.403706,8.826372,2.5734615,27.2,83.42,4.73,4.83,3.6574,4.656274239222209,1.9625085694034268,5.821676083973476,2.177715719546824,4.677782237529755,2.3728647495509416,0,0.4298239967039617,2.7687576
3.1678,7.6301,0.28,27.83,28.36,27.37,79.72,3.13,31.8,100.63,29.22,24.02,25.93,0.1402,2.2754,7.59,2023-02-10,2.7687576,2023,2,4,41,1,8.099676,6.1352453,2.4298713,3.7392454,1.752518,27.95,78.36,23.12,3.96,3.3384,5.554930925369263,2.8791049390903796,5.717862367630005,2.022387998876101,5.072511851787567,2.454135664790525,0,0.4151714918546284,5.6760144
6.2071,7.7362,0.56,28.6,29.42,27.62,79.83,3.56,20.6,100.5,29.34,24.79,26.7,3.7013,2.8049,8.5,2023-02-11,5.6760144,2023,2,5,42,1,2.7687576,8.099676,6.1352453,7.1109414,1.7537332,27.83,79.72,7.59,3.13,3.1678,5.667893012364705,2.6960131277151156,5.579221248626709,2.2056013458496455,5.145100389208112,2.361670233604007,0,0.8023448204544866,5.249472
5.6179,7.7537,0.5,28.74,29.92,27.84,79.76,5.38,330.9,100.39,29.05,24.9,26.82,2.0177,3.5218,12.36,2023-02-12,5.249472,2023,2,6,43,1,5.6760144,2.7687576,8.099676,7.106351,1.8071518,28.6,79.83,8.5,3.56,6.2071,5.514816045761108,2.6691125558321858,5.374231679098947,2.1038504771528506,5.425263336726597,2.1517245665713953,0,0.724544411055367,5.870355
4.806,7.6426,0.43,28.41,29.49,27.62,82.92,5.91,314.2,100.35,28.95,25.23,26.82,0.4951,3.3007,8.52,2023-02-13,5.870355,2023,2,0,44,1,5.249472,5.6760144,2.7687576,5.403706,7.0677013,28.74,79.76,12.36,5.38,5.6179,4.564748048782349,1.5699270358728603,5.108963285173688,1.9612868941424204,5.671143361500332,1.8868515806210602,0,0.6288435872608799,7.705694
3.961,7.6075,0.36,28.35,29.47,27.45,83.54,7.26,316.3,100.33,28.78,25.3,26.83,0.378,2.8349,12.75,2023-02-14,7.705694,2023,2,1,45,1,5.870355,5.249472,5.6760144,2.4298713,4.932389,28.41,82.92,8.52,5.91,4.806,5.598613897959392,0.31759573704620947,5.175627435956683,1.9808084693125119,5.58561863218035,1.8453605852790351,0,0.5206703910614525,3.8550992
5.3695,7.6598,0.49,27.7,28.37,26.93,83.6,3.92,151.9,100.47,29.15,24.68,26.19,4.2912,2.341,29.59,2023-02-15,3.8550992,2023,2,2,46,1,7.705694,5.870355,5.249472,6.1352453,4.850264,28.35,83.54,12.75,7.26,3.961,6.275173823038737,1.2771708303431837,5.929316418511527,1.7524908347249277,5.783711876188006,1.9172950110160338,0,0.7009974150761117,7.7830863
4.0006,7.5835,0.36,28.0,29.16,27.27,85.53,6.26,307.0,100.49,28.96,25.35,26.67,0.4582,2.8018,49.66,2023-02-16,7.7830863,2023,2,3,47,1,3.8550992,7.705694,5.870355,8.099676,8.826372,27.7,83.6,29.59,3.92,5.3695,5.810382843017578,1.92599791403009,5.603581258228847,1.912441343024744,5.712628671101162,1.972225307178657,0,0.5275400540647459,5.050495
2.4965,7.601,0.23,27.67,28.61,26.77,85.7,7.29,325.4,100.49,28.44,25.07,26.37,0.3552,1.7868,32.1,2023-02-17,5.050495,2023,2,4,48,1,7.7830863,3.8550992,7.705694,2.7687576,3.7392454,28.0,85.53,49.66,6.26,4.0006,6.447959899902344,2.2458166301999234,5.558354139328003,1.8461683520132088,5.638108253479004,1.8621615825530706,0,0.32844362583870546,6.632732
2.1286,7.5953,0.19,27.8,28.8,27.11,84.25,6.6,347.7,100.62,28.57,24.92,26.36,0.0991,1.5958,24.21,2023-02-18,6.632732,2023,2,5,49,1,5.050495,7.7830863,3.8550992,5.6760144,7.1109414,27.67,85.7,32.1,7.29,2.4965,5.562893549601237,2.013500621697349,5.884316648755755,1.4249173310574077,5.731768948691232,1.7909213656684004,0,0.28025226126683606,4.6007214
5.6806,7.549,0.52,28.23,29.04,27.35,81.19,4.27,355.9,100.81,28.93,24.71,26.47,2.3856,3.0725,12.26,2023-02-19,4.6007214,2023,2,6,50,1,6.632732,5.050495,7.7830863,5.249472,7.106351,27.8,84.25,24.21,6.6,2.1286,6.488771120707194,1.3719719872777387,6.020990576062884,1.4473143898370637,5.697611127580915,1.766993848478275,0,0.7524970194727778,3.3246365
6.2866,7.609,0.57,28.11,29.06,27.28,79.45,2.12,325.3,100.89,29.06,24.22,26.17,4.5389,2.2788,30.14,2023-02-20,3.3246365,2023,2,0,51,1,4.6007214,6.632732,5.050495,5.870355,5.403706,28.23,81.19,12.26,4.27,5.6806,5.427982807159424,1.0673047474642279,5.928311892918178,1.5237077717964187,5.518637589045933,1.7400188421471048,0,0.8262058089105008,3.2827215
5.5906,7.6116,0.51,27.85,28.36,27.04,83.06,1.74,63.5,100.59,28.83,24.73,26.29,2.9278,2.755,11.92,2023-02-21,3.2827215,2023,2,1,52,1,3.3246365,4.6007214,6.632732,7.705694,2.4298713,28.11,79.45,30.14,2.12,6.2866,4.852696577707927,1.6683802079157826,5.5646377972194125,1.8156755898162784,5.370132616588047,1.8366217304820016,0,0.7344842083136266,4.121418
6.0734,7.632,0.56,27.84,28.3,27.43,83.14,3.44,121.1,100.35,28.76,24.74,26.29,5.0191,2.381,10.74,2023-02-22,4.121418,2023,2,2,53,1,3.2827215,3.3246365,4.6007214,3.8550992,6.1352453,27.85,83.06,11.92,1.74,5.5906,3.7360264460245767,0.7491409648847551,4.932784557342529,1.7131071601165542,5.4310504879270285,1.7433726538646932,0,0.7957809224318659,5.3629456
5.5092,7.4436,0.51,27.88,28.39,27.18,83.72,3.86,128.3,100.33,29.08,24.89,26.38,1.9121,3.4198,9.15,2023-02-23,5.3629456,2023,2,3,54,1,4.121418,3.2827215,3.3246365,7.7830863,8.099676,27.84,83.14,10.74,3.44,6.0734,3.576258659362793,0.47258675918849186,4.97083009992327,1.6879570775450865,5.287205679076059,1.7637611694254303,0,0.7401257456069643,4.0746284
6.067,7.4892,0.56,28.58,29.38,27.74,84.49,5.87,101.2,100.39,28.97,25.73,27.16,3.9149,3.1363,8.18,2023-02-24,4.0746284,2023,2,4,55,1,5.3629456,4.121418,3.2827215,5.050495,2.7687576,27.88,83.72,9.15,3.86,5.5092,4.25569502512614,1.0465924474027113,4.625095708029611,1.1904787750278552,5.0917249236788065,1.5689747592019165,0,0.8100998771564386,5.4178104
6.5633,7.5917,0.61,28.98,29.44,28.54,85.84,8.78,72.2,100.45,28.82,26.39,27.69,5.737,2.1197,8.84,2023-02-25,5.4178104,2023,2,5,56,1,4.0746284,5.3629456,4.121418,6.632732,5.6760144,28.58,84.49,8.18,5.87,6.067,4.5196639696757,0.7306779002626195,4.485686165945871,1.1894986874960616,5.185001407350812,1.4549217389334075,0,0.8645362698736778,4.0107293
6.299,7.5012,0.58,28.94,29.52,28.53,84.05,10.25,46.0,100.63,28.93,26.0,27.47,5.0026,3.0989,7.24,2023-02-26,4.0107293,2023,2,6,57,1,5.4178104,4.0746284,5.3629456,4.6007214,5.249472,28.98,85.84,8.84,8.78,6.5633,4.951794783274333,0.7601435709798088,4.312125955309186,0.869638905355094,5.166558265686035,1.4498463747435872,0,0.8397323094971472,2.6712072
6.3377,7.5302,0.59,29.06,29.8,28.49,80.13,7.34,30.9,100.67,29.16,25.3,27.18,5.6496,3.0754,2.64,2023-02-27,2.6712072,2023,2,0,58,1,4.0107293,5.4178104,4.0746284,3.3246365,5.870355,28.94,84.05,7.24,10.25,6.299,4.5010560353597,0.7945752014398059,4.227841377258301,0.8655880806752869,5.078076635088239,1.4818431482094687,0,0.8416376723061805,2.5274005
7.163,7.6246,0.67,28.78,29.48,28.09,78.95,6.07,44.5,100.67,29.19,24.78,26.78,7.253,1.9044,1.16,2023-02-28,2.5274005,2023,2,1,59,1,2.6712072,4.0107293,5.4178104,3.2827215,7.705694,29.06,80.13,2.64,7.34,6.3377,4.033248980840047,1.3734400989858626,4.134494338716779,1.0034765846620526,4.849566067968096,1.5927828745785901,0,0.9394591191669072,2.549207
6.0763,7.5994,0.57,28.94,29.92,27.97,77.91,5.7,26.9,100.61,29.16,24.71,26.82,3.4219,3.7277,4.16,2023-03-01,2.549207,2023,3,2,60,1,2.5274005,2.6712072,4.0107293,4.121418,3.8550992,28.78,78.95,1.16,6.07,7.163,3.0697789986928306,0.8180530006053268,4.026591335024152,1.141455490421746,4.479687946183341,1.4754423643972208,0,0.7995762823380793,2.332861
4.6411,7.3706,0.44,28.88,29.55,28.4,83.78,6.87,0.9,100.56,28.75,25.88,27.38,1.2058,3.067,8.26,2023-03-02,2.332861,2023,3,3,61,1,2.549207,2.5274005,2.6712072,5.3629456,7.7830863,28.94,77.91,4.16,5.7,6.0763,2.5826048851013184,0.0775026250689323,3.8019897597176686,1.2674170062091028,4.386409929820469,1.5569923391120688,0,0.6296773668358071,6.4398265
3.9283,7.2996,0.37,28.88,29.76,28.2,84.14,5.84,342.1,100.53,28.79,25.94,27.41,0.2686,2.8018,4.29,2023-03-03,6.4398265,2023,3,4,62,1,2.332861,2.549207,2.5274005,4.0746284,5.050495,28.88,83.78,8.26,6.87,4.6411,2.469822804133097,0.1191125242317988,3.3691205297197615,1.158173942264148,3.997108118874686,1.3030377919971405,0,0.5381527754945477,6.4347887
5.5781,7.2288,0.53,28.89,29.67,28.39,84.48,7.97,343.7,100.34,28.71,26.02,27.45,2.7048,3.067,7.28,2023-03-04,6.4347887,2023,3,5,63,1,6.4398265,2.332861,2.549207,5.4178104,6.632732,28.88,84.14,4.29,5.84,3.9283,3.773964802424113,2.3112367463392385,3.7070059776306152,1.6421799053010955,4.0963460717882425,1.4355961436184812,0,0.7716495130588756,6.2216897
2.4425,7.1354,0.23,28.83,29.83,27.5,83.53,10.61,320.6,100.32,28.73,25.77,27.3,0.2354,1.7239,18.76,2023-03-05,6.2216897,2023,3,6,64,1,6.4347887,6.4398265,2.332861,4.0107293,4.6007214,28.89,84.48,7.28,7.97,5.5781,5.069158713022868,2.3697047167293945,3.8522885867527554,1.850528144693162,4.082207271030971,1.4094307050223132,0,0.3423073688931244,5.2563996
3.1286,7.4263,0.3,28.06,29.0,27.24,83.41,8.67,295.6,100.54,28.56,24.99,26.53,0.2525,2.1986,49.31,2023-03-06,5.2563996,2023,3,0,65,1,6.2216897,6.4347887,6.4398265,2.6712072,3.3246365,28.83,83.53,18.76,10.61,2.4425,6.365434964497884,0.12451253103443126,4.168140070778983,2.059018760759351,4.197990724018642,1.5177230100074954,0,0.4212865087594091,5.085823
5.6342,7.398,0.54,27.19,27.8,26.7,83.41,5.54,179.5,100.73,28.69,24.15,25.67,4.4508,1.908,12.51,2023-03-07,5.085823,2023,3,1,66,1,5.2563996,6.2216897,6.4347887,2.5274005,3.2827215,28.06,83.41,49.31,8.67,3.1286,5.970959345499675,0.6279327073069644,4.537453276770456,1.9759430092465762,4.335973807743618,1.5200256035466004,0,0.7615842119491755,5.547065
5.0954,7.4299,0.49,27.01,27.65,26.58,78.81,6.08,135.3,100.77,28.41,23.03,25.02,4.1203,2.1026,2.16,2023-03-08,5.547065,2023,3,2,67,1,5.085823,5.2563996,6.2216897,2.549207,4.121418,27.19,83.41,12.51,5.54,5.6342,5.521304130554199,0.6125186138521563,4.902942214693342,1.7678342086502086,4.464766774858747,1.5001773890076318,0,0.6857965786888114,7.0651183
7.0519,7.524,0.68,27.08,27.84,26.43,74.81,6.59,119.8,100.86,28.24,22.24,24.66,7.1938,1.7623,0.35,2023-03-09,7.0651183,2023,3,3,68,1,5.547065,5.085823,5.2563996,2.332861,5.3629456,27.01,78.81,2.16,6.08,5.0954,5.29642915725708,0.2332118216391532,5.331207615988595,1.4342461577756265,4.566598687853132,1.5232864984862338,1,0.937254120148857,3.9801905
7.0879,7.5024,0.68,27.07,28.08,26.12,70.79,5.97,127.0,100.9,28.27,21.31,24.19,7.3255,1.7153,0.07,2023-03-10,3.9801905,2023,3,4,69,1,7.0651183,5.547065,5.085823,6.4398265,4.0746284,27.08,74.81,0.35,6.59,7.0519,5.8993353843688965,1.0356028962790214,6.007244382585798,0.7256670302975463,4.68818245615278,1.6540555808054147,1,0.9447510130091705,5.5791035
7.0942,7.5485,0.69,27.41,28.49,26.44,72.58,4.7,127.1,100.8,28.5,22.05,24.73,7.139,1.8821,0.1,2023-03-11,5.5791035,2023,3,5,70,1,3.9801905,7.0651183,5.547065,6.4347887,5.4178104,27.07,70.79,0.07,5.97,7.0879,5.530791203180949,1.5425282819680892,5.6558678150177,1.017932339692784,4.681436896324158,1.656940302338718,1,0.9398158574551235,4.768211
5.9923,7.3022,0.58,27.15,27.78,26.51,80.76,5.1,96.4,100.76,28.45,23.58,25.36,6.0473,1.5336,0.79,2023-03-12,4.768211,2023,3,6,71,1,5.5791035,3.9801905,7.0651183,6.2216897,4.0107293,27.41,72.58,0.1,4.7,7.0942,5.541470766067505,1.5428081682312116,5.533627067293439,0.9584443037068384,4.692957827023098,1.6630039129231864,1,0.8206157048560708,4.432117
5.8867,7.193,0.57,27.22,28.11,26.18,81.02,3.3,67.6,100.83,28.74,23.69,25.45,4.6056,2.2282,4.51,2023-03-13,4.432117,2023,3,0,72,1,4.768211,5.5791035,3.9801905,5.2563996,2.6712072,27.15,80.76,0.79,5.1,5.9923,4.775834957758586,0.7994837419936626,5.325987236840384,0.9418354903382627,4.7470636538096835,1.6513819224182127,0,0.8183928819685806,2.7347653
4.5794,7.1935,0.45,27.85,28.69,26.97,79.51,2.74,32.4,100.89,29.18,23.99,25.92,2.3035,2.2577,3.59,2023-03-14,2.7347653,2023,3,1,73,1,4.432117,4.768211,5.5791035,5.085823,2.5274005,27.22,81.02,4.51,3.3,5.8867,4.926477114359538,0.5896445096398214,5.208232573100498,1.0016172764643432,4.872842924935477,1.5447263808285878,0,0.636602488357545,2.780915
6.0972,7.2283,0.6,28.04,28.78,27.21,82.39,4.0,52.7,100.87,29.1,24.78,26.41,5.9803,1.7993,9.78,2023-03-15,2.780915,2023,3,2,74,1,2.7347653,4.432117,4.768211,5.547065,2.549207,27.85,79.51,3.59,2.74,4.5794,3.9783643881479898,1.090020097640599,4.872367177690778,1.3743386512353093,4.88765469619206,1.5213237914705484,0,0.8435178396026728,3.736048
6.719,7.2127,0.66,28.2,28.87,27.51,81.2,6.23,80.9,100.88,29.03,24.68,26.44,6.9386,1.6306,4.86,2023-03-16,3.736048,2023,3,3,75,1,2.780915,2.7347653,4.432117,7.0651183,2.332861,28.04,82.39,9.78,4.0,6.0972,3.3159324328104653,0.9669195498374524,4.477202926363264,1.5361592872483383,4.90420527117593,1.4949586671934358,0,0.931551291471987,4.662873
6.5443,7.2576,0.65,27.77,28.57,26.97,80.85,4.53,91.6,100.98,29.09,24.19,25.98,6.5026,1.7378,1.28,2023-03-17,4.662873,2023,3,4,76,1,3.736048,2.780915,2.7347653,3.9801905,6.4398265,28.2,81.2,4.86,6.23,6.719,3.0839094320933023,0.5652397427289587,4.001621450696673,1.0350098676739825,5.004432916641235,1.3492408149508086,0,0.9017168209876543,4.196856
6.6814,7.2151,0.66,27.86,28.75,27.0,80.01,3.51,172.3,100.95,29.11,24.1,25.98,6.6845,1.673,1.43,2023-03-18,4.196856,2023,3,5,77,1,4.662873,3.736048,2.780915,5.5791035,6.4347887,27.77,80.85,1.28,4.53,6.5443,3.726611932118734,0.9410143679774706,4.099147490092686,1.0644002465416398,4.8775076525551935,1.2859186597467458,0,0.9260301312525121,3.991758
4.4299,7.1083,0.44,27.81,28.07,27.37,79.62,2.4,200.5,100.83,28.98,23.97,25.89,2.4922,2.2344,8.64,2023-03-19,3.991758,2023,3,6,78,1,4.196856,4.662873,3.736048,4.768211,6.2216897,27.86,80.01,1.43,3.51,6.6814,4.1985922654469805,0.4634148434645108,3.9016835689544678,0.8508839093492998,4.717655318123954,1.2145607626179389,0,0.6232010466637593,5.9917865
5.5642,6.9881,0.56,27.94,28.57,27.32,77.68,3.0,346.7,100.75,28.67,23.7,25.82,5.1497,2.3446,4.49,2023-03-20,5.9917865,2023,3,0,79,1,3.991758,4.196856,4.662873,4.432117,5.2563996,27.81,79.62,8.64,2.4,4.4299,4.283828973770142,0.34390689184059997,3.790761743273054,0.76541261545268,4.558374490056719,1.1464552050317103,0,0.796239321131638,7.094009
4.4602,7.0006,0.45,27.7,28.48,26.81,75.27,2.15,325.8,100.74,29.1,22.93,25.31,1.7844,2.4821,11.49,2023-03-21,7.094009,2023,3,1,80,1,5.9917865,3.991758,4.196856,2.7347653,5.085823,27.94,77.68,4.49,3.0,5.5642,4.726800203323364,1.1002995040421903,4.013571671077183,1.1255222734971613,4.610902122088841,1.1966452044001914,0,0.6371168185584093,3.0593271
3.6636,6.9703,0.37,27.89,28.68,26.82,77.76,3.31,314.0,100.75,28.72,23.65,25.77,0.72,2.5529,14.88,2023-03-22,3.0593271,2023,3,2,81,1,7.094009,5.9917865,3.991758,2.780915,5.547065,27.7,75.27,11.49,2.15,4.4602,5.692517836888631,1.57262879264622,4.636320761271885,1.4571567764376778,4.754343969481332,1.3662888613334476,0,0.525601480567551,4.6211925
5.6911,6.9247,0.58,27.64,27.86,27.24,81.19,2.55,340.8,100.84,28.49,24.14,25.89,4.5305,2.232,9.42,2023-03-23,4.6211925,2023,3,3,82,1,3.0593271,7.094009,5.9917865,3.736048,7.0651183,27.89,77.76,14.88,3.31,3.6636,5.381707509358724,2.0853804361757726,4.676093918936593,1.4007819463676336,4.576648422649929,1.4161242936718015,0,0.8218550984158158,2.645841
5.4094,6.811,0.55,27.64,28.73,26.85,80.51,2.93,313.0,100.82,28.78,23.98,25.81,4.098,2.2884,3.59,2023-03-24,2.645841,2023,3,4,83,1,4.6211925,3.0593271,7.094009,4.662873,3.9801905,27.64,81.19,9.42,2.55,5.6911,4.924842834472656,2.034408259273181,4.802543129239764,1.3404316691195137,4.402082289968218,1.223273643442293,0,0.7942152400528556,5.983857
4.8504,6.8054,0.5,27.06,27.57,26.56,84.58,3.13,144.0,100.87,28.63,24.26,25.66,3.3958,2.2889,11.49,2023-03-25,5.983857,2023,3,5,84,1,2.645841,4.6211925,3.0593271,4.196856,5.5791035,27.64,80.51,3.59,2.93,5.4094,3.44212015469869,1.0418259622705421,4.514395713806152,1.5722169380027462,4.3067716019494195,1.3077400563692478,0,0.7127281276633262,6.5306196
5.1607,6.8484,0.53,27.45,28.08,26.53,85.05,3.81,114.0,100.76,28.7,24.73,26.09,5.9537,1.9855,3.96,2023-03-26,6.5306196,2023,3,6,85,1,5.983857,2.645841,4.6211925,3.991758,4.768211,27.06,84.58,11.49,3.13,4.8504,4.416963497797648,1.6783534364552577,4.769681589944022,1.654966561682526,4.335682579449245,1.3420557841325602,0,0.7535628760002336,4.045191
5.4624,6.7855,0.56,28.08,28.47,27.52,81.9,2.32,102.6,100.69,28.81,24.72,26.4,4.5192,2.2363,1.01,2023-03-27,4.045191,2023,3,0,86,1,6.5306196,5.983857,2.645841,5.9917865,4.432117,27.45,85.05,3.96,3.81,5.1607,5.053439219792684,2.1028872083990975,5.132376091820853,1.732454550463626,4.461568917546954,1.462960201327863,0,0.8050106845479331,0.9696919
6.3931,6.7236,0.66,28.6,29.63,27.7,81.35,3.29,257.3,100.61,28.97,25.1,26.85,6.8702,1.4808,1.03,2023-03-28,0.9696919,2023,3,1,87,1,4.045191,6.5306196,5.983857,7.094009,2.7347653,28.08,81.9,1.01,2.32,5.4624,5.519889195760091,1.306058495181987,4.854290996279035,1.7277373929151105,4.433931333678109,1.4672080436949146,0,0.9508447855315604,17.14406
5.838,6.7951,0.61,28.56,30.38,26.95,75.24,2.51,212.8,100.54,29.49,23.69,26.13,5.9849,2.8788,0.17,2023-03-29,17.14406,2023,3,2,88,1,0.9696919,4.045191,6.5306196,3.0593271,2.780915,28.6,81.35,1.03,3.29,6.3931,3.8485007683436074,2.7856766837191587,3.979388560567583,1.9419085565279528,4.307854660919735,1.6842334020907515,1,0.8591485040691087,9.552565
6.4752,6.7399,0.68,28.38,29.3,27.74,78.13,2.62,101.9,100.63,29.62,24.2,26.29,7.3375,1.5353,0.37,2023-03-30,9.552565,2023,3,3,89,1,17.14406,0.9696919,4.045191,4.6211925,3.736048,28.56,75.24,0.17,2.51,5.838,7.386314272880554,8.589230271736218,5.991493276187351,5.2717511315923,5.333793597561972,3.768056675937263,1,0.9607264202732979,2.9346979
5.9899,6.6394,0.63,28.24,28.82,27.58,81.44,3.57,87.5,100.8,29.53,24.77,26.5,5.6215,1.9651,0.7,2023-03-31,2.9346979,2023,3,4,90,1,9.552565,17.14406,0.9696919,2.645841,4.662873,28.38,78.13,0.37,2.62,6.4752,9.222105542818705,8.092246262491127,6.695975014141628,5.386365551244297,5.7492590716906955,3.896802836714388,1,0.9021748953218663,3.7366304
6.0811,6.6055,0.64,28.11,28.58,27.53,80.22,4.31,102.3,100.77,29.18,24.39,26.25,6.2717,1.6975,0.53,2023-04-01,3.7366304,2023,4,5,91,1,2.9346979,9.552565,17.14406,5.983857,4.196856,28.24,81.44,0.7,3.57,5.9899,9.877107540766398,7.110238399595988,6.737240297453744,5.35115723696272,5.625818005629948,3.960712177604572,1,0.9206116115358414,3.1589806
6.4874,6.7694,0.69,28.32,29.17,27.54,76.98,4.81,99.2,100.81,29.24,23.9,26.11,7.2631,1.5055,0.02,2023-04-02,3.1589806,2023,4,6,92,1,3.7366304,2.9346979,9.552565,6.5306196,3.991758,28.11,80.22,0.53,4.31,6.0811,5.4079643090566,3.61165582139027,6.416207909584045,5.4699778099533996,5.592944749764034,3.9753674295055315,1,0.9583419505421455,3.125571
6.6478,6.7922,0.71,27.6,28.4,27.02,81.11,4.7,112.2,100.93,29.23,24.08,25.84,7.9836,1.1746,1.31,2023-04-03,3.125571,2023,4,0,93,1,3.1589806,3.7366304,2.9346979,4.045191,5.9917865,28.32,76.98,0.02,4.81,6.4874,3.2767696380615234,0.4137386309516588,5.9345451933997015,5.605003572667031,5.533460642610278,4.007271720553686,0,0.9787403197785696,5.3658624
5.9779,6.6821,0.64,27.82,28.73,26.78,80.67,5.46,114.9,100.92,29.19,24.2,26.01,6.0197,1.8307,2.02,2023-04-04,5.3658624,2023,4,1,94,1,3.125571,3.1589806,3.7366304,0.9696919,7.094009,27.6,81.11,1.31,4.7,6.6478,3.3403940200805664,0.3435571647876081,5.803170936448233,5.667101726885529,5.328730966363635,4.0549875925397805,0,0.8946139686625462,2.9164581
6.5407,6.7246,0.7,27.36,28.34,26.56,75.73,4.4,108.5,100.82,29.02,22.7,25.03,7.225,1.4808,0.04,2023-04-05,2.9164581,2023,4,2,95,1,5.3658624,3.125571,3.1589806,17.14406,3.0593271,27.82,80.67,2.02,5.46,5.9779,3.8834713300069175,1.2838969763293855,6.431195293154035,5.272002602915812,5.205291926860809,4.023296281669587,1,0.9726526484846683,2.9662318
6.427,6.6722,0.7,28.07,29.42,26.54,73.07,3.87,23.4,100.68,29.14,22.8,25.44,6.8621,1.6056,0.06,2023-04-06,2.9662318,2023,4,3,96,1,2.9164581,5.3658624,3.125571,9.552565,4.6211925,27.36,75.73,0.04,4.4,6.5407,3.8026305039723716,1.3578300514265682,4.39868072101048,2.4301633854092213,5.195086998598916,4.029334797792515,1,0.9632505020832708,3.1541703
3.7246,6.4411,0.41,28.52,29.17,27.96,79.93,4.7,9.1,100.77,28.92,24.73,26.62,1.741,2.3182,6.0,2023-04-07,3.1541703,2023,4,4,97,1,2.9662318,2.9164581,5.3658624,2.9346979,2.645841,28.07,73.07,0.06,3.87,6.427,3.7495174407958984,1.4000169826226871,3.457776035581316,0.8875475274117993,5.076875524861472,4.071522215593214,0,0.5782552669575073,9.303221
5.723,6.4447,0.63,28.15,28.7,27.61,83.64,3.99,25.2,100.99,28.74,25.13,26.64,4.6008,2.3842,2.96,2023-04-08,9.303221,2023,4,5,98,1,3.1541703,2.9662318,2.9164581,3.7366304,5.983857,28.52,79.93,6.0,4.7,3.7246,3.0122867425282798,0.125369683991916,3.4891292367662703,0.8696865532002458,5.113184767110007,4.050386685927994,0,0.8880165096901329,2.3462262
6.241,6.445,0.69,27.99,28.77,27.47,83.23,4.0,90.4,101.08,29.06,24.9,26.44,7.4489,1.153,3.2,2023-04-09,2.3462262,2023,4,6,99,1,9.303221,3.1541703,2.9662318,3.1589806,6.5306196,28.15,83.64,2.96,3.99,5.723,5.141207615534465,3.605633814900241,4.284356423786709,2.375353570806807,5.350282166685377,4.199675249510832,0,0.9683475562451512,3.6546907
6.187,6.4495,0.68,27.9,28.65,27.27,83.15,5.21,95.3,101.04,29.23,24.78,26.34,6.571,1.5766,2.65,2023-04-10,3.6546907,2023,4,0,100,1,2.3462262,9.303221,3.1541703,3.125571,4.045191,27.99,83.23,3.2,4.0,6.241,4.934539079666138,3.8048952739993407,4.168248653411865,2.4579577700364768,5.051396923405783,4.257708311254764,0,0.9592991704783318,4.895398
5.9736,6.4368,0.66,28.18,29.04,27.55,80.36,5.95,94.1,101.03,29.25,24.49,26.34,6.3972,1.5209,0.67,2023-04-11,4.895398,2023,4,1,101,1,3.6546907,2.3462262,9.303221,5.3658624,0.9696919,27.9,83.15,2.65,5.21,6.187,5.10137923558553,3.6972454519490174,4.243837186268398,2.4285080494206084,5.023504061358316,4.266078059073358,1,0.9280387770320657,4.1672907
5.9354,6.3259,0.66,28.01,28.59,27.4,81.43,4.4,78.7,100.97,29.15,24.55,26.28,6.2393,1.6577,13.28,2023-04-12,4.1672907,2023,4,2,102,1,4.895398,3.6546907,2.3462262,2.9164581,17.14406,28.18,80.36,0.67,5.95,5.9736,3.632105032602946,1.2747360358125872,4.176628010613578,2.398606530468477,5.303911651883807,4.105106633199482,0,0.9382696533299609,4.590106
5.7413,6.4243,0.64,27.73,28.55,26.95,77.75,5.58,75.1,100.95,28.82,23.5,25.62,5.6458,1.8485,26.83,2023-04-13,4.590106,2023,4,3,103,1,4.1672907,4.895398,3.6546907,2.9662318,9.552565,28.01,81.43,13.28,4.4,5.9354,4.239126523335774,0.6234653174031618,4.355318375996181,2.3348242995485053,4.37699954850333,2.289594733414845,0,0.8936849150880252,5.70774
5.7194,6.4138,0.64,27.56,28.4,26.63,77.77,5.16,81.2,100.9,28.81,23.34,25.45,5.8039,1.985,0.45,2023-04-14,5.70774,2023,4,4,104,1,4.590106,4.1672907,4.895398,3.1541703,2.9346979,27.73,77.75,26.83,5.58,5.7413,4.550931612650554,0.3656310854383428,4.587300402777536,2.2530453914205126,4.022538219179426,1.7464053946411369,1,0.8917334497489788,4.8095
4.0418,6.1582,0.46,28.07,28.91,27.54,84.34,6.11,86.5,100.77,28.57,25.2,26.63,1.5461,2.6376,13.33,2023-04-15,4.8095,2023,4,5,105,1,5.70774,4.590106,4.1672907,9.303221,3.7366304,27.56,77.77,0.45,5.16,5.7194,4.821712176005046,0.7959126535432273,4.952096053532192,2.1881222045911493,4.220612645149231,1.7706225018469346,0,0.6563281478354065,6.442484
3.2227,6.0835,0.37,27.55,28.06,26.7,85.65,5.89,80.4,100.85,28.27,24.95,26.25,0.1711,2.4002,13.34,2023-04-16,6.442484,2023,4,6,106,1,4.8095,5.70774,4.590106,2.3462262,3.1589806,28.07,84.34,13.33,6.11,4.0418,5.035782019297282,0.5921815000967787,4.310135977608817,1.0747504344119476,4.297246200697763,1.7712812517098313,0,0.5297443905646421,8.787389
4.1479,5.9952,0.48,27.36,28.01,26.38,82.14,3.75,51.5,100.92,28.29,24.05,25.71,1.1263,3.0113,2.13,2023-04-17,8.787389,2023,4,0,107,1,6.442484,4.8095,5.70774,3.6546907,3.125571,27.55,85.65,13.34,5.89,3.2227,5.653241316477458,0.817854812590116,4.895315647125244,0.9330461202086118,4.531782150268555,1.8255237650314613,0,0.6918701627969042,6.6338544
1.2132,5.9772,0.14,27.37,28.31,26.6,79.94,4.32,258.2,100.84,28.28,23.61,25.49,0.4618,0.8369,12.37,2023-04-18,6.6338544,2023,4,1,108,1,8.787389,6.442484,4.8095,4.895398,5.3658624,27.36,82.14,2.13,3.75,4.1479,6.67979097366333,1.9995337910762816,5.628558226994106,1.5847723755417065,4.936197706631252,2.09699441018448,0,0.2029712909054407,3.4320352
5.5159,6.0348,0.64,27.87,29.37,26.59,79.71,4.09,236.7,100.66,28.97,24.03,25.95,6.6103,1.3037,3.95,2023-04-19,3.4320352,2023,4,2,109,1,6.6338544,8.787389,6.442484,4.1672907,2.9164581,27.37,79.94,12.37,4.32,1.2132,7.287909030914307,1.302108041910855,5.876909119742257,1.5869451992574164,5.0267685651779175,2.143839036651531,0,0.9140153774772984,6.5452924
4.9961,6.0331,0.58,27.79,28.25,27.02,82.61,4.74,136.5,100.7,29.05,24.58,26.18,5.701,1.6591,3.47,2023-04-20,6.5452924,2023,4,3,110,1,3.4320352,6.6338544,8.787389,4.590106,2.9662318,27.87,79.71,3.95,4.09,5.5159,6.284426132837932,2.694722269266419,5.7718726226261685,1.7362677882211566,5.063595499311175,2.1089438264543396,0,0.8281148994712503,7.504902
4.4292,6.0053,0.52,27.9,28.68,27.35,80.39,6.71,123.2,100.78,28.81,24.23,26.06,3.3953,2.0688,6.81,2023-04-21,7.504902,2023,4,4,111,1,6.5452924,3.4320352,6.6338544,5.70774,3.1541703,27.79,82.61,3.47,4.74,4.9961,5.537060658137004,1.8235432316146727,6.051184960774013,1.6704915998140437,5.3192426817757745,2.0512826629302086,0,0.7375484988260369,5.3432956
5.3114,6.0434,0.62,27.34,28.13,26.64,75.74,6.55,119.5,100.93,28.52,22.69,25.02,5.9566,1.3934,2.01,2023-04-22,5.3432956,2023,4,5,112,1,7.504902,6.5452924,3.4320352,4.8095,9.303221,27.9,80.39,6.81,6.71,4.4292,5.827409823735555,2.1292198724872176,6.307922397341047,1.7453362938489712,5.630009225436619,2.027472718702706,0,0.8788761293311712,4.8582826
4.0248,5.9623,0.48,27.11,27.95,26.47,77.01,5.69,106.6,100.94,28.39,22.75,24.93,3.0283,2.0311,2.35,2023-04-23,4.8582826,2023,4,6,113,1,5.3432956,7.504902,6.5452924,6.442484,2.3462262,27.34,75.74,2.01,6.55,5.3114,6.464496612548828,1.0830657544782298,6.384178876876831,1.6793710725437352,5.347157427242824,1.7300076254035188,0,0.675041510826359,2.3199434
5.8385,5.9815,0.69,26.9,27.64,26.24,76.22,4.27,94.3,100.75,28.44,22.36,24.63,7.2715,1.1234,0.61,2023-04-24,2.3199434,2023,4,0,114,1,4.8582826,5.3432956,7.504902,8.787389,3.6546907,27.11,77.01,2.35,5.69,4.0248,5.902160008748372,1.4090406482071527,6.157864400318691,1.7742677163204468,5.526590023721967,1.5112579754665336,1,0.9760929532725905,4.5608673
3.846,5.8562,0.46,26.96,27.94,26.04,77.46,3.32,100.1,100.72,28.5,22.7,24.83,3.1306,2.3546,0.03,2023-04-25,4.5608673,2023,4,1,115,1,2.3199434,4.8582826,5.3432956,6.6338544,4.895398,26.9,76.22,0.61,4.27,5.8385,4.173840522766113,1.6237334242071544,5.233943632670811,1.8586727923208894,5.4312509298324585,1.6719870849783953,1,0.656739865441754,4.96231
4.309,5.6957,0.52,27.13,27.77,26.55,82.52,5.91,82.8,100.89,28.4,23.91,25.52,5.0378,1.405,2.3,2023-04-26,4.96231,2023,4,2,116,1,4.5608673,2.3199434,4.8582826,3.4320352,4.1672907,26.96,77.46,0.03,3.32,3.846,3.9130311012268066,1.3876455633718638,4.937802621296474,1.7610305890612892,5.407355870519366,1.682591096180915,0,0.7565356321435469,3.8409882
4.7714,5.7091,0.58,27.54,27.87,27.03,81.57,5.0,62.8,100.93,28.11,24.13,25.83,3.8796,2.1564,4.94,2023-04-27,3.8409882,2023,4,3,117,1,4.96231,4.5608673,2.3199434,6.5452924,4.590106,27.13,82.52,2.3,5.91,4.309,3.947706858317057,1.4239028634311195,5.156413282666888,1.6333045829819337,5.464142952646528,1.6506321366309615,0,0.835753446252474,4.326722
4.1674,5.663,0.51,28.14,29.28,27.05,79.65,4.67,347.6,100.74,28.62,24.28,26.21,3.7133,1.8245,5.84,2023-04-28,4.326722,2023,4,4,118,1,3.8409882,4.96231,4.5608673,7.504902,5.70774,27.54,81.57,4.94,5.0,4.7714,4.454721768697103,0.5681467533694239,4.77008410862514,1.5685826758171988,5.410634534699576,1.6927499395579881,0,0.7358996998057566,1.9984157
4.0534,5.6626,0.49,28.39,29.12,27.62,78.74,2.64,24.9,100.8,28.55,24.36,26.37,4.3418,1.2365,3.51,2023-04-29,1.9984157,2023,4,5,119,1,4.326722,3.8409882,4.96231,5.3432956,4.8095,28.14,79.65,5.84,4.67,4.1674,4.3766733805338545,0.5623272365102434,4.316058431352888,1.0030849092701142,5.311990414346967,1.7142075067258515,0,0.7158195881750432,4.779608
3.5815,5.6803,0.44,27.88,28.47,27.33,83.21,4.67,93.0,101.03,28.47,24.79,26.34,1.6942,2.105,2.3,2023-04-30,4.779608,2023,4,6,120,1,1.9984157,4.326722,3.8409882,4.8582826,6.442484,28.39,78.74,3.51,2.64,4.0534,3.3887086709340415,1.2282793929813458,3.8382184505462646,1.2079604245317768,5.111198663711548,1.9287986345178818,0,0.6305124729327677,5.866241
4.7813,5.6124,0.59,28.1,29.09,27.11,82.28,6.96,99.9,101.16,28.64,24.8,26.45,6.047,1.2907,4.91,2023-05-01,5.866241,2023,5,0,121,0,4.779608,1.9984157,4.326722,2.3199434,8.787389,27.88,83.21,2.3,4.67,3.5815,3.701581875483195,1.4922659254017034,3.826979194368635,1.197205714262595,4.992421797343662,1.8913478132771784,0,0.8519171833796593,12.149897
4.3157,5.6033,0.53,27.78,28.49,27.18,79.04,8.45,109.7,101.27,28.22,23.83,25.8,4.4347,1.7863,7.45,2023-05-02,12.149897,2023,5,1,122,0,5.866241,4.779608,1.9984157,4.5608673,6.6338544,28.1,82.28,4.91,6.96,4.7813,4.214754819869995,1.9948213511688198,4.333593130111694,1.2035113347009325,4.783768381391253,1.5751882204043948,0,0.7702068423964449,11.634761
4.3387,5.6167,0.54,27.32,28.06,26.91,74.07,9.87,104.1,101.06,27.86,22.3,24.81,4.0409,1.8989,2.84,2023-05-03,11.634761,2023,5,2,123,0,12.149897,5.866241,4.779608,4.96231,3.4320352,27.78,79.04,7.45,8.45,4.3157,7.598581790924072,3.978824317236906,5.417740174702236,3.201717253196378,5.177771397999355,2.4949105552526043,0,0.7724642583723539,9.284961
4.5497,5.5258,0.57,27.31,28.13,26.51,80.52,9.12,103.3,100.81,28.11,23.68,25.5,4.17,1.7998,7.83,2023-05-04,9.284961,2023,5,3,124,0,11.634761,12.149897,5.866241,3.8409882,6.5452924,27.32,74.07,2.84,9.87,4.3387,9.883632818857828,3.4886844389979403,6.370947463171823,3.949465378171682,5.763680372919355,2.97112501704257,0,0.82335589416917,5.9748545
4.3774,5.5334,0.55,27.54,28.33,26.92,80.38,7.34,101.3,100.72,28.24,23.87,25.71,4.7858,1.481,4.0,2023-05-05,5.9748545,2023,5,4,125,0,9.284961,11.634761,12.149897,4.326722,7.504902,27.31,80.52,7.83,9.12,4.5497,11.023206075032553,1.5272405933734967,7.148657832826887,3.9039852724252535,5.959370970726013,3.1133825418449317,0,0.7910868543752484,2.8754315
4.6615,5.4874,0.59,27.47,28.41,26.75,78.43,3.69,98.6,100.81,28.28,23.39,25.43,4.4594,1.668,2.97,2023-05-06,2.8754315,2023,5,5,126,0,5.9748545,9.284961,11.634761,1.9984157,5.3432956,27.54,80.38,4.0,7.34,4.3774,8.964858690897623,2.843498562151959,7.38410530771528,3.752178273134883,5.850081869534084,3.081649377250317,0,0.8494915624886104,4.7117686
4.0824,5.455,0.52,27.3,27.97,26.53,79.43,2.73,36.3,100.73,28.22,23.43,25.36,3.6674,1.7558,10.02,2023-05-07,4.7117686,2023,5,6,127,0,2.8754315,5.9748545,9.284961,4.779608,4.8582826,27.47,78.43,2.97,3.69,4.6615,6.045082251230876,3.2053416552235516,7.509393283299038,3.5516582495354325,5.673805866922651,3.181823431457053,0,0.7483776351970669,4.0849743
4.6555,5.5133,0.59,27.57,29.1,26.49,80.88,3.72,306.4,100.59,28.3,23.98,25.77,5.244,1.5641,14.23,2023-05-08,4.0849743,2023,5,0,128,0,4.7117686,2.8754315,5.9748545,5.866241,2.3199434,27.3,79.43,10.02,2.73,4.0824,4.520684878031413,1.5585218563529701,7.499701976776123,3.5604301065653274,5.663340585572379,3.1849514985251752,0,0.8444126022527343,1.4751649
5.5618,5.6407,0.71,27.43,29.06,26.0,71.15,1.73,247.0,100.7,28.4,21.65,24.54,7.9231,0.8302,0.21,2023-05-09,1.4751649,2023,5,1,129,0,4.0849743,4.7117686,2.8754315,12.149897,4.5608673,27.57,80.88,14.23,3.72,4.6555,3.8907248179117837,0.9334522587416413,7.245235306876046,3.7549716512051656,5.78941421849387,3.0754777037815115,1,0.9860123743507011,1.0789094
5.2567,5.591,0.68,26.96,27.96,25.9,70.99,1.88,128.8,101.03,28.27,21.2,24.08,6.9502,1.061,0.12,2023-05-10,1.0789094,2023,5,2,130,0,1.4751649,4.0849743,4.7117686,11.634761,4.96231,27.43,71.15,0.21,1.73,5.5618,3.423969268798828,1.716565368659603,5.720273630959647,3.595328585267017,5.5690069028309415,3.2744304114816107,1,0.9402074763011984,1.4967725
5.2082,5.4943,0.67,26.4,27.25,25.52,81.91,4.28,141.5,101.23,28.26,23.07,24.74,6.715,1.177,1.15,2023-05-11,1.4967725,2023,5,3,131,0,1.0789094,1.4751649,4.0849743,9.284961,3.8409882,26.96,70.99,0.12,1.88,5.2567,2.2130161921183267,1.6332253185518921,4.212294851030622,2.8343555593154113,5.291621157101223,3.4873433034514267,0,0.9479278525016835,4.2880116
4.3152,5.3129,0.56,27.01,27.91,26.25,83.0,6.42,131.3,101.28,28.27,23.89,25.45,5.1072,1.3174,5.01,2023-05-12,4.2880116,2023,5,4,132,0,1.4967725,1.0789094,1.4751649,5.9748545,4.326722,26.4,81.91,1.15,4.28,5.2082,1.3502822717030842,0.2352640012643147,3.09969653402056,1.8787595958249161,5.124177183423724,3.6162489953692094,0,0.8122117864066706,7.76393
3.503,5.257,0.46,26.75,27.32,26.17,85.07,7.73,129.8,101.16,28.09,24.05,25.4,4.4506,1.2017,12.53,2023-05-13,7.76393,2023,5,5,133,0,4.2880116,1.4967725,1.0789094,2.8754315,1.9984157,27.01,83.0,5.01,6.42,4.3152,2.287897825241089,1.744704440774727,2.8587189742497037,1.5230175009820708,5.121412140982492,3.616920383048032,0,0.6663496290660073,11.593457
3.1058,5.1871,0.41,26.34,26.74,26.02,81.79,10.6,127.4,101.18,27.53,22.99,24.67,1.0865,2.0926,12.23,2023-05-14,11.593457,2023,5,6,134,0,7.76393,4.2880116,1.4967725,4.7117686,4.779608,26.75,85.07,12.53,7.73,3.503,4.51623797416687,3.1398058350368143,3.5570758751460483,2.4001524843422426,5.533234579222543,3.5617940029114283,0,0.5987546027645505,7.1335506
1.8866,5.1917,0.25,25.9,26.48,25.15,78.53,8.79,128.6,101.16,27.02,21.89,23.89,0.2189,1.343,5.97,2023-05-15,7.1335506,2023,5,0,135,0,11.593457,7.76393,4.2880116,4.0849743,5.866241,26.34,81.79,12.23,10.6,3.1058,7.881799538930257,3.6541488833975464,4.540174245834351,3.895491510358809,6.019938111305237,3.900344316870106,0,0.36338771500664524,9.626305
3.059,5.1835,0.41,25.43,25.93,24.9,80.07,5.91,116.2,101.05,27.17,21.76,23.59,1.338,2.0868,3.87,2023-05-16,9.626305,2023,5,1,136,0,7.1335506,11.593457,7.76393,1.4751649,12.149897,25.9,78.53,5.97,8.79,1.8866,8.830312569936117,2.4136219173788795,4.975685153688703,4.004993352658667,6.110460230282375,3.91119405119736,0,0.5901417960837272,6.5539465
4.3925,5.2373,0.59,26.36,27.37,25.27,79.91,6.67,98.2,101.06,27.46,22.63,24.49,5.227,1.8936,1.42,2023-05-17,6.5539465,2023,5,2,137,0,9.626305,7.1335506,11.593457,1.0789094,11.634761,25.43,80.07,3.87,5.91,3.059,9.451104164123535,2.235109185871722,6.140133687428066,4.002558914432979,5.9302036591938565,3.6616324819973127,0,0.8386955110457678,3.9113743
3.955,5.1398,0.53,27.22,27.95,26.47,82.93,7.7,82.0,100.89,27.76,24.07,25.64,4.0954,1.691,2.11,2023-05-18,3.9113743,2023,5,3,138,0,6.5539465,9.626305,7.1335506,1.4967725,9.284961,26.36,79.91,1.42,6.67,4.3925,7.771267255147298,1.6324392727093766,6.922281844275338,3.3265554439297063,5.567288347652981,3.285180695316085,0,0.7694851939764193,5.0121403
3.4435,5.0738,0.46,27.93,29.01,27.16,86.49,5.88,13.1,100.66,27.98,25.48,26.71,1.3212,2.4564,5.62,2023-05-19,5.0121403,2023,5,4,139,0,3.9113743,6.5539465,9.626305,4.2880116,5.9748545,27.22,82.93,2.11,7.7,3.955,6.697208484013875,2.8601573505640188,7.267224958964756,2.7444592416573332,5.183460746492658,3.127542547120632,0,0.6786826441720208,7.975615
1.4671,4.9922,0.2,27.55,28.79,26.23,88.1,4.22,294.6,100.81,27.87,25.42,26.49,0.2191,1.1316,18.08,2023-05-20,7.975615,2023,5,5,140,0,5.0121403,3.9113743,6.5539465,7.76393,2.8754315,27.93,86.49,5.62,5.88,3.4435,5.159153699874878,1.327405974720818,7.370671919413975,2.624472158507959,5.114695446831839,3.11937661847196,0,0.29387845038259686,4.348223
3.7898,4.9913,0.51,26.25,26.79,25.86,86.3,6.03,147.2,101.13,27.56,23.8,25.02,4.105,1.4448,4.15,2023-05-21,4.348223,2023,5,6,141,0,7.975615,5.0121403,3.9113743,11.593457,4.7117686,27.55,88.1,18.08,4.22,1.4671,5.633043209711711,2.1020593346577834,7.400912659508841,2.6309702745523635,5.478994267327445,3.135518647920034,0,0.7592811491996073,3.3990517
3.8767,4.9445,0.53,26.41,27.05,25.74,84.46,5.66,122.9,101.13,27.58,23.59,25.0,3.4922,1.8065,0.95,2023-05-22,3.3990517,2023,5,0,142,0,4.348223,7.975615,5.0121403,7.1335506,4.0849743,26.25,86.3,4.15,6.03,3.7898,5.778659502665202,1.9313613440003625,6.365879229136875,2.072617148684632,5.453026737485613,3.1438556816919703,1,0.7840428759227425,3.2781742
4.3538,4.9121,0.6,26.33,26.91,25.86,82.84,4.85,146.3,101.03,27.32,23.2,24.77,4.6718,1.607,0.91,2023-05-23,3.2781742,2023,5,1,143,0,3.3990517,4.348223,7.975615,9.626305,1.4751649,26.41,84.46,0.95,5.66,3.8767,5.240963300069173,2.415361607563264,5.832379375185285,2.3092149747528143,5.404032264436994,3.172034178552716,1,0.8863418904338266,8.177323
2.1958,4.9433,0.3,25.33,25.94,24.53,80.64,6.12,165.0,100.99,26.83,21.78,23.56,0.7778,1.5984,0.44,2023-05-24,8.177323,2023,5,2,144,0,3.2781742,3.3990517,4.348223,6.5539465,1.0789094,26.33,82.84,0.91,4.85,4.3538,3.67514967918396,0.5860237414587944,4.925503594534738,1.7496653244855491,5.532818640981402,3.033840946926861,1,0.44419719620496434,8.266646
2.3393,4.9486,0.32,24.54,25.77,22.67,75.32,5.73,156.1,100.99,26.41,19.88,22.21,1.3488,1.4359,5.05,2023-05-25,8.266646,2023,5,3,145,0,8.177323,3.2781742,3.3990517,3.9113743,1.4967725,25.33,80.64,0.44,6.12,2.1958,4.951516389846802,2.7942844717626945,5.15741457257952,2.0782203508340853,6.039848208427429,2.817684174478913,0,0.4727195570464374,6.2698007
3.5741,5.0417,0.49,23.82,24.41,22.79,77.92,3.66,145.3,100.9,26.35,19.72,21.77,3.2222,1.7496,4.12,2023-05-26,6.2698007,2023,5,4,146,0,8.266646,8.177323,3.2781742,5.0121403,4.2880116,24.54,75.32,5.05,5.73,2.3393,6.574047962824504,2.854659828280852,5.779596294675555,2.2846930673611943,6.523410626820156,2.5458398991424156,0,0.708907709701093,2.365283
5.0251,5.1648,0.7,25.08,26.14,24.23,75.17,3.94,116.0,100.95,26.75,20.37,22.72,7.3855,0.8486,0.03,2023-05-27,2.365283,2023,5,5,147,0,6.2698007,8.266646,8.177323,7.975615,7.76393,23.82,77.92,4.12,3.66,3.5741,7.571256796518962,1.127978591178082,5.959262064525059,2.26363599581962,6.664966991969517,2.465823070869077,1,0.972951517967782,4.549101
3.5035,4.9344,0.49,26.4,27.35,25.01,85.72,5.33,95.9,101.06,27.21,23.83,25.12,3.7188,1.5629,10.79,2023-05-28,4.549101,2023,5,6,148,0,2.365283,6.2698007,8.266646,4.348223,11.593457,25.08,75.17,0.03,3.94,5.0251,5.633910020192464,3.0016312392875144,5.157786062785557,2.4186341609672786,6.279349361147199,2.6924600417333706,0,0.710015402075227,2.5328717
4.2466,4.8578,0.59,27.33,28.12,26.73,86.33,5.5,74.4,101.19,27.6,24.86,26.1,5.3162,1.164,10.0,2023-05-29,2.5328717,2023,5,0,149,0,4.549101,2.365283,6.2698007,3.3990517,7.1335506,26.4,85.72,10.79,5.33,3.5035,4.394728183746338,1.9568310394670074,5.186482872281756,2.4085987739291306,5.776181050709316,2.2438112250183333,0,0.8741817283543991,2.4752467
4.1801,4.8458,0.59,27.09,27.75,26.43,88.56,3.97,77.3,101.14,27.74,25.05,26.07,4.9517,1.3205,5.5,2023-05-30,2.4752467,2023,5,1,150,0,2.5328717,4.549101,2.365283,3.2781742,9.626305,27.33,86.33,10.0,5.5,4.2466,3.149085203806559,1.215341271199338,5.06274288041251,2.534681079147336,5.447561127798898,2.363434316754425,0,0.8626233026538447,5.3593397
2.5517,4.8302,0.36,27.01,27.62,26.44,88.09,3.95,102.0,101.15,27.41,24.88,25.94,0.5762,1.8533,19.06,2023-05-31,5.3593397,2023,5,2,151,0,2.4752467,2.5328717,4.549101,8.177323,6.5539465,27.09,88.56,5.5,3.97,4.1801,3.185739755630493,1.1810568656308238,4.948038952691214,2.6446802339662803,4.936771273612976,2.1543471467659137,0,0.5282804024678067,4.6401567
2.7859,4.8204,0.39,26.45,26.91,26.04,91.55,4.84,111.9,101.09,27.22,24.98,25.71,2.6434,1.4266,9.19,2023-06-01,4.6401567,2023,6,3,152,0,5.3593397,2.4752467,2.5328717,8.266646,3.9113743,27.01,88.09,19.06,3.95,2.5517,3.4558193683624268,1.6487487502908464,4.545469863074167,2.2573014416008004,4.851442217826843,2.108538044301431,0,0.5779395900755123,4.775714
2.8339,4.7414,0.4,26.06,26.53,25.63,89.49,5.21,105.9,101.16,27.23,24.22,25.15,1.3476,1.7899,50.92,2023-06-02,4.775714,2023,6,4,153,0,4.6401567,5.3593397,2.4752467,6.2698007,5.0121403,26.45,91.55,9.19,4.84,2.7859,4.158247709274292,1.50122463824099,4.027399914605277,1.5735042837557485,4.903498104640415,2.0924792324754895,0,0.5976926646138272,5.1138473
1.133,4.6562,0.16,25.51,26.05,24.93,87.68,6.29,110.0,101.23,26.7,23.34,24.42,0.1013,0.899,36.36,2023-06-03,5.1138473,2023,6,5,154,0,4.775714,4.6401567,5.3593397,2.365283,7.975615,26.06,89.49,50.92,5.21,2.8339,4.925070126851399,0.38214721335682383,3.8139589514051164,1.2953897616653953,4.886610507965088,2.092489029513642,0,0.24333147201580688,5.719201
2.8087,4.8331,0.4,25.36,26.03,24.85,81.26,6.9,129.5,101.27,26.65,21.93,23.65,1.0032,1.8737,2.07,2023-06-04,5.719201,2023,6,6,155,0,5.1138473,4.775714,4.6401567,4.549101,4.348223,25.51,87.68,36.36,6.29,1.133,4.8432393074035645,0.24395785120717003,4.206610986164638,1.195827892601261,4.682198524475098,1.8982855101030445,0,0.5811383997848172,4.438135
4.2319,4.9838,0.6,25.13,25.88,24.53,77.99,5.21,122.2,101.2,26.52,21.04,23.08,4.5259,1.5154,0.26,2023-06-05,4.438135,2023,6,0,156,0,5.719201,5.1138473,4.775714,2.5328717,3.3990517,25.36,81.26,2.07,6.9,2.8087,5.202920754750569,0.4780089694936801,4.373768159321377,1.3263398847994625,4.780125515801566,1.9150200135329885,1,0.8491311850395282,9.282274
3.3005,4.8749,0.47,25.16,25.7,24.51,78.27,3.16,120.2,101.14,26.74,21.13,23.14,2.425,2.2526,0.64,2023-06-06,9.282274,2023,6,1,157,0,4.438135,5.719201,5.1138473,2.4752467,3.2781742,25.13,77.99,0.26,5.21,4.2319,5.090394496917725,0.6408549056744546,4.645948648452759,1.0529112680176596,4.854345764432635,1.877137609789448,1,0.6770395290159797,5.462347
1.219,4.7165,0.17,24.61,25.67,22.99,78.55,3.12,85.5,101.1,26.17,20.6,22.6,0.0317,0.9739,16.0,2023-06-07,5.462347,2023,6,2,158,0,9.282274,4.438135,5.719201,5.3593397,8.177323,25.16,78.27,0.64,3.16,3.3005,6.479870160420735,2.5100565693359758,5.61838115964617,1.6741129924063336,5.283210056168692,2.1546851004647425,0,0.2584543623449592,4.532922
2.9532,4.7554,0.42,23.86,24.9,22.5,84.97,4.52,22.3,100.94,26.0,21.2,22.53,2.2258,1.4189,16.8,2023-06-08,4.532922,2023,6,3,159,0,5.462347,9.282274,4.438135,4.6401567,8.266646,24.61,78.55,16.0,3.12,1.219,6.3942521413167315,2.552989669855327,5.633096490587507,1.6719078054818874,5.089283176830837,1.9900594102606752,0,0.6210203137485806,3.3568597
3.3835,4.8936,0.49,24.91,25.92,24.11,78.44,4.41,201.3,100.88,26.29,20.88,22.89,3.1265,1.6174,4.32,2023-06-09,3.3568597,2023,6,4,160,0,4.532922,5.462347,9.282274,4.775714,6.2698007,23.86,84.97,16.8,4.52,2.9532,6.42584768931071,2.5170095997490356,5.617777211325509,1.6829768532203409,4.822588562965393,1.769452560443262,0,0.6914132744809547,1.7366517
4.1892,4.9459,0.6,24.37,25.36,23.51,70.12,4.81,172.9,101.22,25.84,18.57,21.47,4.8703,1.5545,0.01,2023-06-10,1.7366517,2023,6,5,161,0,3.3568597,4.532922,5.462347,5.1138473,2.365283,24.91,78.44,4.32,4.41,3.3835,4.450709501902263,1.0551485142354953,5.415083748953683,1.8757021588748477,4.6145213501794,1.7574098401482603,1,0.8470045896601225,4.847877
3.8964,4.9006,0.56,24.21,25.23,23.42,72.37,5.79,141.4,101.38,25.73,18.94,21.57,3.8928,1.5427,0.05,2023-06-11,4.847877,2023,6,6,162,0,1.7366517,3.3568597,4.532922,5.719201,4.549101,24.37,70.12,0.01,4.81,4.1892,3.208811044692993,1.4040015892326279,4.932627235140119,2.3423748893750536,4.569619110652378,1.8259917306410913,1,0.7950863159613109,5.4882035
1.4714,4.7184,0.21,24.1,24.96,23.67,77.69,5.33,130.3,101.26,25.75,19.97,22.04,0.587,1.0714,4.34,2023-06-12,5.4882035,2023,6,0,163,0,4.847877,1.7366517,3.3568597,4.438135,2.5328717,24.21,72.37,0.05,5.79,3.8964,3.313796122868856,1.5560596624661573,4.808152369090489,2.3166191947315458,4.590960264205933,1.8274788359584697,0,0.311842997626314,4.9119534
2.4406,4.7182,0.35,24.38,25.15,23.68,81.91,5.42,131.4,101.14,26.04,21.11,22.74,1.098,1.626,3.26,2023-06-13,4.9119534,2023,6,1,164,0,5.4882035,4.847877,1.7366517,9.282274,2.4752467,24.1,77.69,4.34,5.33,1.4714,4.024244070053101,2.0068168291902326,4.958162137440273,2.322655925049618,4.8020553929465155,1.7400549621379127,0,0.5172735365181637,3.8421319
1.9152,4.6944,0.28,24.71,25.33,23.99,82.63,5.5,111.0,101.07,26.07,21.57,23.14,0.8311,1.3104,1.75,2023-06-14,3.8421319,2023,6,2,165,0,4.9119534,5.4882035,4.847877,5.462347,5.3593397,24.38,81.91,3.26,5.42,2.4406,5.082678000132243,0.35265374070984745,4.3338305950164795,1.3505581479865145,4.976105877331325,1.6061232654686348,0,0.4079754601226994,4.1004
1.7064,4.6421,0.25,24.89,25.28,24.59,85.33,6.43,97.4,100.97,25.98,22.28,23.59,1.0639,1.2358,9.94,2023-06-15,4.1004,2023,6,3,166,0,3.8421319,4.9119534,5.4882035,4.532922,4.6401567,24.71,82.63,1.75,5.5,1.9152,4.747429609298706,0.8352778329011453,4.102371283939907,1.2607701538540708,4.867733887263706,1.6292948297491485,0,0.3675922535059563,2.458563
2.5805,4.6546,0.37,24.7,25.19,24.3,87.98,6.31,116.1,100.81,26.14,22.6,23.65,2.0191,1.379,9.86,2023-06-16,2.458563,2023,6,4,167,0,4.1004,3.8421319,4.9119534,3.3568597,4.775714,24.89,85.33,9.94,6.43,1.7064,4.284828424453735,0.5582472147042525,4.040582452501569,1.246672465281121,4.82917983191354,1.6414351488023478,0,0.5543978000257809,2.0736337
2.6371,4.7014,0.38,24.65,25.12,24.17,86.02,6.15,147.1,100.63,26.09,22.18,23.41,1.7268,1.4717,13.99,2023-06-17,2.0736337,2023,6,5,168,0,2.458563,4.1004,3.8421319,1.7366517,5.1138473,24.7,87.98,9.86,6.31,2.5805,3.467031637827555,0.8828545832136772,3.912254367555891,1.369013341399582,4.663669058254787,1.759796168922381,0,0.5609180244182584,2.787232
4.0714,4.8482,0.59,24.55,25.76,23.36,78.26,4.96,168.3,100.85,25.93,20.51,22.53,4.5098,1.3937,0.17,2023-06-18,2.787232,2023,6,6,169,0,2.0736337,2.458563,4.1004,4.847877,5.719201,24.65,86.02,13.99,6.15,2.6371,2.8775322437286377,1.0763813325840779,3.960394654955183,1.282981013354815,4.446510945047651,1.8832232818909247,1,0.8397755868157253,3.5687718
3.8342,4.8576,0.56,23.5,24.25,22.6,77.64,4.67,168.6,101.02,25.53,19.38,21.44,5.1432,1.3159,0.74,2023-06-19,3.5687718,2023,6,0,170,0,2.787232,2.0736337,2.458563,5.4882035,4.438135,24.55,78.26,0.17,4.96,4.0714,2.439809560775757,0.3571685697339938,3.6660167830330983,1.2818163676896714,4.237084576061794,1.89380211992335,1,0.7893198287220027,4.6649475
3.5419,4.8398,0.52,23.65,24.47,23.01,76.7,5.17,147.6,101.08,25.5,19.33,21.49,3.8028,1.6128,3.71,2023-06-20,4.6649475,2023,6,1,171,0,3.5687718,2.787232,2.0736337,4.9119534,9.282274,23.5,77.64,0.74,4.67,3.8342,2.8098791440327964,0.7478263221478472,3.391812256404332,1.0017563243648344,4.174987196922302,1.9009422663877698,0,0.731827761477747,4.996977
3.0922,4.7405,0.45,23.89,24.94,22.98,78.16,4.25,109.6,101.04,25.7,19.87,21.88,3.8926,1.3493,5.14,2023-06-21,4.996977,2023,6,2,172,0,4.6649475,3.5687718,2.787232,3.8421319,5.462347,23.65,76.7,3.71,5.17,3.5419,3.6736504236857095,0.9432410058494435,3.3565256936209544,0.9418441605882841,3.8451781443187167,1.2281757406690494,0,0.6522940618078262,5.3088627
4.0534,4.7616,0.59,23.78,24.36,23.31,82.08,2.72,121.1,100.97,25.85,20.55,22.16,4.8619,1.2893,1.16,2023-06-22,5.3088627,2023,6,3,173,0,4.996977,4.6649475,3.5687718,4.1004,4.532922,23.89,78.16,5.14,4.25,3.0922,4.410232067108154,0.747397054805655,3.5215035506657193,1.1245121420767086,3.8119374173028127,1.18663516730227,0,0.8512684811827957,3.7867806
4.5504,4.7938,0.66,24.17,25.34,23.05,76.01,4.61,186.1,100.93,25.61,19.66,21.92,5.779,1.1724,0.1,2023-06-23,3.7867806,2023,6,4,174,0,5.3088627,4.996977,4.6649475,2.458563,3.3568597,23.78,82.08,1.16,2.72,4.0534,4.990262349446614,0.3220100961296713,3.69414108140128,1.3062714713181374,3.867361766951425,1.2398293938917408,1,0.9492260836914347,5.767973
4.1182,4.8672,0.6,23.89,25.29,22.82,73.71,3.78,212.7,101.0,25.51,18.92,21.4,4.8715,1.6759,0.01,2023-06-24,5.767973,2023,6,5,175,0,3.7867806,5.3088627,4.996977,2.0736337,1.7366517,24.17,76.01,0.1,4.61,4.5504,4.697540044784546,0.8040088766835978,3.8838864394596646,1.1879938930524132,3.8980704035077776,1.2315087276265702,1,0.8461127547666009,3.8675835
4.7321,5.003,0.69,23.76,24.68,23.03,70.45,4.49,194.4,101.04,25.38,18.08,20.92,6.5086,1.039,0.0,2023-06-25,3.8675835,2023,6,6,176,0,5.767973,3.7867806,5.3088627,2.787232,4.847877,23.89,73.71,0.01,3.78,4.1182,4.954538742701213,1.0370341725267316,4.411649193082537,1.0638772759063462,4.18602192401886,1.1562525055788335,1,0.9458524885068958,4.788376
4.7827,4.9757,0.7,23.6,24.88,22.62,67.8,4.2,201.6,101.05,25.23,17.3,20.45,7.0361,0.817,0.0,2023-06-26,4.788376,2023,6,0,177,0,3.8675835,5.767973,3.7867806,3.5687718,5.4882035,23.76,70.45,0.0,4.49,4.7321,4.474112351735433,1.1212442669799434,4.565985134669712,0.8447433597387366,4.116000958851406,1.1426914209146641,1,0.9612114878308581,4.8882213
3.625,4.8612,0.53,24.05,25.51,22.58,69.41,3.86,229.3,100.97,25.38,18.1,21.08,3.8758,1.4983,0.01,2023-06-27,4.8882213,2023,6,1,178,0,4.788376,3.8675835,5.767973,4.6649475,4.9119534,23.6,67.8,0.0,4.2,4.7827,4.8079774379730225,0.9503463398848004,4.740214279719761,0.7215816855500692,4.066013268062046,1.0922395211970435,1,0.7457006500452563,7.5662003
4.6642,4.9524,0.68,24.29,25.8,22.91,71.59,6.73,245.4,100.85,25.31,18.81,21.55,6.625,0.9749,0.05,2023-06-28,7.5662003,2023,6,2,179,0,4.8882213,4.788376,3.8675835,4.996977,3.8421319,24.05,69.41,0.01,3.86,3.625,4.514726877212524,0.5626616892726422,4.772110530308315,0.7226340888973399,4.064318111964634,1.0908431530818412,1,0.9418059930538729,5.6283655
4.5874,4.8775,0.67,23.99,25.04,22.82,68.39,3.13,213.4,100.9,25.43,17.82,20.9,5.921,1.1503,0.01,2023-06-29,5.6283655,2023,6,3,180,0,7.5662003,4.8882213,4.788376,5.3088627,4.1004,24.29,71.59,0.05,6.73,4.6642,5.747599124908447,1.5757458021198134,5.139142445155552,1.2875419544843254,4.330322997910636,1.4329205149675643,1,0.9405228088159917,9.070803
4.4918,4.7657,0.65,24.86,26.56,23.72,70.45,2.6,252.4,101.06,25.64,19.11,21.98,5.2649,1.3642,0.01,2023-06-30,9.070803,2023,6,4,181,0,5.6283655,7.5662003,4.8882213,3.7867806,2.458563,23.99,68.39,0.01,3.13,4.5874,6.027595678965251,1.3829068706483192,5.18478570665632,1.3001626058298783,4.4394633940288,1.471725377969529,1,0.94252680613551,4.909708
4.7873,4.8062,0.69,24.3,25.11,23.57,77.85,4.12,154.7,101.31,25.67,20.2,22.25,6.8246,0.9014,0.14,2023-07-01,4.909708,2023,7,5,182,0,9.070803,5.6283655,7.5662003,5.767973,2.0736337,24.86,70.45,0.01,2.6,4.4918,7.421789487202962,1.725756145394108,5.939646005630493,1.7935322693279792,4.911766222545078,1.809378151251961,1,0.9960675793766386,3.3408015
4.2425,4.7986,0.61,24.63,25.5,23.67,81.64,3.34,139.6,101.29,25.97,21.3,22.96,4.9793,1.3478,1.66,2023-07-02,3.3408015,2023,7,6,183,0,4.909708,9.070803,5.6283655,3.8675835,2.787232,24.3,77.85,0.14,4.12,4.7873,6.53629207611084,2.224168424801437,5.817036730902536,1.8360563433417088,5.114342961992536,1.6155619642617411,0,0.8841120326761971,9.900702
2.513,4.7302,0.36,24.01,24.55,23.17,82.0,5.91,176.7,101.36,25.58,20.76,22.39,2.0254,1.7335,2.21,2023-07-03,9.900702,2023,7,0,184,0,3.3408015,4.909708,9.070803,4.788376,3.5687718,24.63,81.64,1.66,3.34,4.2425,5.773770729700725,2.9611115718143575,5.741782154355731,1.937281075771963,5.153883644512722,1.560045390672477,0,0.5312671768635575,6.6441717
3.5606,4.7813,0.51,23.56,24.54,22.77,78.97,5.67,144.4,101.4,25.34,19.71,21.63,2.3998,1.968,0.43,2023-07-04,6.6441717,2023,7,1,185,0,9.900702,3.3408015,4.909708,4.8882213,4.6649475,24.01,82.0,2.21,5.91,2.513,6.050403992335002,3.425487666029203,6.4721145289284845,2.4211665518629277,5.606164404324123,1.9373761054366283,1,0.7446928659569574,4.868042
3.7769,4.7167,0.54,23.86,24.76,22.81,77.62,5.24,120.5,101.46,25.35,19.73,21.79,4.5691,1.487,0.1,2023-07-05,4.868042,2023,7,2,186,0,6.6441717,9.900702,3.3408015,7.5662003,4.996977,23.56,78.97,0.43,5.67,3.5606,6.6285585562388105,3.27997836996483,6.722964593342373,2.3185013244047448,5.747537561825344,1.9356235532691817,1,0.800750524731274,1.9875301
4.3164,4.8818,0.62,24.45,25.64,23.54,78.78,4.8,122.8,101.42,25.64,20.54,22.49,5.1139,1.332,0.0,2023-07-06,1.9875301,2023,7,3,187,0,4.868042,6.6441717,9.900702,5.6283655,5.3088627,23.86,77.62,0.1,5.24,3.7769,7.1376387278238935,2.5523616823079194,6.337513412748065,2.378457957450571,5.738327928951809,1.9397716886945757,1,0.8841820639927894,4.3497295
4.067,4.89,0.58,24.81,25.8,23.75,83.7,6.12,109.0,101.29,25.84,21.88,23.35,4.1808,1.7669,0.27,2023-07-07,4.3497295,2023,7,4,188,0,1.9875301,4.868042,6.6441717,9.070803,3.7867806,24.45,78.78,0.0,4.8,4.3164,4.4999146064122515,2.3500459745905724,5.817394069262913,2.900234720036561,5.501089887959616,2.1840573056894703,1,0.8316973415132926,3.7344563
4.0697,4.8324,0.58,25.78,26.98,24.86,84.79,4.84,81.3,101.16,26.31,23.04,24.41,4.3956,1.5178,0.3,2023-07-08,3.7344563,2023,7,5,189,0,4.3497295,1.9875301,4.868042,4.909708,5.767973,24.81,83.7,0.27,6.12,4.067,3.7351005474726358,1.5354685830571668,5.142955047743661,2.544715575582189,5.541300526687077,2.1550570197473964,1,0.8421695223905307,4.8345327
4.5298,4.8626,0.65,25.88,27.15,24.88,78.07,3.37,105.9,101.1,26.32,21.75,23.81,5.645,1.3373,0.03,2023-07-09,4.8345327,2023,7,6,190,0,3.7344563,4.3497295,1.9875301,3.3408015,3.8675835,25.78,84.79,0.3,4.84,4.0697,3.3572386503219604,1.2254453878197658,4.97506194455283,2.600820769512813,5.396049337727683,2.2065192711127812,1,0.9315592481388558,4.3913956
4.1609,4.9178,0.59,24.47,25.24,23.75,81.87,4.2,133.9,101.14,26.09,21.18,22.82,5.1382,1.3769,2.05,2023-07-10,4.3913956,2023,7,0,191,0,4.8345327,3.7344563,4.3497295,9.900702,4.788376,25.88,78.07,0.03,3.37,4.5298,4.306239525477092,0.5513261989949672,5.188452124595642,2.503857212774621,5.465117139475686,2.1698238651924933,0,0.8460897149131725,3.8057947
3.3406,4.9174,0.48,24.32,25.17,23.66,79.5,5.36,137.4,101.28,25.7,20.55,22.43,2.8762,1.661,2.41,2023-07-11,3.8057947,2023,7,1,192,0,4.3913956,4.8345327,3.7344563,6.6441717,4.8882213,24.47,81.87,2.05,4.2,4.1609,4.3201282024383545,0.5534901263300476,4.401408280645098,1.3970048520377452,5.436761404786791,2.1819082236611136,0,0.6793427420994834,2.9192224
3.4922,4.9294,0.5,24.14,24.98,23.56,76.42,6.11,132.5,101.26,25.55,19.75,21.94,4.1683,1.3325,0.55,2023-07-12,2.9192224,2023,7,2,193,0,3.8057947,4.3913956,4.8345327,4.868042,7.5662003,24.32,79.5,2.41,5.36,3.3406,4.3439076741536455,0.5160104693773897,3.995925852230617,0.9902517389076251,5.359445222786495,2.2216569080200497,1,0.708443218241571,6.8407927
2.9945,4.8295,0.42,24.29,25.0,23.65,79.24,8.6,135.6,101.21,25.5,20.48,22.39,2.0916,1.6013,3.6,2023-07-13,6.8407927,2023,7,3,194,0,2.9192224,3.8057947,4.3913956,1.9875301,5.6283655,24.14,76.42,0.55,6.11,3.4922,3.70547087987264,0.7411964294490114,3.7175230469022478,0.9780710645593048,5.027518229825156,2.213721803209482,0,0.6200434827621907,6.811206
1.3654,4.6829,0.19,23.98,24.68,23.48,77.85,9.7,127.7,101.22,25.27,19.89,21.94,0.191,1.0231,8.56,2023-07-14,6.811206,2023,7,4,195,0,6.8407927,2.9192224,3.8057947,4.3497295,9.070803,24.29,79.24,3.6,8.6,2.9945,4.521936575571696,2.0565317354544908,4.410846267427717,1.2340175528201887,5.114120168345315,2.262219519848881,0,0.2915714621281684,7.639187
0.9473,4.6802,0.13,23.3,23.68,23.07,84.0,10.48,126.6,101.17,24.89,20.46,21.88,0.1594,0.7162,18.32,2023-07-15,7.639187,2023,7,5,196,0,6.811206,6.8407927,2.9192224,3.7344563,4.909708,23.98,77.85,8.56,9.7,1.3654,5.523740291595459,2.255627209122704,4.76248574256897,1.5291192791209158,4.952720395156315,2.0265421080665638,0,0.20240588009059443,5.054346
1.3354,4.7477,0.19,23.38,23.8,22.93,83.23,10.73,121.7,101.21,24.87,20.39,21.88,0.5765,0.9137,23.62,2023-07-16,5.054346,2023,7,6,197,0,7.639187,6.811206,6.8407927,4.8345327,3.3408015,23.3,84.0,18.32,10.48,0.9473,7.09706179300944,0.46972708571362715,5.3203043937683105,1.782772553545304,5.147683169160571,2.149641350004026,0,0.2812730374707753,7.429648
2.5992,4.9416,0.36,24.01,24.66,23.58,82.72,8.93,118.7,101.16,25.12,20.91,22.46,0.9569,1.6474,9.72,2023-07-17,7.429648,2023,7,0,198,0,5.054346,7.639187,6.811206,4.3913956,9.900702,23.38,83.23,23.62,10.73,1.3354,6.501579602559407,1.3199438524931408,5.351706300462995,1.7747077237415925,5.2700792125293185,2.0867090840845437,0,0.5259834871296746,7.941381
3.1766,4.9356,0.44,23.8,24.48,23.29,79.32,9.23,130.6,101.12,24.99,20.02,21.91,2.8848,1.7035,11.37,2023-07-18,7.941381,2023,7,1,199,0,7.429648,5.054346,7.639187,3.8057947,6.6441717,24.01,82.72,9.72,8.93,2.5992,6.707726955413818,1.4356976943222937,5.785742350987026,1.8696906455155935,5.093575315816062,1.7407232551521148,0,0.6436096928438285,9.512007
3.0874,5.0364,0.43,23.97,24.74,23.16,77.26,8.58,109.5,101.04,25.1,19.77,21.87,2.5399,1.5084,3.7,2023-07-19,9.512007,2023,7,2,200,0,7.941381,7.429648,5.054346,2.9192224,4.868042,23.8,79.32,11.37,9.23,3.1766,6.80845832824707,1.5405031653400156,6.376540388379778,1.791542522687204,5.1862331203051975,1.8600450407299296,0,0.6130172345326026,5.7161317
2.5198,4.807,0.35,25.03,25.74,24.06,84.88,7.26,65.8,100.82,25.49,22.32,23.68,0.7546,1.8334,14.89,2023-07-20,5.7161317,2023,7,3,201,0,9.512007,7.941381,7.429648,6.8407927,1.9875301,23.97,77.26,3.7,8.58,3.0874,8.294345219930014,1.0851232183017419,7.318366731916155,1.3494808269942136,5.517944889409201,2.184694881216637,0,0.5241938839192843,3.8464236
4.1431,5.034,0.57,24.71,25.91,23.4,85.5,5.04,185.5,100.76,25.67,22.12,23.42,3.2671,2.0258,5.56,2023-07-21,3.8464236,2023,7,4,202,0,5.7161317,9.512007,7.941381,6.811206,4.3497295,25.03,84.88,14.89,7.26,2.5198,7.723173141479492,1.9073221768452564,7.157700879233224,1.476763157585572,5.784273573330471,1.9341069966825293,0,0.8230234406038934,3.1492107
3.1447,5.2085,0.43,23.91,25.27,22.98,80.59,3.17,188.6,100.81,25.58,20.36,22.13,2.525,1.6404,0.1,2023-07-22,3.1492107,2023,7,5,203,0,3.8464236,5.7161317,9.512007,7.639187,3.7344563,24.71,85.5,5.56,5.04,4.1431,6.358187357584636,2.8868468393991087,6.7341605595179965,1.9439551596836468,5.748323151043484,1.9672170921440388,1,0.6037630795814534,3.751552
4.8108,5.1086,0.66,23.9,25.23,22.8,72.91,4.68,221.9,100.85,25.16,18.7,21.3,5.8294,1.1856,0.01,2023-07-23,3.751552,2023,7,6,204,0,3.1492107,3.8464236,5.7161317,5.054346,4.8345327,23.91,80.59,0.1,3.17,3.1447,4.237255334854126,1.3273405433697454,6.092735392706735,2.3031347919154026,5.706519893237522,2.0188443162603393,1,0.9417061425830953,3.834856
3.0701,4.9783,0.42,23.72,24.46,23.11,77.49,4.29,167.4,101.11,25.19,19.57,21.64,2.1658,1.7314,0.1,2023-07-24,3.834856,2023,7,0,205,0,3.751552,3.1492107,3.8464236,7.429648,4.3913956,23.9,72.91,0.01,4.68,4.8108,3.5823954741160073,0.3781361438988443,5.906621967043195,2.4490473862154376,5.629164133753095,2.0747990360028075,1,0.6166964626478919,2.638842
2.5034,4.9445,0.34,23.16,23.89,22.29,80.49,5.66,148.2,101.38,24.92,19.64,21.4,0.985,1.7928,0.39,2023-07-25,2.638842,2023,7,1,206,0,3.834856,3.751552,3.1492107,7.941381,3.8057947,23.72,77.49,0.1,4.29,3.0701,3.5785396099090576,0.374135505249407,5.393080268587385,2.453349040606627,5.589411309787205,2.1054440430279375,1,0.5062999292142786,4.0172524
1.3526,5.0395,0.18,22.4,22.97,22.03,83.25,6.62,156.4,101.46,24.58,19.44,20.92,0.2971,0.9718,6.54,2023-07-26,4.0172524,2023,7,2,207,0,2.638842,3.834856,3.751552,9.512007,2.9192224,23.16,80.49,0.39,5.66,2.5034,3.408416748046875,0.6677714680465752,4.6355747154780795,2.351907658427378,5.5060575519289285,2.202357663714247,0,0.2683996428217085,5.6413684
1.6025,5.1458,0.22,22.71,23.16,22.26,77.79,7.17,147.5,101.41,24.22,18.65,20.68,0.2726,1.2214,19.23,2023-07-27,5.6413684,2023,7,3,208,0,4.0172524,2.638842,3.834856,5.7161317,6.8407927,22.4,83.25,6.54,6.62,1.3526,3.496983528137207,0.748747045558075,3.8506098134177074,0.9555418592681254,5.584488272666931,2.1212049486392135,0,0.31141902133779004,5.366417
4.2691,5.3304,0.57,23.12,24.02,22.3,69.32,6.55,140.8,101.44,24.43,17.21,20.17,4.2382,1.8446,0.23,2023-07-28,5.366417,2023,7,4,209,0,5.6413684,4.0172524,2.638842,3.8464236,6.811206,22.71,77.79,19.23,7.17,1.6025,4.0991543134053545,1.5029377756354527,3.8399293422698975,0.9313258807288978,5.49881511075156,2.0905614229104703,1,0.8008967432087648,2.7220323
4.3877,5.3249,0.59,22.66,23.32,21.85,69.06,5.53,148.2,101.39,24.35,16.71,19.68,4.2482,1.7203,0.01,2023-07-29,2.7220323,2023,7,5,210,0,5.366417,5.6413684,4.0172524,3.1492107,7.639187,23.12,69.32,0.23,6.55,4.2691,5.00834592183431,0.8692521415562409,4.057071243013654,1.095770301703644,5.395615901265826,2.0561702737713747,1,0.8239966947736107,3.5275605
4.1239,5.3362,0.55,22.89,23.97,22.07,68.72,5.93,148.3,101.29,24.48,16.85,19.87,5.1408,1.3032,0.0,2023-07-30,3.5275605,2023,7,6,211,0,2.7220323,5.366417,5.6413684,3.751552,5.054346,22.66,69.06,0.01,5.53,4.3877,4.576605876286824,1.6119807426246557,3.9960457597460066,1.1644973688745004,5.0443905762263705,2.063404205721481,1,0.7728158614744575,4.390927
2.2949,5.2174,0.3,22.46,22.89,21.71,80.12,5.64,121.4,101.23,24.37,18.87,20.67,1.1424,1.6423,3.16,2023-07-31,4.390927,2023,7,0,212,0,3.5275605,2.7220323,5.366417,3.834856,7.429648,22.89,68.72,0.0,5.93,4.1239,3.8720032374064126,1.3554235949526907,3.9640469551086426,1.17536225517551,4.935334461075919,2.1028085441653652,0,0.43985510024149965,6.0557427
2.2879,5.2678,0.3,23.16,23.8,22.68,84.4,8.32,117.8,101.2,24.64,20.4,21.78,0.8894,1.5156,13.12,2023-08-01,6.0557427,2023,8,1,213,0,4.390927,3.5275605,2.7220323,2.638842,7.941381,22.46,80.12,3.16,5.64,2.2949,3.546839872996012,0.8346142875486466,4.043485641479492,1.1839356113671644,4.718282955033438,1.9787072330334858,0,0.4343179315843426,5.7213397
3.4246,5.2939,0.45,23.61,24.26,22.94,81.85,9.63,117.4,101.39,24.77,20.35,21.98,2.7665,1.6704,3.93,2023-08-02,5.7213397,2023,8,2,214,0,6.0557427,4.390927,3.5275605,4.0172524,9.512007,23.16,84.4,13.12,8.32,2.2879,4.658076683680217,1.2850887810982488,4.531614303588867,1.2123317221175562,4.583594509533474,1.7983995922587104,0,0.6468954834809876,7.0667315
3.5614,5.389,0.47,23.86,24.53,23.47,80.65,9.95,124.9,101.56,24.88,20.35,22.11,2.8478,1.7587,1.35,2023-08-03,7.0667315,2023,8,3,215,0,5.7213397,6.0557427,4.390927,5.6413684,5.7161317,23.61,81.85,3.93,9.63,3.4246,5.3893364270528155,0.8806660142827258,4.775055340358189,1.261911437843081,4.312832576887948,1.1774804487554624,0,0.6608647244386713,8.167291
1.9394,5.2171,0.25,23.11,23.81,22.26,82.08,10.6,124.7,101.5,24.52,19.9,21.5,0.6257,1.2598,5.9,2023-08-04,8.167291,2023,8,4,216,0,7.0667315,5.7213397,6.0557427,5.366417,3.8464236,23.86,80.65,1.35,9.95,3.5614,6.281271298726399,0.7004763296181166,4.978678635188511,1.5146818612548845,4.409303988729205,1.3447447299654898,0,0.3717390887657894,7.0426297
1.1779,5.2075,0.15,23.77,25.04,22.28,90.8,8.65,99.0,101.02,24.61,22.2,22.99,0.2114,0.9048,52.0,2023-08-05,7.0426297,2023,8,5,217,0,8.167291,7.0667315,5.7213397,2.7220323,3.1492107,23.11,82.08,5.9,10.6,1.9394,6.98512061436971,1.2250160414989564,5.3788034575326105,1.9434408302919217,4.717937350273132,1.6636490258046237,0,0.22619299087854058,4.5902767
2.0081,5.2759,0.26,24.97,26.29,24.16,91.67,3.39,121.6,100.73,25.39,23.53,24.25,0.3938,1.5002,7.75,2023-08-06,4.5902767,2023,8,6,218,0,7.0426297,8.167291,7.0667315,3.5275605,3.751552,23.77,90.8,52.0,8.65,1.1779,7.425550619761149,0.6424787697132859,5.996031658990042,1.617861957752534,4.996038709368024,1.7061200068004765,0,0.3806175249720427,11.884538
4.2696,5.411,0.55,24.78,25.77,23.98,89.88,3.24,115.9,100.7,25.56,23.02,23.9,4.3097,1.7417,2.05,2023-08-07,11.884538,2023,8,0,219,0,4.5902767,7.0426297,8.167291,4.390927,3.834856,24.97,91.67,7.75,3.39,2.0081,6.6000657081604,1.8291130123590222,6.147848265511649,1.3799953422073277,5.055947610310146,1.673472668160512,0,0.7890593236000739,2.0776412
4.9956,5.4151,0.64,25.3,26.46,24.46,87.09,2.76,172.9,100.81,25.86,23.0,24.15,5.8186,1.2874,0.08,2023-08-08,2.0776412,2023,8,1,220,0,11.884538,4.5902767,7.0426297,6.0557427,2.638842,24.78,89.88,2.05,3.24,4.2696,7.839148044586182,3.7117909274163083,7.218364102499826,2.3532646293732498,5.6309248719896585,2.4324225663098273,1,0.9225314398626063,3.5191333
4.1772,5.443,0.53,24.65,26.05,23.78,80.42,4.22,198.2,101.06,25.49,21.03,22.84,4.4074,1.5372,1.39,2023-08-09,3.5191333,2023,8,2,221,0,2.0776412,11.884538,4.5902767,5.7213397,4.0172524,25.3,87.09,0.08,2.76,4.9956,6.184151887893677,5.094029154675247,6.65006388936724,3.0561880831602655,5.590839096478054,2.48947944961647,0,0.7674444240308654,5.733355
3.413,5.4646,0.43,24.81,25.81,23.52,86.16,4.39,38.2,100.99,25.45,22.35,23.58,2.3088,1.7131,12.14,2023-08-10,5.733355,2023,8,3,222,0,3.5191333,2.0776412,11.884538,7.0667315,5.6413684,24.65,80.42,1.39,4.22,4.1772,5.827104091644287,5.295172449096717,6.3354629789079935,3.2733544217969928,5.555259159633091,2.5171056314819844,0,0.6245653844746184,7.0920835
1.6886,5.483,0.21,22.78,24.51,21.6,82.78,7.24,203.6,101.21,24.58,19.7,21.24,0.1543,1.2422,4.61,2023-08-11,7.0920835,2023,8,4,223,0,5.733355,3.5191333,2.0776412,8.167291,5.366417,24.81,86.16,12.14,4.39,3.413,3.776709874471029,1.841417958564183,6.14498063496181,3.262486034281126,5.561829635075161,2.5174677269266845,0,0.3079700893671348,5.391868
4.578,5.7146,0.57,22.84,23.82,21.78,72.56,6.54,155.7,101.37,24.38,17.65,20.25,3.3446,2.3398,0.01,2023-08-12,5.391868,2023,8,5,224,0,7.0920835,5.733355,3.5191333,7.0426297,2.7220323,22.78,82.78,4.61,7.24,1.6886,5.448190609614055,1.8034639489088724,5.991379601614816,3.175557788336716,5.685091529573713,2.549210292959746,1,0.8011059391733455,6.0640984
3.6211,5.6594,0.45,23.4,24.3,22.5,76.05,7.0,124.9,101.41,24.62,18.95,21.17,2.1634,2.0122,0.24,2023-08-13,6.0640984,2023,8,6,225,0,5.391868,7.0920835,5.733355,4.5902767,3.5275605,22.84,72.56,0.01,6.54,4.578,6.07243553797404,0.8993968732872865,5.755556515284947,3.145631974671353,5.8757940871374945,2.406358021161298,1,0.6398381453864368,6.0424128
3.233,5.5392,0.4,24.25,24.95,23.4,86.59,6.83,102.2,101.36,24.95,21.89,23.07,1.5269,1.9042,0.96,2023-08-14,6.0424128,2023,8,0,226,0,6.0640984,5.391868,7.0920835,11.884538,4.390927,23.4,76.05,0.24,7.0,3.6211,6.1826833089192705,0.8562884112349703,5.966102463858468,3.103681067388367,6.056975364685059,2.309494620922967,1,0.583658290005777,3.3748932
2.339,5.5666,0.29,24.99,25.87,24.34,90.34,6.8,99.3,101.18,25.5,23.32,24.15,0.4171,1.6397,8.77,2023-08-15,3.3748932,2023,8,1,227,0,6.0424128,6.0640984,5.391868,2.0776412,6.0557427,24.25,86.59,0.96,6.83,3.233,5.832793076833089,0.3820061297153648,5.131513186863491,1.7271937660773882,6.174938644681658,2.2594864960009193,0,0.42018467287033373,4.7876368
3.4087,5.5519,0.42,24.96,25.55,24.54,89.98,6.78,104.5,101.11,25.35,23.23,24.09,2.531,1.8043,19.49,2023-08-16,4.7876368,2023,8,2,228,0,3.3748932,6.0424128,6.0640984,3.5191333,5.7213397,24.99,90.34,8.77,6.8,2.339,5.160468101501465,1.5463912486278448,5.316834892545428,1.3795144614036208,5.983449390956333,2.380712933719276,0,0.6139699922549038,6.800633
2.9647,5.6234,0.36,24.75,26.85,23.17,89.07,6.65,97.5,101.01,25.17,22.83,23.79,1.7213,1.7683,12.75,2023-08-17,6.800633,2023,8,3,229,0,4.7876368,3.3748932,6.0424128,5.733355,7.0667315,24.96,89.98,19.49,6.78,3.4087,4.7349809010823565,1.3345391124439177,5.498049667903355,1.1716661276633542,5.916756323405674,2.4016071189539807,0,0.5272077390902301,1.5308359
4.8622,5.7706,0.59,23.94,24.79,23.16,86.56,5.52,145.9,101.19,25.08,21.58,22.76,5.6345,1.2518,4.12,2023-08-18,1.5308359,2023,8,4,230,0,6.800633,4.7876368,3.3748932,7.0920835,8.167291,24.75,89.07,12.75,6.65,2.9647,4.987720966339111,1.7216121813036351,5.65051794052124,1.2724934619901538,5.897749287741525,2.392842775940184,0,0.8425813606903961,3.4305642
4.3171,5.8481,0.52,23.8,24.57,23.04,85.41,6.95,126.3,101.32,25.12,21.23,22.51,3.4382,1.9894,2.11,2023-08-19,3.4305642,2023,8,5,231,0,1.5308359,6.800633,4.7876368,5.391868,7.0426297,23.94,86.56,4.12,5.52,4.8622,4.373035192489624,2.6592501154829415,4.8560539994921,1.8344343472911815,5.423716800553458,2.560157366398952,0,0.7382055710401669,4.175476
5.6378,5.8843,0.68,25.08,26.22,23.74,82.55,4.28,68.9,101.22,25.52,21.92,23.5,6.7872,1.2264,0.47,2023-08-20,4.175476,2023,8,6,232,0,3.4305642,1.5308359,6.800633,6.0640984,4.5902767,23.8,85.41,2.11,6.95,4.3171,3.920677661895752,2.668866569085833,4.575867721012661,1.8879570216988937,5.165712118148804,2.566457048971506,1,0.9581088659653656,4.3872175
3.661,5.8649,0.44,25.06,26.17,23.9,84.06,3.26,143.0,101.26,25.79,22.19,23.63,3.0086,1.8578,0.97,2023-08-21,4.3872175,2023,8,0,233,0,4.175476,3.4305642,1.5308359,6.0424128,11.884538,25.08,82.55,0.47,4.28,5.6378,3.045625368754069,1.3636949307717432,4.306064537593296,1.771168024765281,5.136083500725882,2.575987857537241,1,0.6242220668724104,6.611728
3.4414,5.9614,0.41,23.58,24.32,22.66,82.52,7.95,149.1,101.45,24.96,20.44,22.01,1.2521,2.3971,0.76,2023-08-22,6.611728,2023,8,1,234,0,4.3872175,4.175476,3.4305642,3.3748932,2.0776412,25.06,84.06,0.97,3.26,3.661,3.997752587000529,0.5024794917032023,4.069608075278146,1.6032527398212086,4.6005606310708185,1.6931639602318382,1,0.5772805045794611,6.966502
5.0983,6.1759,0.6,22.56,23.31,21.87,76.35,7.37,134.6,101.51,24.53,18.21,20.38,3.9504,2.2918,0.08,2023-08-23,6.966502,2023,8,2,235,0,6.611728,4.3872175,4.175476,4.7876368,3.5191333,23.58,82.52,0.76,7.95,3.4414,5.058140595753987,1.34960528418283,4.532013075692313,1.8214249598566787,4.92442398411887,1.604793365476202,1,0.8255153095095451,4.4948506
5.4319,6.2376,0.64,22.62,23.58,21.64,72.85,5.49,117.9,101.26,24.59,17.51,20.06,5.5548,1.6397,0.09,2023-08-24,4.4948506,2023,8,3,236,0,6.966502,6.611728,4.3872175,6.800633,5.733355,22.56,76.35,0.08,7.37,5.0983,5.988482634226481,1.3980356282957853,4.843279566083636,2.0448601944700506,5.170664616993496,1.6367430600404973,1,0.8708317301526228,2.9876618
4.3918,6.132,0.51,23.25,24.25,22.39,74.18,3.68,108.8,101.03,24.88,18.41,20.83,4.4846,1.8149,0.44,2023-08-25,2.9876618,2023,8,4,237,0,4.4948506,6.966502,6.611728,1.5308359,7.0920835,22.62,72.85,0.09,5.49,5.4319,6.024360338846843,1.3364191321845948,4.513882092067173,1.8537965932199807,5.082200016294207,1.6374605620856935,1,0.7162100456621004,5.9739165
5.1869,6.1363,0.6,23.4,24.16,22.83,78.17,4.07,135.9,101.04,25.03,19.39,21.39,5.1108,2.2565,1.33,2023-08-26,5.9739165,2023,8,5,238,0,2.9876618,4.4948506,6.966502,3.4305642,5.391868,23.25,74.18,0.44,3.68,4.3918,4.816338221232097,2.0088076900778487,4.722000088010516,1.5136579662934533,4.789027043751308,1.6172330468049343,0,0.8452813584733471,5.625694
3.7406,6.1968,0.43,23.41,24.09,22.74,81.57,7.45,119.1,101.11,25.03,20.09,21.75,2.0599,2.1646,2.03,2023-08-27,5.625694,2023,8,6,239,0,5.9739165,2.9876618,4.4948506,4.175476,6.0640984,23.4,78.17,1.33,4.07,5.1869,4.4854763348897295,1.4931494163757475,5.0853361402239114,1.4561569891315767,4.830601930618286,1.6412261505041048,0,0.6036341337464498,4.9343214
4.0205,6.2561,0.46,23.21,23.9,22.67,76.72,8.46,119.7,101.19,24.7,18.91,21.06,1.6658,2.3676,0.85,2023-08-28,4.9343214,2023,8,0,240,0,5.625694,5.9739165,2.9876618,4.3872175,6.0424128,23.41,81.57,2.03,7.45,3.7406,4.8624240557352705,1.632900730649656,5.292510100773403,1.4074831420629825,4.79928731918335,1.619924779231013,1,0.6426527708956059,6.1932893
3.3187,6.0446,0.38,23.6,24.39,22.84,76.9,7.94,116.5,101.24,24.92,19.33,21.46,1.0783,2.1706,0.09,2023-08-29,6.1932893,2023,8,1,241,0,4.9343214,5.625694,5.9739165,6.611728,3.3748932,23.21,76.72,0.85,8.46,4.0205,5.511310577392578,0.529152291834838,5.370667798178537,1.3633315126661194,4.720137936728341,1.5811193789399718,1,0.5490355027627966,10.630174
4.517,6.0787,0.52,24.23,24.93,23.59,78.5,9.69,105.3,101.29,24.94,20.27,22.25,3.7694,1.9634,0.16,2023-08-30,10.630174,2023,8,2,242,0,6.1932893,4.9343214,5.625694,6.966502,4.7876368,23.6,76.9,0.09,7.94,3.3187,5.584434827168782,0.6304972287670753,5.310890810830252,1.307892647591588,4.921451943261283,1.576078610254079,1,0.743086515208844,8.006026
2.2214,6.0485,0.25,24.62,25.24,23.98,83.38,9.79,92.0,101.32,25.06,21.64,23.13,0.0456,1.7321,0.62,2023-08-31,8.006026,2023,8,3,243,0,10.630174,6.1932893,4.9343214,4.4948506,6.800633,24.23,78.5,0.16,9.69,4.517,7.252594788869222,2.992035998927032,5.834272452763149,2.3769631150642696,5.338776009423392,2.191340919775925,1,0.36726461106059355,5.035801
5.298,6.1812,0.6,25.29,26.21,24.48,83.8,6.25,77.1,101.25,25.81,22.37,23.83,5.4283,1.477,0.22,2023-09-01,5.035801,2023,9,4,244,0,8.006026,10.630174,6.1932893,2.9876618,1.5308359,24.62,83.38,0.62,9.79,2.2214,8.276496410369873,2.230773716748688,6.335868971688407,2.4173329744853755,5.42487553187779,2.2752698871985255,1,0.8571151232770337,3.4073508
6.0089,6.2561,0.68,25.46,26.52,24.55,82.6,4.03,86.2,101.19,26.12,22.29,23.87,6.7289,1.392,0.09,2023-09-02,3.4073508,2023,9,5,245,0,5.035801,8.006026,10.630174,5.9739165,3.4305642,25.29,83.8,0.22,6.25,5.298,7.890666961669922,2.798969889401523,6.628460271017892,2.038848141910049,5.6752301795142035,1.9886106400630432,1,0.9604865651124502,3.8944137
5.8942,6.2878,0.66,25.45,26.63,24.43,81.02,3.8,90.7,101.22,26.24,21.95,23.7,6.473,1.4702,0.35,2023-09-03,3.8944137,2023,9,6,246,0,3.4073508,5.035801,8.006026,5.625694,4.175476,25.46,82.6,0.09,4.03,6.0089,5.483059326807658,2.33173414368416,6.261808020727975,2.378637292663201,5.673572080475943,1.9906348539314556,1,0.9374025891408759,3.0539126
5.2296,6.3254,0.58,25.31,26.25,24.54,80.62,5.28,112.2,101.38,26.16,21.75,23.53,5.2327,1.6166,2.25,2023-09-04,3.0539126,2023,9,0,247,0,3.8944137,3.4073508,5.035801,4.9343214,4.3872175,25.45,81.02,0.35,3.8,5.8942,4.112521807352702,0.8358473746777998,6.014482293810163,2.5403154867659055,5.6534961972917825,2.0082449833561817,0,0.8267619439086855,2.389001
5.88,6.4066,0.65,24.93,26.11,23.52,82.37,7.08,129.3,101.47,26.06,21.74,23.34,5.5966,1.9459,0.33,2023-09-05,2.389001,2023,9,1,248,0,3.0539126,3.8944137,3.4073508,6.1932893,6.611728,25.31,80.62,2.25,5.28,5.2296,3.451892375946045,0.42201715320488953,5.745852470397949,2.76321997821402,5.5582601342882425,2.1023250343830173,1,0.9178035151250273,6.3250384
5.011,6.4296,0.55,23.99,25.09,23.24,81.33,6.35,133.8,101.53,25.56,20.61,22.3,2.7113,2.5678,0.02,2023-09-06,6.3250384,2023,9,2,249,0,2.389001,3.0539126,3.8944137,10.630174,6.966502,24.93,82.37,0.33,7.08,5.88,3.112442413965861,0.754411186463859,5.202382700783866,3.022500205988035,5.256636755807059,2.238092475434263,1,0.77936419061839,4.5427837
5.6323,6.5962,0.62,23.88,25.0,22.88,77.95,7.21,127.7,101.5,25.57,19.81,21.84,5.4161,1.9394,0.22,2023-09-07,4.5427837,2023,9,3,250,0,6.3250384,2.389001,3.0539126,8.006026,4.4948506,23.99,81.33,0.02,6.35,5.011,3.9226506551106772,2.10692363046258,4.587363379342215,1.9985304832873294,5.210817916052682,2.206741494199013,1,0.8538704102361966,6.025729
5.6669,6.6187,0.62,24.22,25.21,23.28,75.86,7.02,124.5,101.36,25.55,19.7,21.96,5.3933,2.0069,0.34,2023-09-08,6.025729,2023,9,4,251,0,4.5427837,6.3250384,2.389001,5.035801,2.9876618,23.88,77.95,0.22,7.21,5.6323,4.418941020965576,1.970939025870645,4.092614446367536,1.327029289251455,5.214241709027972,2.2055820911984063,1,0.8561953253660085,8.87858
4.3162,6.5642,0.47,24.4,25.3,23.71,79.58,8.78,117.4,101.15,25.58,20.66,22.53,2.0743,2.4732,2.99,2023-09-09,8.87858,2023,9,5,252,0,6.025729,4.5427837,6.3250384,3.4073508,5.9739165,24.22,75.86,0.34,7.02,5.6669,5.631183783213298,0.9543885490125079,4.234032767159598,1.4873566170587107,5.431246519088745,2.1173510203115287,0,0.6575363334450505,7.3812885
5.2373,6.5729,0.57,24.5,25.55,23.73,78.62,7.7,119.5,101.07,25.72,20.55,22.52,5.1862,1.9536,0.96,2023-09-10,7.3812885,2023,9,6,253,0,8.87858,6.025729,4.5427837,3.8944137,5.625694,24.4,79.58,2.99,8.78,4.3162,6.482364336649577,2.20367176792535,5.015636954988752,2.2317952134294448,5.638722487858364,2.308316896092297,1,0.7968020204171675,6.5837326
6.3919,6.5911,0.69,24.85,25.99,23.81,76.76,5.5,112.4,101.11,25.97,20.5,22.68,6.8628,1.5329,0.06,2023-09-11,6.5837326,2023,9,0,254,0,7.3812885,8.87858,6.025729,3.0539126,4.9343214,24.5,78.62,0.96,7.7,5.2373,7.428532600402832,1.4270121184248459,5.513761929103306,2.326933805831813,5.764122111456735,2.354773635158126,1,0.9697774271365932,6.346454
6.3478,6.5822,0.68,25.13,26.15,24.14,81.43,4.93,103.3,101.13,26.25,21.74,23.44,6.7387,1.6267,0.18,2023-09-12,6.346454,2023,9,1,255,0,6.5837326,7.3812885,8.87858,2.389001,6.1932893,24.85,76.76,0.06,5.5,6.3919,7.61453374226888,1.165068129375941,6.018021924155099,2.0737147562737688,5.881937197276524,2.351322573341778,1,0.9643888061742275,4.6826186
5.4192,6.5844,0.58,25.4,26.53,24.43,85.27,4.83,98.2,101.2,26.34,22.76,24.08,4.6642,2.0282,4.13,2023-09-13,4.6826186,2023,9,2,256,0,6.346454,6.5837326,7.3812885,6.3250384,10.630174,25.13,81.43,0.18,4.93,6.3478,6.770491758982341,0.5421068042876112,6.583372388567243,1.3230320848076607,5.892877544675555,2.3532382299216574,0,0.8230362675414616,4.238956
4.4911,6.5518,0.48,25.16,26.28,24.42,86.86,5.83,121.1,101.23,26.34,22.82,23.99,4.0409,1.7074,3.97,2023-09-14,4.238956,2023,9,3,257,0,4.6826186,6.346454,6.5837326,4.5427837,8.006026,25.4,85.27,4.13,4.83,5.4192,5.870935122172038,1.035928256499002,6.348740986415318,1.5090421125211753,5.4680521828787665,1.931252521061651,0,0.6854757471229281,7.7203736
4.1232,6.6086,0.44,25.25,26.04,24.38,86.33,6.84,99.5,101.12,26.26,22.82,24.03,1.2082,2.8294,5.02,2023-09-15,7.7203736,2023,9,4,258,0,4.238956,4.6826186,6.346454,6.025729,5.035801,25.16,86.86,3.97,5.83,4.4911,5.089342912038167,1.1110605840999743,6.305337020329067,1.572671424910691,5.198975733348301,1.809001148832117,0,0.6239142934963532,6.2167444
3.8167,6.5998,0.4,25.91,26.71,25.15,87.58,6.3,59.9,101.01,25.97,23.7,24.81,0.5093,2.6582,6.36,2023-09-16,6.2167444,2023,9,5,259,0,7.7203736,4.238956,4.6826186,8.87858,3.4073508,25.25,86.33,5.02,6.84,4.1232,5.547316074371338,1.8949521081171152,6.547429084777832,1.6509421832281348,5.3907309259687155,1.928697201188001,0,0.5783054031940361,3.8529322
5.7101,6.5414,0.6,26.34,27.44,25.39,89.22,2.66,76.3,101.05,26.72,24.42,25.38,5.2478,1.7695,3.68,2023-09-17,3.8529322,2023,9,6,260,0,6.2167444,7.7203736,4.238956,7.3812885,3.8944137,25.91,87.58,6.36,6.3,3.8167,6.058691342671712,1.7460821303453418,6.16716684613909,1.2920624523024518,5.5914019005639215,1.851051371679646,0,0.8729171125447152,5.8188334
3.7663,6.701,0.39,25.94,26.77,25.38,86.02,6.99,89.5,101.15,26.59,23.42,24.68,2.04,2.0736,6.29,2023-09-18,5.8188334,2023,9,0,261,0,3.8529322,6.2167444,7.7203736,6.5837326,3.0539126,26.34,89.22,3.68,2.66,5.7101,5.930016756057739,1.9495987644488995,5.66311594418117,1.421247783421831,5.5884389366422385,1.8540075173691117,0,0.5620504402328012,10.339306
5.5075,6.7814,0.57,25.48,26.4,24.42,80.46,8.14,110.6,101.28,26.41,21.89,23.68,5.0693,1.8096,1.21,2023-09-19,10.339306,2023,9,1,262,0,5.8188334,3.8529322,6.2167444,6.346454,2.389001,25.94,86.02,6.29,6.99,3.7663,5.296169996261597,1.2656163620054457,5.553844622203282,1.367040775625004,5.78593327317919,1.704488920071816,0,0.812147934054915,9.522665
5.8742,6.9535,0.61,24.78,25.72,23.88,74.9,8.37,113.1,101.23,25.93,20.03,22.41,5.4931,1.8929,0.46,2023-09-20,9.522665,2023,9,2,263,0,10.339306,5.8188334,3.8529322,4.6826186,6.3250384,25.48,80.46,1.21,8.14,5.5075,6.67035714785258,3.3259705961012784,6.124252012797764,2.280630772726713,6.353812200682504,1.8069931256881224,1,0.8447832027036745,8.295039
5.3378,6.9358,0.55,24.81,25.93,23.95,77.52,7.54,105.5,101.09,25.96,20.62,22.71,3.571,2.5373,3.24,2023-09-21,8.295039,2023,9,3,264,0,9.522665,10.339306,5.8188334,4.238956,4.5427837,24.78,74.9,0.46,8.37,5.8742,8.56026808420817,2.4090088974163733,6.8156872136252264,2.494393246825656,6.5822141000202725,1.9953478649849339,0,0.7696011995732287,9.792728
3.3828,6.775,0.35,24.93,25.64,24.3,81.85,8.88,95.8,101.05,25.82,21.64,23.28,1.1189,2.0794,9.45,2023-09-22,9.792728,2023,9,4,265,0,8.295039,9.522665,10.339306,7.7203736,6.025729,24.81,77.52,3.24,7.54,5.3378,9.385670026143393,1.0289957764643298,7.395127671105521,2.2557580272711895,6.850232345717294,1.9518667780199157,0,0.4993062730627306,13.61488
4.5763,6.768,0.47,25.23,26.06,24.52,82.7,10.23,84.8,101.03,25.86,22.09,23.66,2.9465,2.2656,7.98,2023-09-23,13.61488,2023,9,5,266,0,9.792728,8.295039,9.522665,6.2167444,8.87858,24.93,81.85,9.45,8.88,3.3828,9.203477541605631,0.798234775512383,7.691178355898176,2.4344694167427923,7.119303720338004,2.084596935467124,0,0.6761672576832152,12.396953
4.1014,6.7913,0.42,25.59,26.45,24.84,83.41,9.31,73.0,100.96,25.99,22.57,24.08,1.5223,2.3664,13.62,2023-09-24,12.396953,2023,9,6,267,0,13.61488,9.792728,8.295039,3.8529322,7.3812885,25.23,82.7,7.98,10.23,4.5763,10.567549069722494,2.743252782389492,8.748054810932704,3.17954960807169,7.4576108285358975,2.688825965545445,0,0.6039197208192835,9.247558
4.081,6.8755,0.41,25.79,26.58,24.95,88.14,8.08,58.3,100.86,25.97,23.7,24.74,2.4922,2.0938,19.15,2023-09-25,9.247558,2023,9,0,268,0,12.396953,13.61488,9.792728,5.8188334,6.5837326,25.59,83.41,13.62,9.31,4.1014,11.934853553771973,1.9525269742188012,9.968629155840192,2.568424685696493,7.815872550010681,2.9946305515430325,0,0.5935568322303834,6.4345756
3.3802,6.9142,0.34,25.87,27.32,24.55,89.26,4.74,50.1,100.89,26.15,23.97,24.92,0.5767,2.2942,23.38,2023-09-26,6.4345756,2023,9,1,269,0,9.247558,12.396953,13.61488,10.339306,6.346454,25.79,88.14,19.15,8.08,4.081,11.753129959106445,2.253720483113128,10.458446911403112,1.8797393911133087,8.006145766803197,2.994947753719579,0,0.48887796129704086,4.8777337
3.4145,6.93,0.34,24.38,25.36,23.7,87.46,6.73,171.5,101.09,25.6,22.17,23.28,0.7879,2.4734,23.18,2023-09-27,4.8777337,2023,9,2,270,0,6.4345756,9.247558,12.396953,9.522665,4.6826186,25.87,89.26,23.38,4.74,3.3802,9.359695275624594,2.982769890942197,9.900628294263567,2.4221111964837854,8.012440153530665,2.99128167262926,0,0.4927128427128427,3.4358792
4.0738,7.0027,0.41,23.92,24.68,23.28,86.76,7.2,159.2,101.18,25.33,21.6,22.76,1.3399,2.3998,17.93,2023-09-28,3.4358792,2023,9,3,271,0,4.8777337,6.4345756,9.247558,8.295039,4.238956,24.38,87.46,23.18,6.73,3.4145,6.853288968404134,2.214798182861665,9.237066677638463,3.0877216938499945,8.026376945631844,2.974984322537794,0,0.5817470404272638,5.2041926
3.4416,7.0692,0.34,23.39,24.16,22.8,80.1,7.85,157.5,101.24,25.13,19.78,21.59,1.2624,2.3945,1.12,2023-09-29,5.2041926,2023,9,4,272,0,3.4358792,4.8777337,6.4345756,9.792728,7.7203736,23.92,86.76,17.93,7.2,4.0738,4.916062831878662,1.4997155587112962,8.542900971003942,3.799066756870128,7.969014321054731,3.0601528044097823,0,0.4868443388219318,6.0972667
5.1098,7.2886,0.51,23.29,24.09,22.34,75.88,6.97,139.5,101.26,24.95,18.82,21.06,4.6303,2.0083,169.23,2023-09-30,6.0972667,2023,9,5,273,0,5.2041926,3.4358792,4.8777337,13.61488,6.2167444,23.39,80.1,1.12,7.85,3.4416,4.505935192108154,0.9409615715497593,7.887395858764648,3.940696751876618,7.789287107331412,3.1484935099351476,0,0.7010674203550751,6.775835
6.1519,7.5173,0.61,23.17,24.04,22.5,73.68,8.27,139.4,101.47,24.65,18.22,20.69,4.7546,2.844,312.61,2023-10-01,6.775835,2023,10,6,274,0,6.0972667,5.2041926,3.4358792,12.396953,3.8529322,23.29,75.88,169.23,6.97,5.1098,4.912446180979411,1.3544677101072762,6.813451153891427,3.041423382127272,7.780752982412066,3.153242177403898,0,0.8183656365982468,12.835059
4.9406,7.4966,0.49,23.62,24.74,22.33,72.67,8.76,118.4,101.64,24.8,18.44,21.03,3.4123,2.418,0.66,2023-10-02,12.835059,2023,10,0,275,0,6.775835,6.0972667,5.2041926,9.247558,5.8188334,23.17,73.68,312.61,8.27,6.1519,6.02576478322347,0.7882571583857054,6.010434355054583,1.8172145135847686,7.989531755447388,2.9642746552162884,1,0.6590454339300483,9.830408
4.9068,7.3378,0.48,23.97,24.89,23.3,72.76,8.4,119.3,101.63,24.94,18.79,21.38,1.5665,3.1073,0.63,2023-10-03,9.830408,2023,10,1,276,0,12.835059,6.775835,6.0972667,6.4345756,10.339306,23.62,72.67,0.66,8.76,4.9406,8.569386959075928,3.7097281960115893,6.522934573037284,3.0019869215626387,8.490690742220197,3.1559586464266727,1,0.6687017907274659,9.970833
2.0561,7.1765,0.2,24.12,24.95,23.5,78.68,8.48,127.4,101.5,25.15,20.21,22.16,0.5028,1.3656,2.62,2023-10-04,9.970833,2023,10,2,277,0,9.830408,12.835059,6.775835,4.8777337,9.522665,23.97,72.76,0.63,8.4,4.9068,9.813767433166504,3.029646339802357,7.008053507123675,3.2495062187332975,8.454340900693621,3.13589566434437,0,0.28650456350588727,9.826671
5.9114,7.4988,0.58,23.36,24.23,22.05,75.99,10.34,135.7,101.4,24.79,18.89,21.13,4.3658,2.1626,2.25,2023-10-05,9.826671,2023,10,3,278,0,9.970833,9.830408,12.835059,3.4358792,8.295039,24.12,78.68,2.62,8.48,2.0561,10.878766695658365,1.6956532511364373,7.7356390953063965,3.263175276534706,8.48635288647243,3.1498965259172156,0,0.788312796714141,8.377526
5.6148,7.8144,0.55,22.66,23.93,21.4,74.54,7.85,130.2,101.32,24.64,17.92,20.29,3.673,2.7226,0.03,2023-10-06,8.377526,2023,10,4,279,0,9.826671,9.970833,9.830408,5.2041926,9.792728,23.36,75.99,2.25,10.34,5.9114,9.875970522562662,0.08217441456267531,8.648609297616142,2.706158200412752,8.595755134310041,3.1692793702743085,1,0.718519656019656,6.24317
6.8578,7.5629,0.66,23.07,24.13,21.89,76.95,6.34,106.0,101.31,24.9,18.82,20.94,5.8015,2.3249,0.54,2023-10-07,6.24317,2023,10,5,280,0,8.377526,9.826671,9.970833,6.0972667,13.61488,22.66,74.54,0.03,7.85,5.6148,9.391676584879557,0.8812328347799847,9.101942675454277,2.262397513409817,8.494669267109462,3.150679222111163,1,0.9067685676129528,6.575789
6.157,7.3723,0.59,23.51,24.52,22.49,75.44,3.92,100.4,101.26,25.34,18.92,21.22,5.0218,3.2417,0.25,2023-10-08,6.575789,2023,10,6,281,0,6.24317,8.377526,9.826671,6.775835,12.396953,23.07,76.95,0.54,6.34,6.8578,8.14912223815918,1.8026358237513935,9.12278597695487,2.2305499515404894,7.968118565423148,2.828688895686642,1,0.8351532086323128,5.307172
5.4259,7.3711,0.52,23.9,25.67,22.73,78.25,4.78,167.4,101.23,25.48,19.87,21.89,4.422,2.0342,0.33,2023-10-09,5.307172,2023,10,0,282,0,6.575789,6.24317,8.377526,12.835059,9.247558,23.51,75.44,0.25,3.92,6.157,7.065495014190674,1.1483590116749163,9.094207968030657,2.2666207084356573,7.55232116154262,2.5407878409001654,1,0.7361045162865787,4.577586
6.9269,7.7681,0.66,23.19,24.56,22.2,74.99,6.14,148.7,101.35,25.12,18.48,20.83,6.0403,2.1684,0.35,2023-10-10,4.577586,2023,10,1,283,0,5.307172,6.575789,6.24317,9.830408,6.4345756,23.9,78.25,0.33,4.78,5.4259,6.042043526967366,0.6577888711003876,8.018795490264893,1.9611861939280089,7.2708650316510886,2.5567506448590316,1,0.8917109717949049,6.4876814
6.431,7.614,0.62,23.32,24.55,21.96,75.57,4.63,128.6,101.46,25.21,18.76,21.04,6.0684,1.8876,0.12,2023-10-11,6.4876814,2023,10,2,284,0,4.577586,5.307172,6.575789,9.970833,4.8777337,23.19,74.99,0.35,6.14,6.9269,5.4868489901224775,1.0111461427013195,7.268392358507429,2.148478338512316,7.138222932815552,2.649945081161642,1,0.844628316259522,5.4677753
5.1266,7.5727,0.49,24.3,25.95,22.94,75.74,4.21,136.1,101.39,25.52,19.74,22.02,5.3038,2.1446,3.45,2023-10-12,5.4677753,2023,10,3,285,0,6.4876814,4.577586,5.307172,9.826671,3.4358792,23.32,75.57,0.12,4.63,6.431,5.457479794820149,0.9638777399409654,6.77079929624285,1.7920606473101217,7.253219195774624,2.578266724380901,0,0.6769844309163178,6.4540586
4.6889,7.4117,0.45,24.64,25.72,23.55,79.34,4.64,118.5,101.38,25.71,20.83,22.74,1.4198,3.0271,0.08,2023-10-13,6.4540586,2023,10,4,286,0,5.4677753,6.4876814,4.577586,8.377526,5.2041926,24.3,75.74,3.45,4.21,5.1266,5.511014302571614,0.955781427964036,6.148099967411587,1.2188880664016375,7.398354632513864,2.397720008851417,1,0.6326348880823564,5.6955047
3.852,7.3195,0.37,24.89,25.87,24.1,85.72,6.45,111.3,101.41,25.73,22.35,23.62,1.4107,2.3297,2.05,2023-10-14,5.6955047,2023,10,5,287,0,6.4540586,5.4677753,6.4876814,6.24317,6.0972667,24.64,79.34,0.08,4.64,4.6889,6.136505126953125,0.5793809310764423,5.873318876538958,0.7647292757445441,7.4876307759966165,2.332109658416091,0,0.5262654552906619,6.312625
4.705,7.398,0.44,24.96,25.91,24.26,84.41,6.38,113.0,101.47,25.96,22.17,23.56,3.0283,2.2231,2.03,2023-10-15,6.312625,2023,10,6,288,0,5.6955047,6.4540586,5.4677753,6.575789,6.775835,24.89,85.72,2.05,6.45,3.852,5.872446219126384,0.5164009325955021,5.795081002371652,0.7484255959394017,7.45893348966326,2.352913662582503,0,0.6359826980264937,6.6202474
6.4039,7.5838,0.6,24.52,25.54,23.71,79.81,7.96,122.3,101.53,25.67,20.82,22.67,5.6892,1.9488,0.28,2023-10-16,6.6202474,2023,10,0,289,0,6.312625,5.6955047,6.4540586,5.307172,12.835059,24.96,84.41,2.03,6.38,4.705,6.154062747955322,0.4033701901698747,5.757486139025007,0.7082017603228864,7.425847053527832,2.3664759419533374,1,0.8444183654632242,6.629243
5.6942,7.7741,0.54,24.7,25.91,23.65,81.09,7.28,108.1,101.39,25.86,21.25,22.98,4.0042,2.5622,1.1,2023-10-17,6.629243,2023,10,1,290,0,6.6202474,6.312625,5.6955047,4.577586,9.830408,24.52,79.81,0.28,7.96,6.4039,6.209458986918132,0.47092427602669634,5.945068359375,0.7421323692711507,6.981931924819946,1.785266090735772,0,0.7324577764628704,5.440015
6.9998,7.7318,0.66,25.13,26.19,24.09,76.01,5.99,97.0,101.3,26.08,20.59,22.86,6.8808,1.9373,0.11,2023-10-18,5.440015,2023,10,2,291,0,6.629243,6.6202474,6.312625,6.4876814,9.970833,24.7,81.09,1.1,7.28,5.6942,6.520705064137776,0.180258803262844,6.238162176949637,0.4657113001474208,6.753277267728533,1.5862846507416926,1,0.9053260560283504,7.463157
7.3548,7.6051,0.69,25.27,26.28,24.38,79.45,5.69,80.9,101.06,26.18,21.46,23.36,7.0474,2.0378,0.15,2023-10-19,7.463157,2023,10,3,292,0,5.440015,6.629243,6.6202474,5.4677753,9.826671,25.13,76.01,0.11,5.99,6.9998,6.229835033416748,0.6840191403247746,6.088495526994977,0.5353037585397215,6.429647411618914,1.319019839549275,1,0.9670878752416141,6.230806
6.9977,7.5922,0.65,25.42,26.54,24.5,78.03,5.17,77.8,101.04,26.26,21.31,23.37,7.2494,1.9901,0.1,2023-10-20,6.230806,2023,10,4,293,0,7.463157,5.440015,6.629243,6.4540586,8.377526,25.27,79.45,0.15,5.69,7.3548,6.510804971059163,1.0167580274975307,6.373550074441092,0.6651953504666637,6.260825020926339,0.9505842318462253,1,0.9216959511077158,5.211547
7.2362,7.6114,0.67,25.65,26.85,24.41,81.59,3.14,63.7,100.97,26.68,22.27,23.96,7.2228,1.8826,0.09,2023-10-21,5.211547,2023,10,5,294,0,6.230806,7.463157,5.440015,5.6955047,6.24317,25.42,78.03,0.1,5.17,6.9977,6.377992630004883,1.0195705888435327,6.341656821114676,0.6660434351397415,6.107487848826817,0.7305551020229861,1,0.9507055206663689,2.812868
6.2196,7.5485,0.58,26.04,27.48,24.85,83.22,2.2,101.2,100.97,27.16,22.98,24.51,4.6802,2.3328,5.44,2023-10-22,2.812868,2023,10,6,295,0,5.211547,6.230806,7.463157,6.312625,6.575789,25.65,81.59,0.09,3.14,7.2362,6.301836649576823,1.1274844746343122,6.272519997188023,0.7624368468060658,6.033800499779837,0.7669381123536722,0,0.8239517784990396,5.787456
3.114,7.5,0.29,24.96,25.47,24.53,86.1,6.42,137.9,101.11,26.11,22.49,23.72,0.6271,2.1374,7.63,2023-10-23,5.787456,2023,10,0,296,0,2.812868,5.211547,6.230806,6.6202474,5.307172,26.04,83.22,5.44,2.2,6.2196,4.751740296681722,1.7547481893843395,5.772554738180978,1.5113837791989335,5.765020438602993,1.1339440593813785,0,0.41519999999999996,9.318207
4.6678,7.506,0.43,25.0,26.04,24.26,79.23,7.09,119.0,101.36,26.02,21.16,23.08,1.397,3.0696,0.78,2023-10-24,9.318207,2023,10,1,297,0,5.787456,2.812868,5.211547,6.629243,4.577586,24.96,86.1,7.63,6.42,3.114,4.603957017262776,1.577630316885744,5.653584548405239,1.4656197486893427,5.799326453890119,1.1262661268310168,1,0.6218758326671995,11.399479
5.6299,7.6294,0.52,24.79,25.83,23.76,76.75,7.15,111.3,101.46,26.06,20.44,22.62,2.1362,3.2998,0.55,2023-10-25,11.399479,2023,10,2,298,0,9.318207,5.787456,2.812868,5.440015,6.4876814,25.0,79.23,0.78,7.09,4.6678,5.972843647003174,3.256629273322984,6.037722246987479,2.0138214926411857,6.137942211968558,1.4080756288468612,1,0.7379217238577083,10.083568
4.9985,7.6519,0.46,25.06,26.06,24.23,75.76,7.27,100.5,101.46,26.26,20.5,22.78,1.8084,3.0113,0.1,2023-10-26,10.083568,2023,10,3,299,0,11.399479,9.318207,5.787456,7.463157,5.4677753,24.79,76.75,0.55,7.15,5.6299,8.835047245025635,2.8370376362663805,6.889074257441929,2.8181093159140045,6.488784892218454,1.9925434739942458,1,0.6532364510775102,8.537483
5.7418,7.752,0.53,25.32,26.39,24.45,77.08,5.97,103.5,101.36,26.48,21.03,23.17,5.3712,1.8516,0.86,2023-10-27,8.537483,2023,10,4,300,0,10.083568,11.399479,9.318207,6.230806,6.4540586,25.06,75.76,0.1,7.27,4.9985,10.267084439595541,1.052702347447629,7.2634186063494,3.06987300221433,6.818484340395246,2.1833489033402613,1,0.7406862745098038,6.281226
7.0361,7.7746,0.64,25.5,26.64,24.55,77.95,5.71,82.0,101.19,26.49,21.38,23.44,5.815,2.2939,0.69,2023-10-28,6.281226,2023,10,5,301,0,8.537483,10.083568,11.399479,5.211547,5.6955047,25.32,77.08,0.86,5.97,5.7418,10.006843249003092,1.432539637913508,7.592943940843854,3.064353233784036,6.967300380979266,2.227162142026207,1,0.9050111902863169,5.3622384
7.0178,7.8499,0.64,25.86,27.18,24.68,81.11,4.05,67.2,101.06,26.98,22.37,24.12,6.0017,2.2486,0.18,2023-10-29,5.3622384,2023,10,6,302,0,6.281226,8.537483,10.083568,2.812868,6.312625,25.5,77.95,0.69,5.71,7.0361,8.300758997599283,1.9121921747829709,7.74575526373727,2.9503575210145594,7.0091376304626465,2.2068424050624365,1,0.893998649664327,4.123997
7.5226,7.855,0.68,26.14,27.52,24.95,86.37,3.91,108.0,101.1,27.37,23.68,24.91,7.3704,1.8298,0.63,2023-10-30,4.123997,2023,10,0,303,0,5.3622384,6.281226,8.537483,5.787456,6.6202474,25.86,81.11,0.18,4.05,7.0178,6.726982593536377,1.6338815739725925,8.10995101928711,2.332629567257717,6.941252878734043,2.2442169195970383,1,0.9576830044557606,3.2440825
6.3487,7.8617,0.58,26.44,27.82,25.27,89.72,4.85,143.6,101.02,27.47,24.61,25.53,4.9565,2.3201,1.64,2023-10-31,3.2440825,2023,10,1,304,0,4.123997,5.3622384,6.281226,9.318207,6.629243,26.14,86.37,0.63,3.91,7.5226,5.255820592244466,1.0825445697980907,7.872314044407436,2.6691293734859816,6.762949296406338,2.367462438633527,0,0.807547985804597,4.092257
6.3413,7.8384,0.57,26.68,27.91,25.62,88.77,5.22,114.7,100.95,27.49,24.68,25.68,5.165,2.3506,3.19,2023-11-01,4.092257,2023,11,2,305,1,3.2440825,4.123997,5.3622384,11.399479,5.440015,26.44,89.72,1.64,4.85,6.3487,4.243439356486003,1.0641174668595896,7.004581996372768,3.076922683033035,6.521152121680124,2.548143267043895,0,0.8090043886507451,6.4979486
6.9223,7.8799,0.63,26.67,27.79,25.87,82.89,6.6,94.1,100.98,27.49,23.5,25.09,5.9465,2.1701,1.01,2023-11-02,6.4979486,2023,11,3,306,1,4.092257,3.2440825,4.123997,10.083568,7.463157,26.68,88.77,3.19,5.22,6.3413,3.8201122283935547,0.4991087940932814,5.960693155016218,2.527954035766232,6.424883706229074,2.6166680294136535,0,0.8784756151727814,6.806502
6.6377,7.8214,0.6,26.63,27.6,25.82,85.02,6.55,92.7,100.96,27.59,23.9,25.27,5.6129,2.387,0.9,2023-11-03,6.806502,2023,11,4,307,1,6.4979486,4.092257,3.2440825,8.537483,6.230806,26.67,82.89,1.01,6.6,6.9223,4.611429373423259,1.6879177266795302,5.448461873190744,1.8164614434781305,6.355940239770072,2.5998691143614048,1,0.8486588078860562,6.5564904
7.3488,7.6841,0.66,26.9,28.06,25.85,84.18,5.09,80.8,101.04,27.84,24.0,25.45,6.6718,2.215,0.55,2023-11-04,6.5564904,2023,11,5,308,1,6.806502,6.4979486,4.092257,6.281226,5.211547,26.63,85.02,0.9,6.55,6.6377,5.79890251159668,1.4860283948798936,5.201178823198591,1.3947144555046544,6.3970613820212225,2.602289321195763,1,0.9563644408583959,5.8981586
7.3284,7.8857,0.66,26.88,28.17,25.94,85.04,4.36,90.8,100.99,27.75,24.16,25.52,6.9936,2.257,193.65,2023-11-05,5.8981586,2023,11,6,309,1,6.5564904,6.806502,6.4979486,5.3622384,2.812868,26.9,84.18,0.55,5.09,7.3488,6.62031364440918,0.16387899520962732,5.240502289363316,1.4335802158488815,6.493128776550293,2.579886611284655,0,0.9293277705213234,7.2640915
6.93,7.8576,0.62,26.85,27.66,26.07,84.36,4.25,90.8,100.9,27.52,24.0,25.42,5.7636,2.5726,291.88,2023-11-06,7.2640915,2023,11,0,310,1,5.8981586,6.5564904,6.806502,4.123997,5.787456,26.88,85.04,193.65,4.36,7.3284,6.42038361231486,0.46921817113256736,5.317062309810093,1.4553107016289224,6.713506664548602,2.364079513830298,0,0.8819486866218693,8.324591
5.7026,7.9234,0.51,26.57,27.46,25.86,80.02,4.28,81.7,100.82,27.65,22.85,24.71,2.1653,3.3773,0.16,2023-11-07,8.324591,2023,11,1,311,1,7.2640915,5.8981586,6.5564904,3.2440825,9.318207,26.85,84.36,291.88,4.25,6.93,6.572913487752278,0.6831145496616687,5.765647206987653,1.509221370223807,6.818980625697544,2.352497242932567,1,0.7197162834136861,4.6510067
5.3282,7.7599,0.48,26.98,27.97,26.02,74.65,3.46,105.8,100.72,27.78,22.08,24.53,2.5049,3.0055,0.25,2023-11-08,4.6510067,2023,11,2,312,1,8.324591,7.2640915,5.8981586,4.092257,11.399479,26.57,80.02,0.16,4.28,5.7026,7.162280241648356,1.2164157889689446,6.491434097290039,1.301859662759885,6.748008046831403,2.285327334834983,1,0.6866325596979342,6.2001247
3.3842,7.8286,0.3,26.24,27.07,25.35,79.73,6.55,128.8,100.7,27.39,22.47,24.35,0.3209,2.4451,3.96,2023-11-09,6.2001247,2023,11,3,313,1,4.6510067,8.324591,7.2640915,6.4979486,10.083568,26.98,74.65,0.25,3.46,5.3282,6.746562957763672,1.8906828555160402,6.571255479540143,1.136922285017294,6.2659743172781805,1.9095632921438426,0,0.4322867434790384,7.114686
4.0891,7.7486,0.36,25.82,26.59,25.15,82.47,7.43,118.0,100.71,27.41,22.62,24.22,0.7486,2.6518,2.06,2023-11-10,7.114686,2023,11,4,314,1,6.2001247,4.6510067,8.324591,6.806502,8.537483,26.24,79.73,3.96,6.55,3.3842,6.391907374064128,1.844285839136067,6.528709207262311,1.1456618559914464,5.988585540226528,1.5629535561579635,0,0.5277211367214724,8.71168
4.344,7.8456,0.39,25.88,26.96,25.28,81.32,10.25,126.0,100.78,27.33,22.44,24.16,2.7262,2.6052,2.28,2023-11-11,8.71168,2023,11,5,315,1,7.114686,6.2001247,4.6510067,6.5564904,6.281226,25.82,82.47,2.06,7.43,4.0891,5.988605817159017,1.245385133751436,6.572735513959612,1.1638927767746736,5.886957168579102,1.4246007806569962,0,0.5536861425512389,6.6811056
3.5446,7.8394,0.32,25.44,26.15,24.94,85.27,9.24,127.7,100.64,26.72,22.8,24.12,0.3197,2.538,18.7,2023-11-12,6.6811056,2023,11,6,316,1,8.71168,7.114686,6.2001247,5.8981586,5.3622384,25.88,81.32,2.28,10.25,4.344,7.342163721720378,1.2711363240129914,6.8806197983878,1.4165186562986705,6.060561043875558,1.6120940296450326,0,0.4521519504043677,4.9208426
1.9541,7.7921,0.17,25.36,25.61,24.95,90.06,5.16,140.7,100.43,26.6,23.63,24.5,0.1481,1.4225,81.92,2023-11-13,4.9208426,2023,11,0,317,1,6.6811056,8.71168,7.114686,7.2640915,4.123997,25.44,85.27,18.7,9.24,3.5446,7.502490679423015,1.069393682448868,6.9924693788800925,1.3556151203469269,6.154765844345093,1.6066733553800592,0,0.2507796357849617,7.4775667
3.2407,7.8533,0.29,26.81,27.85,25.5,89.24,3.66,81.0,100.43,27.3,24.91,25.86,0.0955,2.3885,12.28,2023-11-14,7.4775667,2023,11,1,318,1,4.9208426,6.6811056,8.71168,8.324591,3.2440825,25.36,90.06,81.92,5.16,1.9541,6.771209557851155,1.897024454298712,6.657719544001988,1.552396572250014,6.211683375494821,1.5420112057328583,0,0.4126545528631276,7.090847
3.06,7.9555,0.27,27.63,28.77,26.36,85.49,11.26,356.7,100.29,27.19,24.95,26.29,0.2866,2.1144,5.23,2023-11-15,7.090847,2023,11,2,319,1,7.4775667,4.9208426,6.6811056,4.6510067,4.092257,26.81,89.24,12.28,3.66,3.2407,6.359838326772054,1.3082885754649036,6.53671612058367,1.4289161336669587,6.514075108936855,1.3134515893151022,0,0.38463955753880963,1.5763817
7.0646,8.1077,0.62,27.57,29.44,26.01,81.93,3.92,298.7,100.79,27.62,24.15,25.86,6.8882,1.9255,0.56,2023-11-16,1.5763817,2023,11,3,320,1,7.090847,7.4775667,4.9208426,6.2001247,6.4979486,27.63,85.49,5.23,11.26,3.06,6.496418793996175,1.37812124910484,6.885264737265451,1.1655875456487865,6.7282601084027975,1.11811056289763,1,0.8713445243410586,0.6358079
7.1741,8.0045,0.63,26.6,28.16,25.42,85.82,2.85,140.1,101.11,27.85,24.03,25.32,6.8566,1.9694,4.14,2023-11-17,0.6358079,2023,11,4,321,1,1.5763817,7.090847,7.4775667,7.114686,6.806502,27.57,81.93,0.56,3.92,7.0646,5.381598472595215,3.3010822683129195,6.224730014801025,2.3385268007688813,6.376719611031668,1.7761432686539356,0,0.8962583546754951,1.6013644
6.6178,7.8722,0.58,26.32,27.28,25.58,86.17,4.36,142.2,101.28,27.52,23.84,25.08,5.4859,2.2298,9.69,2023-11-18,1.6013644,2023,11,5,322,1,0.6358079,1.5763817,7.090847,8.71168,6.5564904,26.6,85.82,4.14,2.85,7.1741,3.101012190183004,3.487155893132059,5.299175994736808,3.0892211241125436,5.9359557543482095,2.3380537561836605,0,0.8406544549173038,3.1716638
7.733,8.3446,0.68,26.34,27.45,25.48,77.58,5.56,139.1,101.3,27.02,22.1,24.22,7.0987,2.1763,0.0,2023-11-19,3.1716638,2023,11,6,323,1,1.6013644,0.6358079,1.5763817,6.6811056,5.8981586,26.32,86.17,9.69,4.36,6.6178,1.2711846431096394,0.5503941904055001,4.283416560717991,2.9457872945621144,5.582018179552896,2.59754697348277,1,0.9267070920116003,3.514863
7.7474,8.3918,0.68,25.57,26.85,24.61,78.75,5.48,135.8,101.26,27.16,21.61,23.59,7.0714,2.4336,0.01,2023-11-20,3.514863,2023,11,0,324,1,3.1716638,1.6013644,0.6358079,4.9208426,7.2640915,26.34,77.58,0.0,5.56,7.733,1.802945335706075,1.2798896186364015,3.7820677246366228,2.7626558361258655,5.387268551758358,2.6731303095787764,1,0.923210753354465,3.1904364
7.6142,8.3446,0.67,25.67,27.21,24.53,81.58,4.97,157.7,101.15,27.3,22.29,23.98,6.9643,2.225,0.05,2023-11-21,3.1904364,2023,11,1,325,1,3.514863,3.1716638,1.6013644,7.4775667,8.324591,25.57,78.75,0.01,5.48,7.7474,2.7626303831736245,1.0202208043337773,3.58121349130358,2.716793351365826,5.119466517652784,2.6584049673031958,1,0.9124703401001846,5.1651626
8.0383,8.2478,0.71,26.41,27.93,24.94,79.27,2.51,130.8,100.92,27.95,22.5,24.45,8.035,1.8178,0.05,2023-11-22,5.1651626,2023,11,2,326,1,3.1904364,3.514863,3.1716638,7.090847,4.6510067,25.67,81.58,0.05,4.97,7.6142,3.292321046193441,0.19295543085750602,2.9687662976128713,2.106786416051655,4.752741209098271,2.5334384161088934,1,0.9745992870826159,3.7397428
7.3829,8.2339,0.65,26.77,28.14,25.5,80.08,2.59,107.0,100.77,28.14,23.04,24.91,6.8976,1.89,0.24,2023-11-23,3.7397428,2023,11,3,327,1,5.1651626,3.1904364,3.514863,1.5763817,6.2001247,26.41,79.27,0.05,2.51,8.0383,3.9568206469217935,1.0589526916584868,2.6936685187476024,1.5239285642617582,4.789466628006527,2.535575971285622,1,0.8966467894922212,2.8300562
6.2249,8.2733,0.55,26.13,27.56,25.09,78.4,3.54,180.4,100.64,27.75,22.05,24.09,4.2998,2.6117,0.72,2023-11-24,2.8300562,2023,11,4,328,1,3.7397428,5.1651626,3.1904364,0.6358079,7.114686,26.77,80.08,0.24,2.59,7.3829,4.03178056081136,1.0192401341055644,3.0027201005390713,1.478259161392321,4.613725057670048,2.515466986520011,1,0.7524083497516105,2.0947084
4.1201,8.208,0.36,25.55,27.12,24.42,79.58,3.6,160.3,100.69,27.62,21.75,23.65,2.2056,2.2476,0.79,2023-11-25,2.0947084,2023,11,5,329,1,2.8300562,3.7397428,5.1651626,1.6013644,8.71168,26.13,78.4,0.72,3.54,6.2249,3.9116538365681968,1.1770070126624383,3.3161841460636685,1.0685833505122484,4.307680070400238,2.4475080503614954,1,0.5019615009746589,2.1141205
4.9795,8.1163,0.44,26.26,27.4,25.11,81.67,4.62,117.9,100.93,27.73,22.88,24.57,2.9297,2.3926,0.92,2023-11-26,2.1141205,2023,11,6,330,1,2.0947084,2.8300562,3.7397428,3.1716638,6.6811056,25.55,79.58,0.79,3.6,4.1201,2.8881691296895347,0.8240554035861765,3.386661870138986,0.9458548636589762,3.8350392154284885,2.1527873999186578,1,0.6135184751672559,4.1307116
4.9138,7.9675,0.43,27.07,28.13,26.17,84.36,6.18,120.2,100.9,28.02,24.2,25.64,2.2634,2.6378,5.3,2023-11-27,4.1307116,2023,11,0,331,1,2.1141205,2.0947084,2.8300562,3.514863,4.9208426,26.26,81.67,0.92,4.62,4.9795,2.3462950388590493,0.41906186381253563,3.235584259033203,1.063109810939582,3.508825991834913,2.03091629675645,0,0.6167304675243176,3.7260647
5.3357,8.0054,0.47,27.39,28.34,26.45,84.5,5.44,113.3,100.9,28.05,24.55,25.97,2.7041,2.6616,10.19,2023-11-28,3.7260647,2023,11,1,332,1,4.1307116,2.1141205,2.0947084,3.1904364,7.4775667,27.07,84.36,5.3,6.18,4.9138,2.7798468271891275,1.1699234344341805,3.3235626220703125,1.1143226438741207,3.4523880566869463,1.9993927983749493,0,0.6665126039923053,4.009337
6.9569,8.0395,0.61,27.42,28.3,26.64,85.2,4.32,100.7,100.85,28.34,24.73,26.08,4.7016,2.8378,3.88,2023-11-29,4.009337,2023,11,2,333,1,3.7260647,4.1307116,2.1141205,5.1651626,7.090847,27.39,84.5,10.19,5.44,5.3357,3.32363224029541,1.0668288478509704,3.4000809533255443,1.1220212156516767,3.1844236254692078,1.6369765007055683,0,0.8653398843211643,4.424798
7.3603,8.0201,0.64,27.72,28.68,26.95,82.32,4.43,89.8,100.87,28.42,24.44,26.08,6.1397,2.28,0.43,2023-11-30,4.424798,2023,11,3,334,1,4.009337,3.7260647,4.1307116,3.7397428,1.5763817,27.42,85.2,3.88,4.32,6.9569,3.955371061960856,0.20765117559744167,3.2349630083356584,0.8773465561475826,2.9643157635416304,1.227194126921183,1,0.9177316991059962,3.1819026
7.5972,7.963,0.66,28.03,29.06,27.04,77.6,4.29,87.3,100.92,28.73,23.74,25.88,6.977,2.3004,0.83,2023-12-01,3.1819026,2023,12,4,335,1,4.424798,4.009337,3.7260647,2.8300562,0.6358079,27.72,82.32,0.43,4.43,7.3603,4.053399880727132,0.3514444807336592,3.3328280448913574,0.9757291001881436,3.1677740727152144,1.2154512914141222,1,0.9540625392440035,5.1067133
7.5362,8.1881,0.66,27.72,28.7,26.75,82.38,4.7,95.5,100.97,28.84,24.46,26.09,6.5942,2.4108,1.87,2023-12-02,5.1067133,2023,12,5,336,1,3.1819026,4.424798,4.009337,2.0947084,1.6013644,28.03,77.6,0.83,4.29,7.5972,3.8720125357309976,0.6327248356682033,3.383091824395316,0.9543407381677401,3.349637985229492,0.9739486623684954,0,0.9203844603754229,3.0102854
7.7347,8.298,0.67,27.89,29.07,26.92,78.79,4.51,105.6,100.97,29.05,23.85,25.87,7.0092,2.3342,0.17,2023-12-03,3.0102854,2023,12,6,337,1,5.1067133,3.1819026,4.424798,2.1141205,3.1716638,27.72,82.38,1.87,4.7,7.5362,4.237804651260376,0.975934882708923,3.813378231866019,0.9556421885824536,3.6000200510025024,0.9399126179113665,1,0.932116172571704,3.4781208
7.855,8.166,0.68,27.73,28.86,26.76,82.39,5.21,95.8,100.93,29.12,24.46,26.1,7.0476,2.5224,1.15,2023-12-04,3.4781208,2023,12,0,338,1,3.0102854,5.1067133,3.1819026,4.1307116,3.514863,27.89,78.79,0.17,4.51,7.7347,3.7663004398345947,1.1639987493481785,3.941401788166591,0.7213717229255888,3.5884930235998973,0.9465362824542132,0,0.9619152583884398,2.6334774
7.553,8.2286,0.66,28.0,28.95,27.2,81.79,5.44,89.1,100.93,29.11,24.61,26.31,6.9526,2.3503,3.44,2023-12-05,2.6334774,2023,12,1,339,1,3.4781208,3.0102854,5.1067133,3.7260647,3.1904364,27.73,82.39,1.15,5.21,7.855,3.865039825439453,1.1004691046360604,3.8481745379311696,0.7348712831690379,3.5858685800007413,0.9468070375573423,0,0.9178961184162555,3.9606504
6.0679,8.1653,0.53,27.65,28.27,27.1,80.16,4.6,95.0,100.84,28.67,23.93,25.79,2.8282,3.3401,0.52,2023-12-06,3.9606504,2023,12,2,340,1,2.6334774,3.4781208,3.0102854,4.009337,5.1651626,28.0,81.79,3.44,5.44,7.553,3.040627876917521,0.42313839283704946,3.6920906475612094,0.8689320793420829,3.5460858004433766,0.9759528368428749,1,0.7431325242183385,3.1310775
6.9742,8.2937,0.61,27.38,28.41,26.71,80.56,4.03,117.6,100.76,29.01,23.75,25.57,5.0136,2.5853,207.79,2023-12-07,3.1310775,2023,12,3,341,1,3.9606504,2.6334774,3.4781208,4.424798,3.7397428,27.65,80.16,0.52,4.6,6.0679,3.3574162324269614,0.6717694802360485,3.6851354326520647,0.866159942393695,3.4600492204938615,0.8695318542845848,0,0.8409033362672872,7.982919
6.7896,8.2759,0.59,27.11,28.0,26.47,83.19,5.64,135.1,100.78,28.4,24.02,25.56,5.8817,2.3861,287.13,2023-12-08,7.982919,2023,12,4,342,1,3.1310775,3.9606504,2.6334774,3.1819026,2.8300562,27.38,80.56,207.79,4.03,6.9742,3.2417351404825845,0.6704706330691512,3.5003182206835066,0.8187567702225481,3.416573132787432,0.8696880480021424,0,0.8204062398047343,5.1456866
5.9098,8.2762,0.51,26.8,27.56,26.18,83.37,7.22,137.5,100.62,28.14,23.76,25.28,4.1657,3.3295,4.01,2023-12-09,5.1456866,2023,12,5,343,1,7.982919,3.1310775,3.9606504,5.1067133,2.0947084,27.11,83.19,287.13,5.64,6.7896,5.024882396062215,2.5950981055686366,4.186177730560303,1.8583898150796727,3.7846347774778093,1.4791782568058822,0,0.7140716754065876,5.0064273
6.1493,8.4586,0.53,25.98,26.95,24.35,79.1,8.1,153.3,100.46,27.82,22.08,24.03,4.4755,2.6026,1.53,2023-12-10,5.0064273,2023,12,6,344,1,5.1456866,7.982919,3.1310775,3.0102854,2.1141205,26.8,83.37,4.01,7.22,5.9098,5.419894456863403,2.437516029164506,4.191745349339077,1.8616628246451092,4.002561790602548,1.4351442880055343,0,0.7269879176223015,5.2977495
8.0522,8.6628,0.7,25.11,26.4,23.76,74.14,6.46,177.4,100.42,27.4,20.18,22.65,7.9843,2.2706,0.52,2023-12-11,5.2977495,2023,12,0,345,1,5.0064273,5.1456866,7.982919,3.4781208,4.1307116,25.98,79.1,1.53,8.1,6.1493,6.045011043548584,1.6797215111218404,4.476908479418073,1.80246885118333,4.209155133792332,1.3479132787115693,1,0.9295147065613888,3.64534
7.8108,8.6002,0.68,25.53,27.17,23.86,74.64,4.14,199.4,100.45,27.69,20.69,23.11,7.8922,2.0081,1.1,2023-12-12,3.64534,2023,12,1,346,1,5.2977495,5.0064273,5.1456866,2.6334774,3.7260647,25.11,74.14,0.52,6.46,8.0522,5.149954477945964,0.14570800090844122,4.736855438777378,1.7652459695034373,4.292514988354275,1.378430348018513,0,0.9082114369433271,4.287372
7.5346,8.4926,0.65,26.07,27.34,24.95,75.55,4.51,171.7,100.55,27.8,21.4,23.74,6.8333,2.3146,0.17,2023-12-13,4.287372,2023,12,2,347,1,3.64534,5.2977495,5.0064273,3.9606504,4.009337,25.53,74.64,1.1,4.14,7.8108,4.649838924407959,0.8820321870340517,4.881407226834979,1.5977849522935241,4.286748937198094,1.3811482684788419,1,0.8871959117349223,2.7849226
7.5247,8.3381,0.65,25.92,27.08,24.82,80.23,4.62,135.3,100.61,27.87,22.26,24.09,6.8196,2.4473,4.89,2023-12-14,2.7849226,2023,12,3,348,1,4.287372,3.64534,5.2977495,3.1310775,4.424798,26.07,75.55,0.17,4.51,7.5346,4.410153865814209,0.8330191188677838,4.928081750869751,1.570951707752762,4.306608591760908,1.3788495290330807,0,0.9024477998584809,4.083528
7.6469,8.3695,0.66,26.7,27.87,25.63,80.33,5.93,108.0,100.59,28.11,23.04,24.87,7.4002,2.1862,2.55,2023-12-15,4.083528,2023,12,4,349,1,2.7849226,4.287372,3.64534,7.982919,3.1819026,25.92,80.23,4.89,4.62,7.5247,3.572544892628988,0.7538653569436369,4.878631046840122,1.640839468761789,4.189474633761814,1.4364864381219802,0,0.9136627038652249,4.725216
5.2025,8.2214,0.45,27.3,28.32,26.37,82.67,6.85,123.1,100.62,28.39,24.09,25.7,1.6747,3.2938,2.69,2023-12-16,4.725216,2023,12,5,350,1,4.083528,2.7849226,4.287372,5.1456866,5.1067133,26.7,80.33,2.55,5.93,7.6469,3.7186075846354165,0.8149931530102854,4.321575164794922,0.9108173924042948,4.253876447677612,1.4077633594513763,0,0.6327997664631329,3.7286937
7.3378,8.2162,0.63,27.85,28.71,27.12,88.47,6.07,105.8,100.53,28.6,25.76,26.81,6.389,2.3158,8.15,2023-12-17,3.7286937,2023,12,6,351,1,4.725216,4.083528,2.7849226,5.0064273,3.0102854,27.3,82.67,2.69,6.85,5.2025,3.864555517832438,0.9885070859235491,4.26150791985648,0.8598487820469294,4.226626634597778,1.393606396831847,0,0.8930892626761763,4.049895
3.1325,8.1698,0.27,27.69,28.07,27.31,87.82,7.63,95.0,100.59,27.93,25.51,26.6,0.8947,2.0414,34.14,2023-12-18,4.049895,2023,12,0,352,1,3.7286937,4.725216,4.083528,5.2977495,3.4781208,27.85,88.47,8.15,6.07,7.3378,4.179145892461141,0.5050952364704607,4.078974553516933,0.8095056785538484,4.277941516467503,1.3581489198799588,0,0.38342431883277434,8.615501
6.3504,8.1096,0.55,27.6,28.01,27.14,86.56,8.2,101.1,100.67,27.69,25.18,26.39,4.9486,2.3486,19.93,2023-12-19,8.615501,2023,12,1,353,1,4.049895,3.7286937,4.725216,3.64534,2.6334774,27.69,87.82,34.14,7.63,3.1325,4.167934815088908,0.5086395580734387,3.9007095949990407,0.6089309084754051,4.31878251688821,1.34073259701573,0,0.7830719147676827,6.902489
4.9202,8.1617,0.42,27.71,28.52,26.94,84.69,7.22,104.0,100.68,28.26,24.91,26.31,0.9062,3.2441,1.65,2023-12-20,6.902489,2023,12,2,354,1,8.615501,4.049895,3.7286937,4.287372,3.9606504,27.6,86.56,19.93,8.2,6.3504,5.464696645736694,2.733399074784984,4.6107326575687955,1.8645777008491948,4.746069942201887,1.674097393229805,0,0.6028400945881374,5.267438
7.0798,8.2042,0.61,27.66,28.37,27.15,88.46,6.57,105.4,100.71,27.97,25.6,26.63,5.8022,2.4139,12.19,2023-12-21,5.267438,2023,12,3,355,1,6.902489,8.615501,4.049895,2.7849226,3.1310775,27.71,84.69,1.65,7.22,4.9202,6.522628466288249,2.3063849456226446,4.9843208108629495,2.0424866053151187,4.956201280866351,1.7508001405388178,0,0.862948246020331,9.983272
5.9635,8.2166,0.51,27.32,27.99,26.24,83.32,8.39,112.3,100.81,27.55,24.24,25.78,3.6562,3.0067,7.06,2023-12-22,9.983272,2023,12,4,356,1,5.267438,6.902489,8.615501,4.083528,7.982919,27.66,88.46,12.19,6.57,7.0798,6.928476174672444,1.6741830069357209,5.338965858731951,1.7978181333009007,5.108798452786037,1.6707599307977423,0,0.7257868217997712,7.4529324
7.7342,8.3873,0.67,26.69,27.78,25.67,75.16,6.74,121.2,100.85,27.83,21.93,24.31,6.6818,2.4518,0.23,2023-12-23,7.4529324,2023,12,5,357,1,9.983272,5.267438,6.902489,4.725216,5.1456866,27.32,83.32,7.06,8.39,5.9635,7.38439957300822,2.394566767246279,6.1817863668714255,2.3949226527267844,5.251680765833173,1.9904156314363242,1,0.9221322714103467,8.479031
6.6569,8.395,0.57,27.05,28.04,25.91,75.92,7.29,105.2,100.86,27.85,22.45,24.75,4.7258,2.7907,1.35,2023-12-24,8.479031,2023,12,6,358,1,7.4529324,9.983272,5.267438,3.7286937,5.0064273,26.69,75.16,0.23,6.74,7.7342,7.567880630493164,2.360017291363971,6.571460144860404,2.3397016242220774,5.416484032358442,2.074698109578508,0,0.7929600952948184,5.4113374
7.9978,8.5054,0.69,27.06,28.31,26.11,76.07,6.8,118.4,100.98,28.01,22.48,24.77,8.1254,2.1638,0.73,2023-12-25,5.4113374,2023,12,0,359,1,8.479031,7.4529324,9.983272,4.049895,5.2977495,27.05,75.92,1.35,7.29,6.6569,8.638411521911621,1.2726766577534734,7.250079699925014,2.048538291460123,5.664527126720974,2.224107927041088,1,0.9403202671244151,8.748571
7.1525,8.3844,0.62,27.22,28.21,26.28,79.77,7.56,113.5,101.11,28.04,23.42,25.32,5.9249,2.3657,4.68,2023-12-26,8.748571,2023,12,1,360,1,5.4113374,8.479031,7.4529324,8.615501,3.64534,27.06,76.07,0.73,6.8,7.9978,7.1144334475199384,1.5616086506835398,7.444571495056152,1.73464959883799,5.672640545027597,2.2228738601473035,0,0.853072372501312,6.5079393
6.7714,8.2531,0.58,27.31,28.44,26.49,81.27,7.26,123.4,101.18,28.16,23.83,25.57,5.1547,2.5903,1.94,2023-12-27,6.5079393,2023,12,2,361,1,8.748571,5.4113374,8.479031,6.902489,4.287372,27.22,79.77,4.68,7.56,7.1525,7.546313126881917,1.8538484708087817,7.463581493922642,1.7502792450642695,6.037157075745719,2.2824813980207503,0,0.8204674607117326,5.2181334
7.3337,8.4264,0.63,27.06,28.08,26.3,81.98,6.88,126.9,101.11,28.23,23.73,25.39,6.7272,2.1571,0.21,2023-12-28,5.2181334,2023,12,3,362,1,6.5079393,8.748571,5.4113374,5.267438,2.7849226,27.31,81.27,1.94,7.26,6.7714,6.889282703399658,1.7009849493190352,7.407217230115618,1.777500747898847,6.195769020489284,2.228039106039405,1,0.8703242191208583,3.6449847
7.3423,8.3741,0.63,27.3,28.32,26.24,83.63,6.14,114.6,101.05,28.38,24.29,25.79,6.6766,2.2762,0.26,2023-12-29,3.6449847,2023,12,4,363,1,5.2181334,6.5079393,8.748571,9.983272,4.083528,27.06,81.98,0.21,6.88,7.3337,6.824881394704183,1.7864314213982677,7.400173732212612,1.7874627521818207,6.369569795472281,2.0273715728484594,1,0.8767867591741202,4.7061663
7.4983,8.2788,0.65,27.47,28.54,26.65,82.02,5.71,102.4,101.13,28.38,24.13,25.8,5.5435,2.79,0.2,2023-12-30,4.7061663,2023,12,5,364,1,3.6449847,5.2181334,6.5079393,7.4529324,4.725216,27.3,83.63,0.26,6.14,7.3423,5.123685836791992,1.4338122428577604,6.494704178401402,1.8645849701479402,6.338245272636414,2.0683828910040387,1,0.9057230516499976,4.687472
4.2984,8.2104,0.37,27.55,28.32,26.84,84.79,6.55,106.8,101.18,28.18,24.77,26.16,1.8864,2.3894,2.16,2023-12-31,4.687472,2023,12,6,365,1,4.7061663,3.6449847,5.2181334,8.479031,3.7286937,27.47,82.02,0.2,5.71,7.4983,4.523094813028972,0.8023936675324472,6.102309022630964,1.9175901357711604,6.336884583745684,2.069531597494712,0,0.5235311312481731,2.7853274
6.4466,8.1636,0.56,27.31,28.08,26.31,82.14,6.28,105.9,101.14,28.24,24.0,25.66,5.2464,1.9975,3.65,2024-01-01,2.7853274,2024,1,0,1,1,4.687472,4.7061663,3.6449847,5.4113374,4.049895,27.55,84.79,2.16,6.55,4.2984,4.346207618713379,0.607348773907477,5.560657773699079,1.6513715371817608,6.405368736812046,1.9909552224072515,0,0.7896761232789455,2.9567175
7.2658,8.3042,0.63,27.05,28.03,26.06,81.34,5.53,118.4,101.07,28.43,23.6,25.32,6.2878,2.4005,2.38,2024-01-02,2.9567175,2024,1,1,2,1,2.7853274,4.687472,4.7061663,8.748571,8.615501,27.31,82.14,3.65,6.28,6.4466,4.05965518951416,1.1036397919967638,5.185513496398926,1.9603229764305257,6.315042495727539,2.1298781666232802,0,0.8749548421280797,1.5780941
7.5898,8.3035,0.66,27.4,28.53,26.36,82.16,4.79,141.8,100.94,28.65,24.09,25.75,6.6202,2.4533,1.03,2024-01-03,1.5780941,2024,1,2,3,1,2.9567175,2.7853274,4.687472,6.5079393,6.902489,27.05,81.34,2.38,5.53,7.2658,3.4765055974324546,1.0522229405816241,4.358105795724051,1.325212092935697,5.910843644823347,2.1956585616962645,0,0.9140482928885411,2.2254553
7.1966,8.1043,0.62,27.95,28.85,27.06,80.38,4.2,77.9,100.77,28.88,24.25,26.1,6.2926,2.2898,0.76,2024-01-04,2.2254553,2024,1,3,4,1,1.5780941,2.9567175,2.7853274,5.2181334,5.267438,27.4,82.16,1.03,4.79,7.5898,2.4400463501612344,0.7513753169939417,3.653842193739755,1.3020427942333477,5.530529711927686,2.456331389783881,1,0.8879977296003356,4.011383
5.5572,8.053,0.48,27.54,28.0,26.91,83.97,4.23,49.6,100.78,28.62,24.61,26.07,2.4792,2.9885,2.18,2024-01-05,4.011383,2024,1,4,5,1,2.2254553,1.5780941,2.9567175,3.6449847,9.983272,27.95,80.38,0.76,4.2,7.1966,2.2534223000208535,0.6897370600811369,3.226316741534642,1.1892384518860646,5.313245236873627,2.611066017792211,0,0.6900782317148888,3.0503032
4.6906,7.9908,0.41,27.31,28.11,26.58,82.55,3.14,71.9,100.85,28.64,24.08,25.69,0.5498,3.2777,5.82,2024-01-06,3.0503032,2024,1,5,6,1,4.011383,2.2254553,1.5780941,4.7061663,7.4529324,27.54,83.97,2.18,4.23,5.5572,2.6049774885177612,1.2602585386283616,3.278659360749381,1.2184413927428233,4.886681769575391,2.2526559396669277,0,0.5870000500575662,2.7344704
5.0494,8.0371,0.44,27.61,28.47,26.89,81.13,3.27,76.8,100.88,28.43,24.08,25.85,1.6644,2.983,21.2,2024-01-07,2.7344704,2024,1,6,7,1,3.0503032,4.011383,2.2254553,4.687472,8.479031,27.31,82.55,5.82,3.14,4.6906,3.0957138538360596,0.8938294559726041,3.042107496942793,1.0432536950614908,4.572208259786878,2.172734859904648,0,0.6282614375832078,3.401432
6.4097,8.0885,0.55,27.59,28.97,26.18,81.42,3.89,66.1,100.85,28.7,24.1,25.84,3.8237,2.9935,16.21,2024-01-08,3.401432,2024,1,0,8,1,2.7344704,3.0503032,4.011383,2.7853274,5.4113374,27.61,81.13,21.2,3.27,5.0494,3.265385548273722,0.6650727852466838,2.763107282774789,0.7497553480422048,4.1618825282369345,1.9039832101077796,0,0.792446065401496,6.709769
5.5507,8.0333,0.48,28.11,28.71,27.5,79.81,3.75,56.4,100.81,28.52,24.3,26.21,2.8982,2.9868,8.0,2024-01-09,6.709769,2024,1,1,9,1,3.401432,2.7344704,3.0503032,2.9567175,8.748571,27.59,81.42,16.21,3.89,6.4097,3.062068541844686,0.33363645539948605,2.8511222260338918,0.7879865520227851,4.018317861216409,1.8781245346517268,0,0.6909613732837065,3.575522
5.628,8.0191,0.49,27.11,27.67,26.53,84.4,2.8,79.4,100.81,28.32,24.26,25.68,2.8598,2.5697,5.14,2024-01-10,3.575522,2024,1,2,10,1,6.709769,3.401432,2.7344704,1.5780941,6.5079393,28.11,79.81,8.0,3.75,5.5507,4.281890392303467,2.128885750267196,3.3872724090303694,1.66289609384603,3.8726891023772105,1.5298887387314886,0,0.7018243942587074,6.7080917
5.0453,7.8811,0.44,27.1,27.69,26.3,84.36,3.7,79.4,100.82,28.31,24.26,25.68,1.3248,3.1954,7.71,2024-01-11,6.7080917,2024,1,3,11,1,3.575522,6.709769,3.401432,2.2254553,5.2181334,27.11,84.4,5.14,2.8,5.628,4.562240918477376,1.8618495470134295,3.672619240624564,1.459662782829406,3.6632307171821594,1.328875154371285,0,0.6401771326337694,3.7370143
6.701,7.9361,0.58,27.59,28.52,26.48,84.9,4.71,98.4,100.82,28.52,24.84,26.22,4.1042,3.0766,13.33,2024-01-12,3.7370143,2024,1,4,12,1,6.7080917,3.575522,6.709769,4.011383,3.6449847,27.1,84.36,7.71,3.7,5.0453,5.664460817972819,1.8090743244510719,4.3129958765847345,1.6848801509542037,3.769656309059688,1.5102650228476329,0,0.8443694005871901,3.3807907
6.2081,8.1206,0.54,27.59,28.19,26.82,86.06,4.36,95.0,100.72,28.42,25.07,26.33,3.7584,2.7458,14.5,2024-01-13,3.3807907,2024,1,5,13,1,3.7370143,6.7080917,3.575522,3.0503032,4.7061663,27.59,84.9,13.33,4.71,6.701,4.673542658487956,1.7638204006382994,4.273800339017596,1.6962191877831363,3.7762298498834883,1.5098808726956412,0,0.7644878457256853,5.2331333
5.9477,7.9867,0.52,27.7,28.31,26.95,87.79,6.51,90.7,100.54,28.04,25.51,26.6,4.8701,2.8193,21.07,2024-01-14,5.2331333,2024,1,6,14,1,3.3807907,3.7370143,6.7080917,2.7344704,4.687472,27.59,86.06,14.5,4.36,6.2081,4.608632246653239,1.8268884531800276,4.3210128375462125,1.6607164646724482,3.6815601672445024,1.4884876355535874,0,0.7447005646887952,4.9091253
4.7897,7.9841,0.42,28.11,28.61,27.59,87.06,7.23,90.4,100.47,28.18,25.77,26.94,1.0051,2.9719,33.74,2024-01-15,4.9091253,2024,1,0,15,1,5.2331333,3.3807907,3.7370143,3.401432,2.7853274,27.7,87.79,21.07,6.51,5.9477,4.116979440053304,0.9828903379680246,4.677964687347412,1.5259324718829053,3.7205359850611006,1.5235836808568195,0,0.5999048108114878,3.0337048
2.4101,8.0227,0.21,28.29,28.88,27.78,86.67,4.81,92.7,100.32,28.47,25.86,27.08,0.1476,1.7998,33.57,2024-01-16,3.0337048,2024,1,1,16,1,4.9091253,5.2331333,3.3807907,6.709769,2.9567175,28.11,87.06,33.74,7.23,4.7897,4.507683118184407,0.9892725448664058,4.89334944316319,1.418331469046837,3.8722358345985413,1.529025426057345,0,0.300410086379897,3.1308076
4.4894,8.0734,0.39,28.82,30.11,27.84,84.32,2.31,339.9,100.24,29.07,25.92,27.37,0.6014,3.0274,12.88,2024-01-17,3.1308076,2024,1,2,17,1,3.0337048,4.9091253,5.2331333,3.575522,1.5780941,28.29,86.67,33.57,4.81,2.4101,4.3919878005981445,1.1874110124788402,4.368197441101074,1.3101139732368376,3.8777349250657216,1.5256141503744092,0,0.5560730299502069,5.456471
5.395,7.9793,0.47,28.85,29.93,28.0,86.33,5.43,356.5,100.25,28.62,26.34,27.59,4.2338,2.3342,8.12,2024-01-18,5.456471,2024,1,3,18,1,3.1308076,3.0337048,4.9091253,6.7080917,2.2254553,28.82,84.32,12.88,2.31,4.4894,3.6912125746409097,1.0558602410177775,4.304666825703213,1.3646084815413124,3.9886430331638882,1.3965568927006187,0,0.6761244720714848,2.252378
4.301,8.0107,0.37,28.44,29.22,27.81,86.34,4.29,345.0,100.35,28.41,25.95,27.2,3.2525,2.1658,21.87,2024-01-19,2.252378,2024,1,4,19,1,5.456471,3.1308076,3.0337048,3.7370143,4.011383,28.85,86.33,8.12,5.43,5.395,3.8736611207326255,1.3716131006449488,4.125863858631679,1.0407806220855367,4.2194298676082065,1.3489265513115183,0,0.5369068870385859,2.9589486
4.41,7.9728,0.38,27.92,28.35,27.64,88.66,6.56,4.8,100.5,28.15,25.89,26.91,1.3464,2.8274,13.54,2024-01-20,2.9589486,2024,1,5,20,1,2.252378,5.456471,3.1308076,3.3807907,3.0503032,28.44,86.34,21.87,4.29,4.301,3.6132188638051352,1.6556247757795979,3.9137729576655795,1.2611643624922066,4.093786648341587,1.4480713830943068,0,0.5531306441902468,6.5595317
4.8434,8.0299,0.42,28.48,29.27,27.76,84.51,4.68,335.2,100.57,28.44,25.63,27.05,2.1593,2.6273,9.12,2024-01-21,6.5595317,2024,1,6,21,1,2.9589486,2.252378,5.456471,5.2331333,2.7344704,27.92,88.66,13.54,6.56,4.41,3.5559325218200684,1.6834028918999537,3.8535098007747104,1.300346826401451,4.087261319160461,1.4533315330028918,0,0.6031706496967584,4.06272
5.6942,8.0426,0.5,28.79,29.81,27.84,83.43,3.69,311.7,100.53,28.7,25.71,27.25,3.942,2.736,10.8,2024-01-22,4.06272,2024,1,0,22,1,6.5595317,2.9589486,2.252378,4.9091253,3.401432,28.48,84.51,9.12,4.68,4.8434,3.9236194292704263,2.3099427680476254,4.042995282581875,1.597564364529574,4.360479984964643,1.5366107147482502,0,0.7080048740457067,2.667388
4.3207,7.9279,0.38,28.67,29.42,27.86,84.31,2.78,319.7,100.59,28.69,25.77,27.22,0.1092,3.222,30.43,2024-01-23,2.667388,2024,1,1,23,1,4.06272,6.5595317,2.9589486,3.0337048,6.709769,28.79,83.43,10.8,3.69,5.6942,4.527066707611084,1.844658002268862,3.9220802102770125,1.5524784492160126,4.407714826720102,1.5148722890533532,0,0.5449993062475561,3.882093
4.7918,7.9838,0.42,28.92,30.16,27.92,82.0,2.95,313.3,100.71,28.9,25.54,27.23,3.241,2.6436,11.81,2024-01-24,3.882093,2024,1,2,24,1,2.667388,4.06272,6.5595317,3.1308076,3.575522,28.67,84.31,30.43,2.78,4.3207,4.429879824320476,1.9718774168684443,3.8697492395128523,1.5930582742241741,4.1189733403069635,1.4249150274665776,0,0.6001903855306997,3.2995188
1.7856,7.9946,0.16,26.82,27.62,25.83,81.3,5.67,31.6,100.56,28.04,23.36,25.09,0.3732,1.1822,42.86,2024-01-25,3.2995188,2024,1,3,25,1,3.882093,2.667388,4.06272,5.456471,6.7080917,28.92,82.0,11.81,2.95,4.7918,3.537400245666504,0.7588461941143811,3.9770757130214145,1.559940857003479,4.1408712693623135,1.4182610286853399,0,0.22335076176419083,3.7159111
7.0044,8.0628,0.61,27.65,28.27,27.05,85.43,8.91,123.7,100.12,28.31,25.0,26.32,7.0498,1.6356,11.25,2024-01-26,3.7159111,2024,1,4,26,1,3.2995188,3.882093,2.667388,2.252378,3.7370143,26.82,81.3,42.86,5.67,1.7856,3.2829999128977456,0.6075209537344048,3.6689396926334927,1.426319928902135,3.8974017756325856,1.2227461521733038,0,0.8687304658431315,6.1232796
7.3068,8.321,0.64,27.27,28.47,26.16,77.61,4.69,192.8,100.4,28.63,23.02,25.14,7.1393,2.0544,0.03,2024-01-27,6.1232796,2024,1,5,27,1,3.7159111,3.2995188,3.882093,2.9589486,3.3807907,27.65,85.43,11.25,8.91,7.0044,3.632507642110189,0.3001087516534918,3.878015858786447,1.2842572812333297,3.895894408226013,1.222972069532921,1,0.8781156111044346,12.795418
7.2197,8.287,0.63,27.0,28.54,25.7,74.73,3.63,176.0,100.55,28.9,22.12,24.56,6.876,2.5368,0.05,2024-01-28,12.795418,2024,1,6,28,1,6.1232796,3.7159111,3.2995188,6.5595317,5.2331333,27.27,77.61,0.03,4.69,7.3068,4.379569848378499,1.5243812978812048,4.330063138689313,1.4526985188254207,4.091786469732012,1.34742689046002,1,0.8712079160130323,11.7969
7.0733,8.2709,0.62,28.01,30.15,25.73,71.05,2.68,239.7,100.52,29.19,22.21,25.11,6.0473,2.1996,0.29,2024-01-29,11.7969,2024,1,0,29,1,12.795418,6.1232796,3.7159111,4.06272,4.9091253,27.0,74.73,0.05,3.63,7.2197,7.544869502385457,4.70372710043862,5.2209040096827914,3.507100297986973,4.631949646132333,2.6885501924695263,1,0.8552031822413523,9.460848
4.2979,7.9865,0.38,28.76,30.33,26.92,78.61,2.43,284.9,100.4,29.51,24.66,26.71,0.8052,2.8051,3.59,2024-01-30,9.460848,2024,1,1,30,1,11.7969,12.795418,6.1232796,2.667388,3.0337048,28.01,71.05,0.29,2.68,7.0733,10.238532384236654,3.5987134963056406,6.325786863054548,4.226020234331319,5.12393353666578,3.3031329882129987,0,0.5381456207349903,6.248563
4.0613,7.9006,0.36,29.09,29.91,28.22,82.42,2.97,323.0,100.46,29.31,25.8,27.45,0.5998,2.8488,4.5,2024-01-31,6.248563,2024,1,2,31,1,9.460848,11.7969,12.795418,3.882093,3.1308076,28.76,78.61,3.59,2.43,4.2979,11.351055145263672,1.7114094324161024,7.296281133379255,4.020928440231899,5.583015186446054,3.434307947172203,0,0.5140495658557578,2.5968633
4.9236,7.872,0.43,28.76,30.27,27.84,85.54,6.9,345.7,100.35,28.78,26.1,27.43,1.7446,2.9669,6.63,2024-02-01,2.5968633,2024,2,3,32,1,6.248563,9.460848,11.7969,3.2995188,5.456471,29.09,82.42,4.5,2.97,4.0613,9.16877015431722,2.785676373115226,7.634348256247384,3.778187400906547,5.805711984634399,3.363416780097368,0,0.6254573170731708,15.831332
6.7884,7.9111,0.6,28.69,29.7,27.94,86.65,3.13,347.8,100.33,29.16,26.25,27.47,5.1031,3.3077,16.09,2024-02-02,15.831332,2024,2,4,33,1,2.5968633,6.248563,9.460848,3.7159111,2.252378,28.76,85.54,6.63,6.9,4.9236,6.102091312408447,3.434335673815686,7.5339688914162775,3.9192511376262695,5.601454292024885,3.471356258917803,0,0.8580854748391501,4.3625407
6.7786,7.8545,0.6,28.75,29.49,28.25,86.33,4.42,170.3,100.45,29.45,26.24,27.49,6.3259,2.4149,0.64,2024-02-03,4.3625407,2024,2,5,34,1,15.831332,2.5968633,6.248563,6.1232796,2.9589486,28.69,86.65,16.09,3.13,6.7884,8.225586096445719,6.835148704206728,9.264743328094482,4.572796170349797,6.571379593440464,4.269008211065594,1,0.8630211980393405,5.4121256
6.9367,7.9908,0.61,28.69,29.45,28.02,81.28,4.02,151.2,100.54,29.59,25.17,26.93,6.9367,2.3357,342.77,2024-02-04,5.4121256,2024,2,6,35,1,4.3625407,15.831332,2.5968633,12.795418,6.5595317,28.75,86.33,0.64,4.42,6.7786,7.596912066141765,7.185656581339518,9.013209206717354,4.816338492609181,6.671636172703335,4.193458244260391,0,0.8680857986684687,4.460297
6.3082,7.9788,0.56,28.67,29.44,27.86,81.5,5.11,159.3,100.46,29.5,25.2,26.93,5.8793,1.889,93.94,2024-02-05,4.460297,2024,2,0,36,1,5.4121256,4.3625407,15.831332,11.7969,4.06272,28.69,81.28,342.77,4.02,6.9367,8.535332838694254,6.340276979852621,7.958453178405762,4.655781860508942,6.589678594044277,4.207008415231946,0,0.7906201433799569,4.6119766
3.2119,7.8026,0.29,28.79,29.73,27.92,84.24,7.06,105.9,100.16,29.1,25.88,27.33,0.2177,2.3726,18.32,2024-02-06,4.6119766,2024,2,1,37,1,4.460297,5.4121256,4.3625407,9.460848,2.667388,28.67,81.5,93.94,5.11,6.3082,4.744987805684407,0.5798221215588802,6.91036708014352,4.469747579986681,6.6180769715990335,4.189945949755913,0,0.41164483633660576,5.565532
5.1014,7.8816,0.45,27.68,28.13,26.89,82.51,6.44,124.0,100.16,28.75,24.45,26.07,1.9171,2.9566,4.45,2024-02-07,5.565532,2024,2,2,38,1,4.6119766,4.460297,5.4121256,6.248563,3.882093,28.79,84.24,18.32,7.06,3.2119,4.8281331062316895,0.5114069636626097,6.217671189989362,4.383505330767623,6.7569761616843085,4.079685178020962,0,0.6472543645960211,2.6097062
5.5008,8.0462,0.49,27.32,28.22,26.31,81.15,4.6,143.5,100.17,28.9,23.81,25.57,3.7018,2.5726,5.06,2024-02-08,2.6097062,2024,2,3,39,1,5.565532,4.6119766,4.460297,2.5968633,3.2995188,27.68,82.51,4.45,6.44,5.1014,4.879268646240234,0.599140989671584,6.120095389229911,4.390299868480672,6.8772218227386475,4.01269105883732,0,0.6836519102184881,4.800725
6.395,7.9068,0.57,27.7,28.33,26.95,79.68,3.3,179.1,100.32,29.16,23.88,25.79,5.9827,2.0335,3.52,2024-02-09,4.800725,2024,2,4,40,1,2.6097062,5.565532,4.6119766,15.831332,3.7159111,27.32,81.15,5.06,4.6,5.5008,4.262404998143514,1.5086010545132538,6.1219300883156915,4.38858447181777,6.8279494898659845,4.063909697773093,0,0.8087974907674407,5.504546
5.8658,7.7506,0.52,28.72,29.91,27.86,76.72,2.64,324.5,100.25,29.51,24.19,26.45,3.2304,3.1339,12.49,2024-02-10,5.504546,2024,2,5,41,1,4.800725,2.6097062,5.565532,4.3625407,6.1232796,27.7,79.68,3.52,3.3,6.395,4.325321118036906,1.5341882306253127,4.546129056385586,0.970317232043854,6.905436192240034,4.0099923684592005,0,0.7568188269295281,6.1907597
5.4017,7.6123,0.48,29.43,30.21,28.62,87.1,6.67,357.6,99.98,29.3,27.06,28.25,1.6469,3.3221,16.02,2024-02-11,6.1907597,2024,2,6,42,1,5.504546,4.800725,2.6097062,5.4121256,12.795418,28.72,76.72,12.49,2.64,5.8658,4.304992437362671,1.5097475706702563,4.709272691181728,1.0285621796309494,6.861240948949542,4.02266543046254,0,0.7096015658867885,5.8604712
5.2608,7.7172,0.47,29.28,29.61,28.91,88.15,8.24,11.7,99.9,29.25,27.13,28.2,0.9698,3.5659,8.04,2024-02-12,5.8604712,2024,2,0,43,1,6.1907597,5.504546,4.800725,4.460297,11.7969,29.43,87.1,16.02,6.67,5.4017,5.498676935831706,0.6950359240598278,4.820506129946027,1.151942724296577,6.3894796541758945,3.6425176364337633,0,0.6816980251904835,3.7900066
6.5671,7.6855,0.59,29.45,30.35,28.67,83.91,4.33,16.8,100.04,29.69,26.45,27.95,4.973,2.3263,5.08,2024-02-13,3.7900066,2024,2,1,44,1,5.8604712,6.1907597,5.504546,4.6119766,9.460848,29.28,88.15,8.04,8.24,5.2608,5.851925690968831,0.3431865520816852,5.020531007221767,1.1995512694349013,5.965449043682644,3.293415124849128,0,0.8544792141044825,4.427772
6.3415,7.6313,0.57,29.32,30.17,28.33,81.42,2.0,42.8,100.16,30.0,25.82,27.57,4.2593,2.646,8.74,2024-02-14,4.427772,2024,2,2,45,1,3.7900066,5.8604712,6.1907597,5.565532,6.248563,29.45,83.91,5.08,4.33,6.5671,5.280412515004476,1.3012512701577297,4.903106723512922,1.2835039144892193,5.560388956751142,3.177121178508967,0,0.8309855463682465,6.2235584
3.769,7.8005,0.34,28.91,29.55,28.02,83.38,3.79,57.4,100.3,29.65,25.82,27.37,0.7097,2.4389,39.35,2024-02-15,6.2235584,2024,2,3,46,1,4.427772,3.7900066,5.8604712,2.6097062,2.5968633,29.32,81.42,8.74,2.0,6.3415,4.692749977111816,1.060361214271825,4.74056955746242,1.2574114291715865,5.430332473346165,3.184043377001528,0,0.48317415550285236,10.070721
2.5181,7.7198,0.23,28.49,29.16,28.06,83.72,9.01,103.7,100.47,28.96,25.49,26.99,0.6847,1.5355,65.96,2024-02-16,10.070721,2024,2,4,47,1,6.2235584,4.427772,3.7900066,4.800725,15.831332,28.91,83.38,39.35,3.79,3.769,4.8137790362040205,1.2618615710474952,5.256834166390555,0.9380364392386861,5.689382127353123,3.0816689347616886,0,0.3261872069224591,8.64403
4.8394,7.6217,0.44,28.0,28.48,27.6,78.82,8.94,108.2,100.6,28.56,24.0,26.0,2.4722,2.359,30.22,2024-02-17,8.64403,2024,2,5,48,1,10.070721,6.2235584,4.427772,5.504546,4.3625407,28.49,83.72,65.96,9.01,2.5181,6.907350381215413,2.8829491639090725,6.009690693446568,2.01152476260679,5.277909874916077,1.6966829343764962,0,0.6349502079588544,6.477684
6.4373,7.6152,0.58,28.29,29.14,27.46,79.16,6.67,101.1,100.57,28.99,24.34,26.31,5.1946,2.2778,4.32,2024-02-18,6.477684,2024,2,6,49,1,8.64403,10.070721,6.2235584,6.1907597,5.4121256,28.0,78.82,30.22,8.94,4.8394,8.312769571940104,1.944855843336483,6.458188329424177,2.2193809530576543,5.583730510302952,1.8934507065730368,0,0.8453225128689988,4.4363303
2.7914,7.6186,0.25,27.99,28.42,27.64,85.72,6.62,63.9,100.61,28.55,25.4,26.69,0.1301,2.029,51.68,2024-02-19,4.4363303,2024,2,0,50,1,6.477684,8.64403,10.070721,5.8604712,4.460297,28.29,79.16,4.32,6.67,6.4373,8.397478103637695,1.8091624668962427,6.499177524021694,2.2162660820390228,5.65984182698386,1.9073869780257025,0,0.36639277557556504,4.225697
3.5594,7.5734,0.32,28.96,30.13,27.98,84.26,4.87,351.0,100.63,29.09,26.05,27.5,0.8638,2.3239,10.46,2024-02-20,4.225697,2024,2,1,51,1,4.4363303,6.477684,8.64403,3.7900066,4.6119766,27.99,85.72,51.68,6.62,2.7914,6.51934798558553,2.1041590391087133,6.295728819710868,2.3462262372684597,5.658129913466317,1.908556803534227,0,0.4699870599730636,7.727831
5.7264,7.608,0.52,28.92,29.8,28.11,87.28,3.18,356.1,100.64,29.0,26.61,27.77,2.6566,2.9364,8.82,2024-02-21,7.727831,2024,2,2,52,1,4.225697,4.4363303,6.477684,4.427772,5.565532,28.96,84.26,10.46,4.87,3.5594,5.046570460001628,1.2438473028413461,6.357970305851528,2.2733211839783856,5.630538514682224,1.9275418218640976,0,0.7526813880126183,5.1777
4.5149,7.5696,0.41,28.17,28.52,27.89,89.53,4.5,129.1,100.65,28.78,26.3,27.23,0.793,2.9897,13.42,2024-02-22,5.1777,2024,2,3,53,1,7.727831,4.225697,4.4363303,6.2235584,2.6097062,28.92,87.28,8.82,3.18,5.7264,5.46328608194987,1.9639791176226777,6.829407283238003,2.1448783241828058,5.784988420350211,2.0069278056607374,0,0.5964515958571126,5.348181
3.0917,7.5682,0.28,28.34,29.02,27.8,88.9,5.29,69.2,100.68,28.7,26.35,27.34,0.163,2.2466,14.19,2024-02-23,5.348181,2024,2,4,54,1,5.1777,7.727831,4.225697,10.070721,4.800725,28.17,89.53,13.42,4.5,4.5149,5.710409323374431,1.8108201878121486,6.679998942783901,2.2288951731872793,5.968416554587228,1.8012006521092914,0,0.40851193150286724,3.2374814
2.7806,7.4554,0.26,28.43,29.57,27.6,85.32,2.37,106.2,100.71,29.2,25.73,27.08,0.5458,1.8521,17.79,2024-02-24,3.2374814,2024,2,5,55,1,5.348181,5.1777,7.727831,8.64403,5.504546,28.34,88.9,14.19,5.29,3.0917,6.084570566813151,1.4256557365650018,6.005350385393415,1.6782199508384752,6.007520539419992,1.7797145488012809,0,0.37296456259892163,3.163919
5.0515,7.3584,0.47,28.31,29.13,27.77,83.46,2.63,352.1,100.68,28.99,25.25,26.78,1.2278,3.173,21.47,2024-02-25,3.163919,2024,2,6,56,1,3.2374814,5.348181,5.1777,6.477684,6.1907597,28.43,85.32,17.79,2.37,2.7806,4.587787389755249,1.1725019014648532,5.232986348015921,1.4956147372394872,5.845587338720049,1.9261162832462313,0,0.6864943465970863,3.2060611
6.4294,7.3733,0.6,28.39,28.96,27.57,80.36,3.01,11.0,100.74,29.16,24.7,26.55,4.6214,2.4638,3.54,2024-02-26,3.2060611,2024,2,0,57,1,3.163919,3.2374814,5.348181,4.4363303,5.8604712,28.31,83.46,21.47,2.63,5.0515,3.916527032852173,1.240393959702341,4.759591341018677,1.5590717502328992,5.629384432520185,2.0502682886535335,0,0.8719840505608072,1.0536994
6.9586,7.5228,0.65,29.14,30.24,27.88,82.08,3.16,4.1,100.95,29.38,25.77,27.46,6.3965,1.855,1.31,2024-02-27,1.0536994,2024,2,1,58,1,3.2060611,3.163919,3.2374814,4.225697,3.7900066,28.39,80.36,3.54,3.01,6.4294,3.2024871508280435,0.03691119125079077,4.583838599068778,1.6671814335435073,5.439783709389823,2.1476752615713037,0,0.9250013292922847,2.3611479
6.8143,7.517,0.64,29.03,29.63,28.56,83.44,2.52,52.5,101.04,29.3,25.95,27.49,6.2558,2.591,0.68,2024-02-28,2.3611479,2024,2,2,59,1,1.0536994,3.2060611,3.163919,7.727831,4.427772,29.14,82.08,1.31,3.16,6.9586,2.4745598236719766,1.230681641578312,4.130696075303214,2.1437200585754685,5.244333190577371,2.4169875737818836,1,0.9065185579353465,4.269886
5.622,7.493,0.53,29.13,29.83,28.28,79.04,2.0,356.0,100.9,29.32,25.11,27.12,3.0775,2.6868,3.11,2024-02-29,4.269886,2024,2,3,60,1,2.3611479,1.0536994,3.2060611,5.1777,6.2235584,29.03,83.44,0.68,2.52,6.8143,2.206969459851583,1.08443234709321,3.3640270744051253,1.5083471417321948,5.096717178821564,2.531109436352777,0,0.7503002802615775,1.5838282
6.3636,7.5106,0.6,29.13,29.69,28.62,77.59,1.92,100.7,100.94,29.99,24.82,26.97,5.6347,1.699,2.12,2024-03-01,1.5838282,2024,3,4,61,1,4.269886,2.3611479,1.0536994,5.348181,10.070721,29.13,79.04,3.11,2.0,5.622,2.5615777571996055,1.617434150645369,3.2343393564224243,1.3579460628738727,4.957169149603162,2.5180264274929867,0,0.847282507389556,3.1112642
6.925,7.5576,0.65,29.24,30.03,28.39,80.7,5.13,99.7,101.06,29.74,25.59,27.42,7.2682,1.5979,1.57,2024-03-02,3.1112642,2024,3,5,62,1,1.5838282,4.269886,2.3611479,3.2374814,8.64403,29.13,77.59,2.12,1.92,6.3636,2.738287369410197,1.3821730281894544,2.696574704987662,1.1026960016243832,4.350962545190539,2.192858194820718,0,0.9162961786810627,3.2435422
6.24,7.4933,0.59,29.26,29.89,28.71,81.28,6.92,102.4,101.15,29.53,25.74,27.5,5.7977,2.6688,1.46,2024-03-03,3.2435422,2024,3,6,63,1,3.1112642,1.5838282,4.269886,3.163919,6.477684,29.24,80.7,1.57,5.13,6.925,2.988326152165731,1.3472423547128507,2.6785436868667603,1.0933695932846592,3.955765017441341,1.8278201317090441,0,0.8327439178999907,5.8197074
6.4058,7.511,0.61,29.17,29.93,28.54,80.07,6.78,102.3,101.13,29.42,25.39,27.28,7.5998,2.8951,0.3,2024-03-04,5.8197074,2024,3,0,64,1,3.2435422,3.1112642,1.5838282,3.2060611,4.4363303,29.26,81.28,1.46,6.92,6.24,2.646211544672648,0.922425133038462,2.689918432916914,1.0996568295932607,3.724754886967795,1.6832228703003946,1,0.8528558114765011,4.1607857
6.7133,7.5425,0.64,29.2,29.98,28.59,77.33,6.49,93.6,100.96,29.39,24.84,27.02,6.9379,1.7952,0.1,2024-03-05,4.1607857,2024,3,1,65,1,5.8197074,3.2435422,3.1112642,1.0536994,4.225697,29.17,80.07,0.3,6.78,6.4058,4.058171272277832,1.5269680727528125,3.063296471323286,1.623205080521993,3.8235675351960317,1.7667419223526732,1,0.8900629764666887,4.5317955
6.3084,7.5324,0.6,28.97,29.73,28.23,79.48,6.03,113.1,100.88,29.6,25.08,27.02,5.9381,2.3251,3.77,2024-03-06,4.5317955,2024,3,2,66,1,4.1607857,5.8197074,3.2435422,2.3611479,7.727831,29.2,77.33,0.1,6.49,6.7133,4.408011754353841,1.3057554649364649,3.5071659428732738,1.390181625166262,3.8189310090882436,1.7656902819730265,0,0.8375019913971642,5.1197624
6.0094,7.3882,0.57,28.9,29.71,28.1,82.11,6.97,109.4,100.8,29.55,25.56,27.23,4.1719,2.4048,9.51,2024-03-07,5.1197624,2024,3,3,67,1,4.5317955,4.1607857,5.8197074,4.269886,5.1777,28.97,79.48,3.77,6.03,6.3084,4.837429523468018,0.8706689574981951,3.8172584601811,1.3328563597493446,3.5906427672931125,1.3875453829268336,0,0.8133780893857773,5.731056
3.7471,7.3985,0.36,28.51,28.98,28.06,81.82,5.71,95.4,100.76,28.96,25.12,26.81,0.366,2.6782,8.45,2024-03-08,5.731056,2024,3,4,68,1,5.1197624,4.5317955,4.1607857,1.5838282,5.348181,28.9,82.11,9.51,6.97,6.0094,4.604114532470703,0.4835614038679453,3.938669375010899,1.4170095885739558,3.5865043657166615,1.3825251372178298,0,0.5064675272014597,7.562555
3.9468,7.3514,0.38,28.58,29.38,27.67,80.17,4.18,85.3,100.76,29.05,24.84,26.71,0.4099,2.8663,17.06,2024-03-09,7.562555,2024,3,5,69,1,5.731056,5.1197624,4.5317955,3.1112642,3.2374814,28.51,81.82,8.45,5.71,3.7471,5.1275380452473955,0.5996681656484064,4.531130518232073,1.0998332654628387,3.6138526116098677,1.423241498362226,0,0.5368773294882607,3.8847644
3.7978,7.2535,0.37,27.82,28.21,27.23,81.65,2.17,66.9,100.74,28.88,24.39,26.11,0.3034,2.6798,39.93,2024-03-10,3.8847644,2024,3,6,70,1,7.562555,5.731056,5.1197624,3.2435422,3.163919,28.58,80.17,17.06,4.18,3.9468,6.137791156768799,1.2711741352317225,5.1670291764395575,1.3904880835247466,3.922786431653159,1.7638996391085395,0,0.5235817191700558,5.5901947
3.6185,7.2012,0.35,27.35,28.12,26.7,82.49,2.64,26.8,100.7,28.79,24.12,25.74,0.2503,2.6227,25.06,2024-03-11,5.5901947,2024,3,0,71,1,3.8847644,7.562555,5.731056,5.8197074,3.2060611,27.82,81.65,39.93,2.17,3.7978,5.726125160853068,1.8389001602132198,5.258632353373936,1.2574050905652416,3.974275393145425,1.7505141101078732,0,0.5024856968283063,5.6135364
2.0047,7.1575,0.2,27.23,27.84,26.75,84.71,3.91,335.7,100.62,28.43,24.45,25.84,0.3238,1.3822,23.67,2024-03-12,5.6135364,2024,3,1,72,1,5.5901947,3.8847644,7.562555,4.1607857,1.0536994,27.35,82.49,25.06,2.64,3.6185,5.679171323776245,1.8405089492230586,5.2258448260171075,1.2432490101432734,4.1445706486701965,1.785646421635381,0,0.28008382815228783,3.8610892
2.0866,7.0303,0.2,27.58,28.3,26.98,85.64,4.39,321.0,100.59,28.53,24.97,26.27,0.2818,1.3954,21.97,2024-03-13,3.8610892,2024,3,2,73,1,5.6135364,5.5901947,3.8847644,4.5317955,2.3611479,27.23,84.71,23.67,3.91,2.0047,5.0294984976450605,0.9914374753113183,5.43338063785008,1.1538677382177038,4.470273290361677,1.582844443703125,0,0.2968009900004267,5.5526857
3.426,6.9977,0.34,28.47,29.54,27.47,85.84,7.52,330.6,100.53,28.7,25.88,27.17,0.7226,2.3806,13.6,2024-03-14,5.5526857,2024,3,3,74,1,3.8610892,5.6135364,5.5901947,5.1197624,4.269886,27.58,85.64,21.97,4.39,2.0866,5.0216067632039385,1.0051054261135997,5.337565456117902,1.263819951261705,4.577411958149502,1.4762777630091661,0,0.4895894365291453,3.774275
4.8118,7.037,0.47,28.91,30.1,28.33,87.03,8.03,319.2,100.41,28.79,26.55,27.73,3.3725,1.9822,15.08,2024-03-15,3.774275,2024,3,4,75,1,5.5526857,3.8610892,5.6135364,5.731056,1.5838282,28.47,85.84,13.6,7.52,3.426,5.009103775024414,0.9946751966870002,5.399411644254412,1.2619765668443648,4.669040509632656,1.4954082050445927,0,0.6837857041352849,3.8038833
2.2092,6.9691,0.22,28.37,29.21,27.79,87.09,8.76,325.4,100.37,28.58,26.04,27.2,0.1615,1.643,49.08,2024-03-16,3.8038833,2024,3,5,76,1,3.774275,5.5526857,3.8610892,7.562555,3.1112642,28.91,87.03,15.08,8.03,4.8118,4.396016677220662,1.0026448330602318,5.1198714801243375,1.386818360539782,4.825500999178205,1.2406743198273686,0,0.31699932559440963,4.3565507
3.0698,6.9876,0.3,28.42,29.49,27.76,86.83,8.11,303.1,100.22,28.65,26.02,27.22,0.2491,2.1744,63.78,2024-03-17,4.3565507,2024,3,6,77,1,3.8038833,3.774275,5.5526857,3.8847644,3.2435422,28.37,87.09,49.08,8.76,2.2092,4.3769480387369795,1.018326330075584,4.582918405532837,0.9386589401207814,4.874973790986197,1.1793536421463706,0,0.4393210830614231,3.076984
4.051,6.9583,0.4,28.2,28.83,27.64,83.62,3.61,155.1,100.53,28.85,25.18,26.69,5.7559,1.8502,4.68,2024-03-18,3.076984,2024,3,0,78,1,4.3565507,3.8038833,3.774275,5.5901947,5.8197074,28.42,86.83,63.78,8.11,3.0698,3.978236357371012,0.32796412122264723,4.650316442762103,0.8961500561483355,4.95447439806802,1.0954480563589224,0,0.5821824296164293,5.0228977
3.8837,6.9576,0.39,27.65,28.24,27.12,84.21,5.06,133.0,100.76,28.45,24.77,26.21,0.9125,2.6335,31.65,2024-03-19,5.0228977,2024,3,1,79,1,3.076984,4.3565507,3.8038833,5.6135364,4.1607857,28.2,83.62,4.68,3.61,4.051,3.7458059787750244,0.6417573599710524,4.291286332266671,0.9581401475872353,4.758565579141889,1.1714259025021498,0,0.5581953547200184,3.9490545
2.2265,6.7951,0.22,27.69,28.42,26.97,86.17,5.79,31.8,100.71,28.54,25.19,26.44,0.1423,1.6015,110.3,2024-03-20,3.9490545,2024,3,2,80,1,5.0228977,3.076984,4.3565507,3.8610892,4.5317955,27.65,84.21,31.65,5.06,3.8837,4.152144114176433,0.9889295517864021,4.206909384046282,0.8411568484032965,4.820145010948181,1.1601904579360998,0,0.32766258038880963,7.679134
3.6362,6.8431,0.37,27.49,28.09,27.08,84.58,6.07,214.5,100.73,28.49,24.68,26.08,0.6122,2.6069,12.3,2024-03-21,7.679134,2024,3,3,81,1,3.9490545,5.0228977,3.076984,5.5526857,5.1197624,27.69,86.17,110.3,5.79,2.2265,4.016312042872111,0.9746988283581695,4.219475848334176,0.8357692287185429,4.77852065222604,1.1815876456276633,0,0.5313673627449548,6.3303246
3.8803,6.78,0.39,28.08,29.1,27.0,82.8,2.95,142.3,100.82,28.48,24.89,26.48,0.9962,2.5896,24.09,2024-03-22,6.3303246,2024,3,4,82,1,7.679134,3.9490545,5.0228977,3.774275,5.731056,27.49,84.58,12.3,6.07,3.6362,5.55036203066508,1.9201658925253273,4.523254156112671,1.513102638661647,4.961332900183542,1.4136469069105024,0,0.5723156342182891,3.0806787
3.0535,6.8129,0.31,28.64,29.47,27.61,79.54,2.51,296.2,100.84,28.76,24.76,26.7,1.062,1.8293,11.7,2024-03-23,3.0806787,2024,3,5,83,1,6.3303246,7.679134,3.9490545,3.8038833,7.562555,28.08,82.8,24.09,2.95,3.8803,5.986171007156372,1.8887044245009204,4.888404096875872,1.6076934982321487,5.004137788500104,1.4474163007449117,0,0.4481938675160358,4.049177
5.2819,6.775,0.54,28.44,29.17,27.74,82.47,3.31,339.0,100.82,28.68,25.18,26.81,4.6171,1.7237,22.86,2024-03-24,4.049177,2024,3,6,84,1,3.0806787,6.3303246,7.679134,4.3565507,3.8847644,28.64,79.54,11.7,2.51,3.0535,5.696712414423625,2.363799036243975,4.785089152199881,1.709046431894966,4.6840037788663595,1.3288102663452177,0,0.7796162361623616,3.7624092
5.2394,6.8016,0.54,28.85,30.22,27.72,81.85,3.08,292.9,100.83,29.13,25.43,27.14,4.0279,2.0302,59.25,2024-03-25,3.7624092,2024,3,0,85,1,4.049177,3.0806787,6.3303246,3.076984,5.5901947,28.44,82.47,22.86,3.31,5.2819,4.486726840337117,1.6684235023353353,4.74117864881243,1.7257588933253252,4.695747545787266,1.321912014931591,0,0.7703187485297577,11.703435
3.647,6.6934,0.38,28.64,29.49,27.92,81.64,2.73,343.6,100.91,28.86,25.2,26.92,0.3799,2.628,32.46,2024-03-26,11.703435,2024,3,1,86,1,3.7624092,4.049177,3.0806787,5.0228977,5.6135364,28.85,81.85,59.25,3.08,5.2394,3.6307550271352134,0.4974906418844809,4.839096546173096,1.6325232357928054,4.565191439219883,1.3170282414337449,0,0.5448650909851496,6.1589346
3.1877,6.7061,0.33,28.77,29.95,27.78,83.08,4.57,343.3,100.88,28.83,25.63,27.2,0.1577,2.3549,5.24,2024-03-27,6.1589346,2024,3,2,87,1,11.703435,3.7624092,4.049177,3.9490545,3.8610892,28.64,81.64,32.46,2.73,3.647,6.505007108052571,4.504253316701793,5.793459006718227,3.0740987166997757,5.000184195382254,2.3164255545989554,0,0.47534334411953294,7.4084167
3.0828,6.6355,0.32,27.93,28.34,27.56,87.1,5.46,351.1,100.81,28.32,25.61,26.77,1.6022,2.0731,8.98,2024-03-28,7.4084167,2024,3,3,88,1,6.1589346,11.703435,3.7624092,7.679134,5.5526857,28.77,83.08,5.24,4.57,3.1877,7.208259582519531,4.073178688286573,6.1091561658041815,2.964641321502582,5.164316007069179,2.310906767929619,0,0.46459196744781855,5.089923
1.8144,6.659,0.19,27.53,27.94,27.06,86.48,3.95,339.9,100.75,28.25,25.09,26.31,0.2453,1.3459,17.54,2024-03-29,5.089923,2024,3,4,89,1,7.4084167,6.1589346,11.703435,6.3303246,3.774275,27.93,87.1,8.98,5.46,3.0828,8.423595428466797,2.908317701062175,6.070482288088117,2.9424300419005327,5.296868222100394,2.3868702875223082,0,0.2724733443459979,7.894627
1.0502,6.6158,0.11,27.05,28.1,26.42,86.26,6.76,265.1,100.73,27.96,24.57,25.81,0.1022,0.8191,70.72,2024-03-30,7.894627,2024,3,5,90,1,5.089923,7.4084167,6.1589346,3.0806787,3.8038833,27.53,86.48,17.54,3.95,1.8144,6.219091415405273,1.160416975721105,5.893282038824899,2.96146209558102,5.390843067850385,2.347893419817359,0,0.15874119532029385,4.016741
3.1742,6.3643,0.33,27.27,28.31,26.21,85.42,5.42,48.7,100.92,28.06,24.63,25.95,0.259,2.3393,3.42,2024-03-31,4.016741,2024,3,6,91,1,7.894627,5.089923,7.4084167,4.049177,4.3565507,27.05,86.26,70.72,6.76,1.0502,6.7976555824279785,1.498787275913819,6.580988952091762,2.7509272790810577,5.683039052145822,2.389384213016663,0,0.49875084455478214,6.89608
3.7994,6.5417,0.4,28.22,28.86,27.51,83.17,5.15,36.9,101.04,28.56,25.11,26.66,0.6144,2.6904,8.44,2024-04-01,6.89608,2024,4,0,92,1,4.016741,7.894627,5.089923,3.7624092,3.076984,27.27,85.42,3.42,5.42,3.1742,5.667096932729085,2.002335617122221,6.576355184827532,2.7559255177434805,5.658766916819981,2.4055667894032493,0,0.5807970405246343,4.74909
5.1247,6.5023,0.55,28.41,28.87,27.85,85.44,5.97,99.1,101.06,28.67,25.76,27.08,3.553,2.4655,7.92,2024-04-02,4.74909,2024,4,1,93,1,6.89608,4.016741,7.894627,11.703435,5.0228977,28.22,83.17,8.44,5.15,3.7994,6.269149303436279,2.0135247998588515,7.024022442953927,2.461430578558618,5.931559494563511,2.3046990419455766,0,0.788136505544192,6.687106
4.5756,6.505,0.49,28.62,29.21,28.18,84.49,7.54,110.3,101.07,28.59,25.77,27.2,2.4934,2.9215,4.83,2024-04-03,6.687106,2024,4,2,94,1,4.74909,6.89608,4.016741,6.1589346,3.9490545,28.41,85.44,7.92,5.97,5.1247,5.2206370035807295,1.4964678005229353,6.03054462160383,1.4560947236551358,5.912001814161028,2.3141455001523368,0,0.7033973866256725,6.6823525
4.8991,6.4363,0.53,28.44,29.05,28.1,82.24,8.13,104.6,101.02,28.39,25.14,26.79,3.4106,2.0618,3.72,2024-04-04,6.6823525,2024,4,3,95,1,6.687106,4.74909,6.89608,7.4084167,7.679134,28.62,84.49,4.83,7.54,4.5756,6.1107587814331055,1.1838595888773404,6.105997698647635,1.4773855246393626,6.107576932225909,2.250309924588996,0,0.7611671301834905,6.5508275
5.0434,6.4654,0.55,27.8,28.44,27.0,81.62,8.08,119.8,101.0,28.38,24.38,26.09,3.5827,2.2565,4.18,2024-04-05,6.5508275,2024,4,4,96,1,6.6823525,6.687106,4.74909,5.089923,6.3303246,28.44,82.24,3.72,8.13,4.8991,6.03951629002889,1.1175443077474796,6.002274240766253,1.3938309059751062,6.036378264427185,2.2122080521436374,0,0.7800600117548798,5.7486105
4.7796,6.5122,0.52,27.42,28.35,26.85,81.1,5.99,121.4,100.9,28.43,23.91,25.66,3.6845,2.1002,1.12,2024-04-06,5.7486105,2024,4,5,97,1,6.5508275,6.6823525,6.687106,7.894627,3.0806787,27.8,81.62,4.18,8.08,5.0434,6.640095392862956,0.07734478810314917,6.210974897657122,1.3428962195692722,6.05212846824101,2.2152447101238955,0,0.733945517643807,6.767522
5.1514,6.4421,0.56,27.7,28.66,26.9,81.31,7.2,115.7,100.76,28.42,24.22,25.96,4.445,1.9927,2.23,2024-04-07,6.767522,2024,4,6,98,1,5.7486105,6.5508275,6.6823525,4.016741,4.049177,27.42,81.1,1.12,5.99,4.7796,6.327263514200847,0.5054247670700132,5.904401097978864,1.121115902195898,6.242695025035313,2.048436730418487,0,0.7996460781422207,5.9124117
4.6925,6.2928,0.52,27.92,28.54,27.29,82.53,8.5,113.7,100.81,28.3,24.69,26.3,2.4528,2.6986,10.45,2024-04-08,5.9124117,2024,4,0,99,1,6.767522,5.7486105,6.5508275,6.89608,3.7624092,27.7,81.31,2.23,7.2,5.1514,6.355653285980225,0.5367632830673886,6.297369820731027,0.7791181253754218,6.436862502779279,1.9510414968708953,0,0.7456934909738113,5.2810307
1.7676,6.2318,0.2,28.12,28.54,27.79,87.05,6.71,100.2,100.81,28.16,25.78,26.95,0.1186,1.3546,26.39,2024-04-09,5.2810307,2024,4,1,100,1,5.9124117,6.767522,5.7486105,4.74909,11.703435,27.92,82.53,10.45,8.5,4.6925,6.142848014831543,0.5471478462741445,6.156845773969378,0.7409071162074649,6.590434108461652,1.8033619650481485,0,0.2836419654032543,4.443038
5.5418,6.3206,0.61,28.12,28.81,27.6,86.23,6.27,102.3,100.81,28.72,25.62,26.87,5.375,1.7916,3.4,2024-04-10,4.443038,2024,4,2,101,1,5.2810307,5.9124117,6.767522,6.687106,6.1589346,28.12,87.05,26.39,6.71,1.7676,5.986988067626953,0.7460464137573036,6.232837268284389,0.5828827112497869,6.1316909449441095,1.0706939768973254,0,0.8767838496345285,3.6166945
5.8493,6.2623,0.65,27.91,28.51,27.44,85.05,5.84,108.6,100.72,28.64,25.18,26.54,6.4164,1.5002,0.32,2024-04-11,3.6166945,2024,4,3,102,1,4.443038,5.2810307,5.9124117,6.6823525,7.4084167,28.12,86.23,3.4,6.27,5.5418,5.212160110473633,0.7371038825613937,5.912256104605539,0.8481478664382945,6.009126901626587,1.1616802177801735,1,0.934049790013254,1.3460877
6.0086,6.1834,0.67,27.91,28.77,27.12,83.68,3.89,91.9,100.79,28.84,24.9,26.4,6.6775,1.3315,0.83,2024-04-12,1.3460877,2024,4,4,103,1,3.6166945,4.443038,5.2810307,6.5508275,5.089923,27.91,85.05,0.32,5.84,5.8493,4.446921030680339,0.8321748968509691,5.474304948534284,1.1291645214090211,5.7382895946502686,1.2490702133541398,1,0.9717307630106415,0.4457661
6.137,6.2179,0.69,28.03,29.06,27.26,80.86,3.62,99.3,101.03,28.89,24.44,26.23,7.7414,0.9125,0.28,2024-04-13,0.4457661,2024,4,5,104,1,1.3460877,3.6166945,4.443038,5.7486105,7.894627,27.91,83.68,0.83,3.89,6.0086,3.1352733771006265,1.6036208922423083,4.730770690100534,1.810315333154887,5.4708727938788275,1.7131210139161381,1,0.9869891764100419,3.5816684
5.9074,6.1987,0.67,28.01,29.03,27.1,80.94,4.78,109.7,101.15,28.78,24.45,26.23,6.6343,1.409,0.23,2024-04-14,3.5816684,2024,4,6,105,1,0.4457661,1.3460877,3.6166945,6.767522,4.016741,28.03,80.86,0.28,3.62,6.137,1.8028494119644165,1.6340655172485994,3.973221489361354,2.3441967576605425,4.938811293670109,2.0298928962137404,1,0.953006275509381,4.0449777
5.4703,6.2705,0.62,27.9,28.73,27.06,81.85,5.21,118.2,101.17,28.76,24.52,26.21,5.7398,1.7333,0.46,2024-04-15,4.0449777,2024,4,0,106,1,3.5816684,0.4457661,1.3460877,5.9124117,6.89608,28.01,80.94,0.23,4.78,5.9074,1.791174054145813,1.6146353108515135,3.5180995634623935,1.9944422005581033,4.90773469209671,2.0483417221333164,1,0.8723865720436966,5.0344334
5.7202,6.2604,0.65,27.87,28.67,27.15,82.33,5.88,121.5,101.07,28.73,24.6,26.24,6.3125,1.537,0.61,2024-04-16,5.0344334,2024,4,1,107,1,4.0449777,3.5816684,0.4457661,5.2810307,4.74909,27.9,81.85,0.46,5.21,5.4703,2.690804044405619,1.9580118569862068,3.2513232742037093,1.7278831463346886,4.704084524086544,1.9759000796455437,1,0.9137115839243499,5.72685
5.5159,6.2472,0.63,28.13,29.24,27.38,78.31,7.31,123.8,101.01,28.63,24.01,26.07,6.3967,1.5086,0.59,2024-04-17,5.72685,2024,4,2,108,1,5.0344334,4.0449777,3.5816684,4.443038,6.687106,27.87,82.33,0.61,5.88,5.7202,4.220359802246094,0.7420921089141564,3.2160950899124146,1.6814955334311086,4.7244661790984015,1.9778707218744553,1,0.8829395569215008,7.573263
3.9132,6.0677,0.45,28.06,28.97,27.25,83.76,8.24,113.6,100.95,28.65,25.08,26.57,2.7305,1.921,4.55,2024-04-18,7.573263,2024,4,3,109,1,5.72685,5.0344334,4.0449777,3.6166945,6.6823525,28.13,78.31,0.59,7.31,5.5159,4.9354203542073565,0.8452966033599717,3.3994968107768466,1.8941845891365126,4.655876457691193,1.920388538550023,0,0.6449231174909767,7.690936
4.3517,6.0329,0.51,28.31,29.15,27.69,83.11,7.91,103.9,101.05,28.64,25.17,26.74,2.801,2.4684,4.0,2024-04-19,7.690936,2024,4,4,110,1,7.573263,5.72685,5.0344334,1.3460877,6.5508275,28.06,83.76,4.55,8.24,3.9132,6.111515522003174,1.3123985090958832,3.964720913342067,2.4719902351588563,4.719512930938175,2.0055776703283015,0,0.7213280511859969,6.3331456
4.0651,5.9338,0.47,28.34,29.07,27.85,81.87,7.01,91.8,101.06,28.51,24.96,26.65,1.3145,2.8006,2.08,2024-04-20,6.3331456,2024,4,5,111,1,7.690936,7.573263,5.72685,0.4457661,5.7486105,28.31,83.11,4.0,7.91,4.3517,6.997016429901123,1.1015687614807355,4.871127826826913,2.514651714854052,4.8009492584637234,2.106277057443195,0,0.6850753311537295,6.006065
4.7083,5.9966,0.55,28.04,28.74,27.51,78.57,4.89,87.3,100.99,28.41,23.98,26.01,2.5306,2.5481,0.8,2024-04-21,6.006065,2024,4,6,112,1,6.3331456,7.690936,7.573263,3.5816684,6.767522,28.34,81.87,2.08,7.01,4.0651,7.199114958445231,0.7522558756249379,5.71218204498291,1.6094980392502312,4.842701767172132,2.132142252630627,1,0.7851615915685556,6.826823
4.5818,5.91,0.54,28.25,29.65,27.27,79.15,3.94,54.4,100.85,28.71,24.26,26.26,3.4682,2.891,3.76,2024-04-22,6.826823,2024,4,0,113,1,6.006065,6.3331456,7.690936,4.0449777,5.9124117,28.04,78.57,0.8,4.89,4.7083,6.67671553293864,0.8934360368929243,6.058524404253278,1.3070648453180496,4.788311983857836,2.0885302802242487,0,0.7752622673434857,5.7559714
4.3039,5.7355,0.51,28.27,28.99,27.44,86.9,3.06,2.3,100.75,28.6,25.89,27.08,2.0369,2.8406,5.63,2024-04-23,5.7559714,2024,4,1,114,1,6.826823,6.006065,6.3331456,5.0344334,5.2810307,28.25,79.15,3.76,3.94,4.5818,6.388677914937337,0.4131875376404506,6.4559309141976495,0.9730450607460347,4.85362709420068,2.140051519650424,0,0.7503966524278615,1.7032064
5.165,5.7926,0.62,28.71,30.22,27.74,81.86,1.99,340.4,100.67,29.35,25.29,27.0,5.7797,1.4635,0.71,2024-04-24,1.7032064,2024,4,2,115,1,5.7559714,6.826823,6.006065,5.72685,4.443038,28.27,86.9,5.63,3.06,4.3039,6.196286519368489,0.560195587804559,6.559007780892508,0.8241980195583791,4.887551435402462,2.151083913441387,1,0.8916548700065601,1.5115092
5.1434,5.7646,0.62,28.73,30.21,27.3,82.12,1.73,54.8,100.73,29.41,25.36,27.05,6.2441,1.2343,5.65,2024-04-25,1.5115092,2024,4,3,116,1,1.7032064,5.7559714,6.826823,7.573263,3.6166945,28.71,81.86,0.71,1.99,5.165,4.762000362078349,2.702562891262426,5.984201550483704,2.0268744071570084,4.691849180630276,2.3131626001376664,0,0.892238837039864,2.320519
5.0875,5.7763,0.61,28.89,29.89,27.9,79.11,2.03,344.2,100.87,29.07,24.89,26.89,4.3169,2.2428,10.21,2024-04-26,2.320519,2024,4,4,117,1,1.5115092,1.7032064,5.7559714,7.690936,1.3460877,28.73,82.12,5.65,1.73,5.1434,2.99022901058197,2.3971202124750244,5.118236695017133,2.4792442891952593,4.5414788041796,2.452650420610575,0,0.8807541159565813,2.078778
5.2886,5.6976,0.64,28.3,28.99,27.64,82.09,3.0,100.5,100.98,29.28,24.96,26.63,6.4255,1.2242,3.17,2024-04-27,2.078778,2024,4,5,118,1,2.320519,1.5115092,1.7032064,6.3331456,0.4457661,28.89,79.11,10.21,2.03,5.0875,1.8450781901677449,0.4227527760271201,4.351034249578204,2.379361210620102,4.611081038202558,2.367337660059475,0,0.9282153889356921,2.6507082
3.8302,5.7199,0.47,28.05,28.64,27.44,85.41,4.39,98.8,100.95,29.2,25.4,26.73,2.2774,2.153,2.8,2024-04-28,2.6507082,2024,4,6,119,1,2.078778,2.320519,1.5115092,6.006065,3.5816684,28.3,82.09,3.17,3.0,5.2886,1.970268726348877,0.41527690970851433,3.7432674510138377,2.3315544925105707,4.727724747998374,2.1790606323612396,0,0.6696270913827165,6.705534
4.5653,5.6765,0.56,28.4,29.21,27.66,82.96,4.43,74.8,100.89,28.94,25.23,26.82,5.4134,1.4218,18.09,2024-04-29,6.705534,2024,4,0,120,1,2.6507082,2.078778,2.320519,6.826823,4.0449777,28.05,85.41,2.8,4.39,3.8302,2.3500017325083413,0.2871026903359017,3.263930780547006,2.1245378346733315,4.6612275924001425,2.2303261998529798,0,0.8042455738571302,2.1999967
4.5346,5.6486,0.56,28.09,28.7,27.57,79.85,3.7,104.8,100.83,28.75,24.3,26.2,5.5639,1.2566,3.52,2024-04-30,2.1999967,2024,4,1,121,1,6.705534,2.6507082,2.078778,5.7559714,5.0344334,28.4,82.96,18.09,4.43,4.5653,3.811673402786255,2.5224190404973914,3.2466037443705966,2.090864830447602,4.851267329284123,2.286421921947975,0,0.802782990475516,3.996533
5.1799,5.6683,0.64,28.05,29.09,27.25,82.02,5.28,111.5,100.88,28.84,24.71,26.38,6.4349,1.2708,0.62,2024-05-01,3.996533,2024,5,2,122,0,2.1999967,6.705534,2.6507082,1.7032064,5.72685,28.09,79.85,3.52,3.7,4.5346,3.8520796298980713,2.4814182463396417,2.7386073555265154,1.7898944201662887,4.648807568209512,2.3920100077002693,1,0.9138366000388123,3.700478
4.8144,5.569,0.6,28.41,29.25,27.59,85.65,5.01,110.0,100.75,29.16,25.79,27.1,5.4958,1.4532,3.66,2024-05-02,3.700478,2024,5,3,123,0,3.996533,2.1999967,6.705534,1.5115092,7.573263,28.05,82.02,0.62,5.28,5.1799,4.300687869389852,2.268115782429366,3.06622542653765,1.7786379915422665,4.525213488510677,2.3766764789672723,0,0.8644999102172742,3.3511932
4.698,5.5154,0.59,28.37,29.14,27.79,81.3,3.77,94.6,100.58,29.19,24.86,26.62,5.3702,1.41,2.0,2024-05-03,3.3511932,2024,5,4,124,0,3.700478,3.996533,2.1999967,2.320519,7.690936,28.41,85.65,3.66,5.01,4.8144,3.2990025679270425,0.9632094913330512,3.3789352689470564,1.6473180389383033,4.248585981982095,2.214462026682898,0,0.8517967871777207,5.361045
3.1008,5.4415,0.39,27.9,28.77,27.13,84.7,6.35,141.1,100.5,28.67,25.11,26.51,1.4938,2.2243,18.62,2024-05-04,5.361045,2024,5,5,125,0,3.3511932,3.700478,3.996533,2.078778,6.3331456,28.37,81.3,2.0,3.77,4.698,3.682734727859497,0.3230355410291752,3.5261744431086948,1.5817031574508202,3.9386043463434492,1.987658960155291,0,0.5698428742074796,3.9043968
2.6417,5.4055,0.33,27.48,28.14,26.94,84.89,8.0,132.3,100.53,28.42,24.73,26.1,0.2945,1.9337,18.0,2024-05-05,3.9043968,2024,5,6,126,0,5.361045,3.3511932,3.700478,2.6507082,6.006065,27.9,84.7,18.62,6.35,3.1008,4.1375720500946045,1.0738548850313483,3.9950697081429616,1.5675598359414498,3.8691685795783997,1.9131580107498618,0,0.48870594764591624,3.7867203
2.5416,5.375,0.32,27.91,28.8,27.34,87.4,6.4,129.1,100.44,28.49,25.64,26.77,0.21,1.9229,19.63,2024-05-06,3.7867203,2024,5,0,127,0,3.9043968,5.361045,3.3511932,6.705534,6.826823,27.48,84.89,18.0,8.0,2.6417,4.205544948577881,1.03821656030648,4.174168075834002,1.4560130019549065,3.719049428190504,1.8123862511783093,0,0.47285581395348836,4.342965
3.4018,5.3743,0.43,27.19,28.25,25.83,87.0,6.16,143.1,100.5,28.15,24.86,26.03,1.2754,2.2766,18.52,2024-05-07,4.342965,2024,5,1,128,0,3.7867203,3.9043968,5.361045,2.1999967,5.7559714,27.91,87.4,19.63,6.4,2.5416,4.350720643997192,0.8769425531345942,3.757194689341954,0.9349757560215631,3.5018992168562755,1.5784079933983515,0,0.6329754572688536,4.2407036
3.7673,5.4468,0.48,25.92,26.65,25.24,80.18,6.49,183.0,100.59,27.59,22.25,24.08,3.5131,1.6354,1.5,2024-05-08,4.2407036,2024,5,2,129,0,4.342965,3.7867203,3.9043968,3.996533,1.7032064,27.19,87.0,18.52,6.16,3.4018,4.011360724767049,0.29314339266635997,4.063333034515381,0.6464382721859444,3.4009701950209483,1.464234383469346,0,0.6916538150840861,6.1662107
4.8972,5.6102,0.63,25.25,26.13,24.27,72.56,7.29,205.1,100.74,27.07,19.98,22.61,5.9695,1.3642,0.02,2024-05-09,6.1662107,2024,5,3,130,0,4.2407036,4.342965,3.7867203,3.700478,1.5115092,25.92,80.18,1.5,6.49,3.7673,4.123462994893392,0.2960761724879669,4.0982145581926614,0.6488163131568929,3.582219992365156,1.3932419240624074,1,0.8729100566824712,4.900912
5.1074,5.6765,0.66,24.96,26.13,23.75,67.55,5.96,176.5,100.94,26.79,18.55,21.76,6.1294,1.3778,0.01,2024-05-10,4.900912,2024,5,4,131,0,6.1662107,4.2407036,4.342965,3.3511932,2.320519,25.25,72.56,0.02,7.29,4.8972,4.916626453399658,1.0833789072725257,4.450462068830218,0.9811252911025601,3.914698668888637,1.4162837405731474,1,0.8997445609090109,8.135217
4.589,5.4838,0.6,25.31,26.22,24.59,71.26,7.6,140.7,101.16,26.88,19.75,22.53,4.5626,1.7587,0.15,2024-05-11,8.135217,2024,5,5,132,0,4.900912,6.1662107,4.2407036,5.361045,2.078778,24.96,67.55,0.01,5.96,5.1074,5.102608680725098,0.9784710466774269,4.6718504428863525,0.8589784858198998,4.099012442997524,1.3596317584603534,1,0.836828476603815,8.570609
3.7397,5.5099,0.49,25.67,26.73,24.56,68.3,7.94,119.7,101.24,26.8,19.4,22.54,1.3762,2.508,0.12,2024-05-12,8.570609,2024,5,6,133,0,8.135217,4.900912,6.1662107,3.9043968,2.6507082,25.31,71.26,0.15,7.6,4.589,6.400779724121094,1.629861663434927,5.068160704204014,1.5730834061044994,4.5316152061734885,1.608184510350462,1,0.6787237517922285,8.645884
3.87,5.3323,0.51,26.21,26.95,25.75,78.32,8.27,110.7,101.26,27.09,22.15,24.18,3.2246,2.5207,6.06,2024-05-13,8.645884,2024,5,0,134,0,8.570609,8.135217,4.900912,3.7867203,6.705534,25.67,68.3,0.12,7.94,3.7397,7.202245871225993,2.0048679467644885,5.734762464250837,1.9429291158388793,4.954465270042419,1.837510364686018,0,0.7257656170883109,8.489309
3.3403,5.1991,0.44,26.76,27.45,26.01,81.68,7.92,106.1,101.29,27.31,23.38,25.08,0.7154,2.3563,7.53,2024-05-14,8.489309,2024,5,1,135,0,8.645884,8.570609,8.135217,4.342965,2.1999967,26.21,78.32,6.06,8.27,3.87,8.450569788614908,0.2756850251844774,6.4289286477225165,1.9981880179556024,5.093061668532235,2.0415902233679475,0,0.6424765824854303,4.2847433
0.9158,5.0664,0.12,26.95,27.49,26.46,86.32,6.49,106.8,101.22,27.31,24.49,25.72,0.0593,0.7433,14.59,2024-05-15,4.2847433,2024,5,2,136,0,8.489309,8.645884,8.570609,4.2407036,3.996533,26.76,81.68,7.53,7.92,3.3403,8.56860065460205,0.07830644450661457,7.0212635312761575,1.8883163794827027,5.54229828289577,2.0479720178274072,0,0.18075951365861362,5.416055
3.8707,5.1739,0.51,27.14,28.04,26.63,88.28,4.18,87.1,101.04,27.56,25.04,26.09,3.7337,1.6764,21.28,2024-05-16,5.416055,2024,5,3,137,0,4.2847433,8.489309,8.645884,6.1662107,3.700478,26.95,86.32,14.59,6.49,0.9158,7.139978726704915,2.473945399898913,7.02755492074149,1.8775509190878519,5.5628847394670755,2.0326296482582324,0,0.7481203734127061,4.115435
4.8274,5.2037,0.65,27.37,28.37,26.42,85.08,4.8,64.1,100.82,27.76,24.64,26.01,5.7266,1.2742,1.38,2024-05-17,4.115435,2024,5,4,138,0,5.416055,4.2847433,8.489309,4.900912,3.3511932,27.14,88.28,21.28,4.18,3.8707,6.063369274139404,2.1757425046610965,6.92038985661098,1.9547298047482724,5.685425962720599,1.9622074333114352,0,0.9276860695274515,6.0872335
4.4722,5.1348,0.6,27.77,28.74,26.95,83.43,4.42,55.4,100.72,27.91,24.71,26.24,5.7811,1.243,4.0,2024-05-18,6.0872335,2024,5,5,139,0,4.115435,5.416055,4.2847433,8.135217,5.361045,27.37,85.08,1.38,4.8,4.8274,4.605411211649577,0.7071238048128505,6.808178901672363,2.106622574759668,5.740014672279358,1.9019800161309157,0,0.8709589467944223,4.3451037
4.6349,5.1175,0.62,27.83,28.76,27.14,86.89,4.69,74.9,100.75,27.98,25.46,26.65,5.5728,1.2578,2.24,2024-05-19,4.3451037,2024,5,6,140,0,6.0872335,4.115435,5.416055,8.570609,3.9043968,27.77,83.43,4.0,4.42,4.4722,5.206241289774577,1.002503696106189,6.515609877450125,2.03251520922711,5.79188529082707,1.900751647916873,0,0.9056961406936982,4.9701185
4.7042,5.0546,0.64,27.96,28.85,27.17,90.71,4.32,52.0,100.86,27.91,26.31,27.13,6.288,1.014,2.13,2024-05-20,4.9701185,2024,5,0,141,0,4.3451037,6.0872335,4.115435,8.645884,3.7867203,27.83,86.89,2.24,4.69,4.6349,4.849257469177246,1.0782511250588922,5.911966255732945,1.946110831681732,5.823364359991891,1.8704962248473258,0,0.9306770070826574,5.260425
5.0474,5.0873,0.69,27.95,29.06,27.08,89.66,3.15,53.9,100.96,28.31,26.1,27.02,7.0951,0.7939,0.42,2024-05-21,5.260425,2024,5,1,142,0,4.9701185,4.3451037,6.0872335,8.489309,4.342965,27.96,90.71,2.13,4.32,4.7042,5.134151935577393,0.8825725368411246,5.3868569646562845,1.5387591953082709,5.907892806189401,1.796661608731216,1,0.9921569398305584,3.9619224
3.2906,4.9675,0.45,27.53,28.19,26.89,86.01,2.98,90.9,100.98,28.19,24.99,26.26,3.4711,1.4311,12.22,2024-05-22,3.9619224,2024,5,2,143,0,5.260425,4.9701185,4.3451037,4.2847433,4.2407036,27.95,89.66,0.42,3.15,5.0474,4.858549118041992,0.4677489631400522,4.9255877903529575,0.7197301423302433,5.9734256608145575,1.7513511311520265,0,0.6624257674886763,3.2042565
2.8409,4.9829,0.39,26.91,27.66,26.29,83.08,3.78,100.6,100.95,27.85,23.82,25.36,2.1828,1.5787,5.91,2024-05-23,3.2042565,2024,5,3,144,0,3.9619224,5.260425,4.9701185,5.416055,6.1662107,27.53,86.01,12.22,2.98,3.2906,4.730822006861369,0.6815236031892498,4.879470518657139,0.775795351984139,5.953512719699314,1.7740060789558558,0,0.5701298440667082,3.107445
3.8364,4.9387,0.53,26.76,28.04,26.01,83.16,3.71,157.5,101.01,27.61,23.67,25.22,3.4289,1.6373,7.93,2024-05-24,3.107445,2024,5,4,145,0,3.2042565,3.9619224,5.260425,4.115435,4.900912,26.91,83.08,5.91,3.78,2.8409,4.14220134417216,1.039871460441358,4.563499280384609,0.9513765968842823,5.741944568497794,1.917506040329239,0,0.7768036122866341,3.1390996
2.844,4.9229,0.39,26.34,26.96,25.88,84.77,6.86,136.6,101.08,27.32,23.59,24.96,2.7739,1.6219,4.42,2024-05-25,3.1390996,2024,5,5,146,0,3.107445,3.2042565,3.9619224,6.0872335,8.135217,26.76,83.16,7.93,3.71,3.8364,3.4245413144429526,0.467896299759519,4.419500691550119,1.095816894187149,5.6138397966112406,2.0343640586137663,0,0.5777082613906437,5.316764
2.3508,4.902,0.33,25.97,26.81,25.48,85.77,7.03,132.2,101.08,27.17,23.42,24.69,2.508,1.2442,14.63,2024-05-26,5.316764,2024,5,6,147,0,3.1390996,3.107445,3.2042565,4.3451037,8.570609,26.34,84.77,4.42,6.86,2.844,3.1502670447031655,0.0493624566823658,3.9983386993408203,0.8964132346151468,5.256974288395473,1.995886890237521,0,0.47955936352509176,4.082487
2.0366,4.8096,0.28,26.48,27.26,25.74,87.76,4.64,117.2,100.97,27.32,24.31,25.4,1.5994,1.3505,12.65,2024-05-27,4.082487,2024,5,0,148,0,5.316764,3.1390996,3.107445,4.9701185,8.645884,25.97,85.77,14.63,7.03,2.3508,3.854436159133911,1.266511851939066,4.137147290366037,1.025058072016335,5.024556773049491,1.755288422071572,0,0.42344477711244183,4.123564
1.9846,4.8163,0.28,25.74,26.08,25.34,86.61,6.49,158.6,101.0,26.76,23.35,24.55,0.3725,1.4647,19.91,2024-05-28,4.123564,2024,5,1,149,0,4.082487,5.316764,3.1390996,5.260425,8.489309,26.48,87.76,12.65,4.64,2.0366,4.1794501940409345,1.092065386922408,4.010342802320208,0.9575189572215584,4.698599883488247,1.4234169026676222,0,0.4120590494778149,5.4824057
1.7722,4.7705,0.25,25.52,25.82,25.33,85.4,7.03,143.9,101.18,26.57,22.92,24.22,0.2602,1.3435,6.98,2024-05-29,5.4824057,2024,5,2,150,0,4.123564,4.082487,5.316764,3.9619224,4.2847433,25.74,86.61,19.91,6.49,1.9846,4.507604916890462,0.7010531300128893,3.8479340417044505,0.7923101603053491,4.386760916028704,0.9173239849747058,0,0.37149145791845717,5.285841
1.7177,4.7777,0.24,25.14,25.59,24.58,83.63,8.62,134.4,101.39,26.38,22.19,23.66,0.5009,1.2833,6.22,2024-05-30,5.285841,2024,5,3,151,0,5.4824057,4.123564,4.082487,3.2042565,5.416055,25.52,85.4,6.98,7.03,1.7722,4.562818845113118,0.7966503367768742,4.065145935331072,1.0078665111228136,4.472308226994106,0.9618434159687399,0,0.3595244573748875,9.994952
1.1081,4.7712,0.16,24.48,24.84,24.05,83.63,9.71,115.1,101.54,25.96,21.55,23.02,0.041,0.8798,41.33,2024-05-31,9.994952,2024,5,4,152,0,5.285841,5.4824057,4.123564,3.107445,4.115435,25.14,83.63,6.22,8.62,1.7177,4.963936805725098,0.7343905988106432,4.362515142985752,1.0185558532792356,4.463007211685181,0.9526005666390219,0,0.23224765258215962,11.02731
2.166,4.8329,0.31,25.3,26.13,24.62,78.82,9.81,108.9,101.47,26.09,21.37,23.34,0.4649,1.5665,4.12,2024-06-01,11.02731,2024,6,5,153,0,9.994952,5.285841,5.4824057,3.1390996,6.0872335,24.48,83.63,41.33,9.71,1.1081,6.9210662841796875,2.6638769479672226,5.346444743020194,2.221000529601006,4.882972717285156,1.7499282747804545,0,0.4481781125204328,12.365092
3.9127,4.9567,0.55,25.6,26.7,24.92,75.39,9.26,116.7,101.48,26.17,20.93,23.26,4.0747,1.6363,1.36,2024-06-02,12.365092,2024,6,6,154,0,11.02731,9.994952,5.285841,5.316764,4.3451037,25.3,78.82,4.12,9.81,2.166,8.769367853800455,3.060663394641037,6.473331996372768,2.8316013620297915,5.235835347856794,2.3917922011471635,0,0.7893759961264551,11.843006
4.0807,5.0431,0.58,25.28,26.09,24.56,70.16,7.78,114.1,101.38,25.88,19.46,22.37,3.491,2.0904,0.5,2024-06-03,11.843006,2024,6,0,155,0,12.365092,11.02731,9.994952,4.082487,4.9701185,25.6,75.39,1.36,9.26,3.9127,11.129118283589682,1.188345333995561,7.480236053466797,3.521031964665845,5.808691671916416,3.0357778062520655,1,0.8091649977196567,7.50029
3.5861,4.9778,0.51,25.53,26.71,24.66,66.61,5.46,102.3,101.27,25.82,18.87,22.2,3.7922,1.6032,0.61,2024-06-04,7.50029,2024,6,1,156,0,11.843006,12.365092,11.02731,4.123564,5.260425,25.28,70.16,0.5,7.78,4.0807,11.745136260986328,0.6742395650869794,8.588881628853935,3.494552817421319,6.299612215587071,3.421009904134072,1,0.720418658845273,5.648445
4.2785,4.9723,0.61,25.3,26.41,24.5,72.04,5.51,120.7,101.21,26.03,19.9,22.6,5.0158,1.4227,0.06,2024-06-05,5.648445,2024,6,2,157,0,7.50029,11.843006,12.365092,5.4824057,3.9619224,25.53,66.61,0.61,5.46,3.5861,10.569462776184082,2.6707695548300867,9.071271078927177,2.9689635563830397,6.459602560315814,3.421047683104845,1,0.8604669871085816,4.4741597
4.5082,4.9399,0.65,25.14,26.31,24.25,75.37,5.84,120.2,101.32,26.12,20.48,22.81,5.4638,1.2842,0.07,2024-06-06,4.4741597,2024,6,3,158,0,5.648445,7.50029,11.843006,5.285841,3.2042565,25.3,72.04,0.06,5.51,4.2785,8.330580393473307,3.1796514300389997,9.09499100276402,2.9359924970131734,6.580068469047546,3.3553949210292005,1,0.9126095669952834,7.232153
4.2646,4.9642,0.61,24.94,25.78,24.09,76.15,7.64,110.7,101.35,25.98,20.47,22.7,5.3182,1.4551,0.19,2024-06-07,7.232153,2024,6,4,159,0,4.4741597,5.648445,7.50029,9.994952,3.107445,25.14,75.37,0.07,5.84,4.5082,5.874298254648845,1.5256550139594285,8.97903653553554,3.1216622580064644,6.670775839260647,3.27327561018966,1,0.8590709479875911,6.9342933
4.1866,4.9378,0.6,25.56,26.65,24.87,75.41,6.65,108.5,101.42,26.14,20.88,23.22,4.8612,1.6949,1.39,2024-06-08,6.9342933,2024,6,5,160,0,7.232153,4.4741597,5.648445,11.02731,3.1390996,24.94,76.15,0.19,7.64,4.2646,5.784919261932373,1.3840522185957034,8.58435092653547,3.1463664775964086,6.965397834777832,3.109401621501428,0,0.8478674713435134,6.2816954
4.0872,4.9399,0.59,25.26,26.09,24.79,77.02,7.8,102.1,101.45,25.97,20.95,23.11,4.901,1.4695,1.42,2024-06-09,6.2816954,2024,6,6,161,0,6.9342933,7.232153,4.4741597,12.365092,5.316764,25.56,75.41,1.39,6.65,4.1866,6.213535308837891,1.513687775340328,7.999634197780064,2.9933012967326116,7.236483097076416,2.909143516489035,0,0.8273851697402782,6.8453403
4.2238,4.915,0.61,25.36,26.33,24.38,74.53,5.35,94.7,101.48,26.14,20.52,22.94,5.149,1.5185,0.14,2024-06-10,6.8453403,2024,6,0,162,0,6.2816954,6.9342933,7.232153,11.843006,4.082487,25.26,77.02,1.42,7.8,4.0872,6.816047191619873,0.48613681283904414,7.1305774961199075,2.3225843596899733,7.305406774793353,2.8713478354516897,1,0.8593692777212614,6.067026
4.1933,4.8682,0.61,25.92,27.17,24.77,75.79,4.78,60.2,101.25,26.34,21.32,23.62,4.7129,1.4273,0.36,2024-06-11,6.067026,2024,6,1,163,0,6.8453403,6.2816954,6.9342933,7.50029,4.123564,25.36,74.53,0.14,5.35,4.2238,6.687109629313151,0.3539049358117036,6.416625227246966,1.0545670809791294,7.5027534280504495,2.7239607657334948,1,0.8613655971406269,8.03989
3.4658,4.7244,0.5,26.11,27.04,25.36,84.0,4.24,44.2,100.99,26.7,23.2,24.66,2.4984,1.8401,0.98,2024-06-12,8.03989,2024,6,2,164,0,6.067026,6.8453403,6.2816954,5.648445,5.4824057,25.92,75.79,0.36,4.78,4.1933,6.398020585378011,0.4019849280480965,6.211873258863177,0.9422576746833263,7.641572168895176,2.5844521867779027,1,0.7335958005249344,2.920153
4.3351,4.7962,0.63,26.09,26.99,25.52,83.16,3.18,71.8,100.91,26.81,23.01,24.55,5.3899,1.3346,0.22,2024-06-13,2.920153,2024,6,3,165,0,8.03989,6.067026,6.8453403,4.4741597,5.285841,26.11,84.0,0.98,4.24,3.4658,6.984085559844971,0.9937232687872023,6.553508281707764,1.1205869546562366,7.824249642235892,2.5093911745186235,1,0.903861390267295,5.2846403
4.309,4.8012,0.63,26.74,28.3,25.54,85.77,2.22,21.7,100.83,27.21,24.16,25.45,5.7979,1.0574,1.01,2024-06-14,5.2846403,2024,6,4,166,0,2.920153,8.03989,6.067026,7.232153,9.994952,26.09,83.16,0.22,3.18,4.3351,5.675689776738484,2.582205614995809,6.331507308142526,1.6364025875616781,7.655271921839033,2.7605527682874453,0,0.8974839623427477,4.641937
2.4038,4.7218,0.35,26.24,27.15,25.38,86.3,4.12,135.8,101.07,26.99,23.78,25.01,1.2415,1.6085,1.67,2024-06-15,4.641937,2024,6,5,167,0,5.2846403,2.920153,8.03989,6.9342933,11.02731,26.74,85.77,1.01,2.22,4.309,5.414894501368205,2.5623528918847827,6.05329121862139,1.6232590252994858,7.31882107257843,2.740430519307034,0,0.5090855182345716,5.7526536
2.731,4.6358,0.4,26.61,27.4,25.76,86.15,3.16,78.6,101.22,26.83,24.11,25.37,0.8153,1.777,6.05,2024-06-16,5.7526536,2024,6,6,168,0,4.641937,5.2846403,2.920153,6.2816954,12.365092,26.24,86.3,1.67,4.12,2.4038,4.2822433312733965,1.2225934360180635,5.725811719894409,1.6469606433336195,6.862722958837237,2.6036945997732452,0,0.5891108330816688,5.9406915
3.2074,4.6349,0.47,26.21,26.63,25.78,89.79,4.56,73.6,101.11,26.71,24.42,25.31,1.7976,1.9471,3.35,2024-06-17,5.9406915,2024,6,0,169,0,5.7526536,4.641937,5.2846403,6.8453403,11.843006,26.61,86.15,6.05,3.16,2.731,5.2264102300008135,0.5576432733212784,5.6502343245915005,1.6292435066585074,6.390405910355704,2.0748114045972703,0,0.6920106151157522,2.581089
4.2996,4.6937,0.63,26.62,27.6,25.87,88.6,3.5,62.4,101.07,27.19,24.59,25.6,5.4809,1.0805,1.33,2024-06-18,2.581089,2024,6,1,170,0,5.9406915,5.7526536,4.641937,6.067026,7.50029,26.21,89.79,3.35,4.56,3.2074,5.445093949635823,0.701880075858549,5.5209987844739645,1.5527277517615563,5.968812005860465,1.357202006780908,0,0.9160363892025482,3.1065924
4.6529,4.7462,0.68,26.52,27.5,25.76,87.91,3.52,102.4,100.95,27.21,24.36,25.44,6.4745,0.9775,2.17,2024-06-19,3.1065924,2024,6,2,171,0,2.581089,5.9406915,5.7526536,8.03989,5.648445,26.62,88.6,1.33,3.5,4.2996,4.758144696553548,1.8877282975047398,5.023007767541068,1.8741548766203717,5.617440513202122,1.552881693694643,0,0.9803421684716194,2.2892408
4.4215,4.7028,0.64,26.33,27.1,25.28,86.24,3.23,134.8,100.91,27.37,23.86,25.09,5.9698,0.9924,2.07,2024-06-20,2.2892408,2024,6,3,172,0,3.1065924,2.581089,5.9406915,2.920153,4.4741597,26.52,87.91,2.17,3.52,4.6529,3.876124302546183,1.8071708967786444,4.3182509286063055,1.4241389937867919,5.435879605157035,1.6913953274987157,0,0.9401845708939356,5.0632634
3.3665,4.8096,0.49,25.23,26.16,23.9,81.9,7.39,156.3,101.08,26.46,21.9,23.56,3.5064,1.471,3.63,2024-06-21,5.0632634,2024,6,4,173,0,2.2892408,3.1065924,2.581089,5.2846403,7.232153,26.33,86.24,2.07,3.23,4.4215,2.6589740912119546,0.41420461665720004,4.228120633534023,1.542420760376775,5.2798139708382745,1.8775203705530437,0,0.6999542581503659,6.140013
3.791,4.9723,0.55,24.3,25.43,23.35,73.36,6.94,136.0,101.24,25.85,19.23,21.76,4.7244,1.4774,0.1,2024-06-22,6.140013,2024,6,5,174,0,5.0632634,2.2892408,3.1065924,4.641937,6.9342933,25.23,81.9,3.63,7.39,3.3665,3.486365556716919,1.4254722185440676,4.196495362690517,1.5192431966908437,5.124893290655954,1.7915471719364073,1,0.7624238280071597,6.15627
3.9324,4.8958,0.57,24.52,25.37,23.76,73.95,7.02,103.2,101.29,25.83,19.59,22.06,4.7155,1.4225,0.19,2024-06-23,6.15627,2024,6,6,175,0,6.140013,5.0632634,2.2892408,5.7526536,6.2816954,24.3,73.36,0.1,6.94,3.791,4.497505823771159,1.9867494110627948,4.410506282533918,1.6885318191503231,5.0681590012141635,1.7417235885812274,1,0.8032190857469667,11.957596
3.6756,4.824,0.54,25.22,26.2,24.19,75.4,5.67,80.1,101.4,26.09,20.58,22.9,3.8765,1.507,0.19,2024-06-24,11.957596,2024,6,0,176,0,6.15627,6.140013,5.0632634,5.9406915,6.8453403,24.52,73.95,0.19,7.02,3.9324,5.786515553792317,0.6264074646447023,4.46816577230181,1.7478509443460664,5.059200048446655,1.735312101920557,1,0.7619402985074627,5.819743
4.1429,4.7575,0.6,25.37,26.34,24.45,77.01,4.44,96.7,101.42,26.19,21.06,23.21,5.214,1.3903,0.32,2024-06-25,5.819743,2024,6,1,177,0,11.957596,6.15627,6.140013,2.581089,6.067026,25.22,75.4,0.19,5.67,3.6756,8.08462635676066,3.3540997970442032,5.32772353717259,3.3436818844756746,5.424361160823277,2.506572525278229,1,0.8708145034156595,5.1125684
4.2612,4.7873,0.62,24.97,26.32,24.11,80.68,4.81,123.5,101.34,26.19,21.43,23.2,5.4624,1.2271,0.65,2024-06-26,5.1125684,2024,6,2,178,0,5.819743,11.957596,6.15627,3.1065924,8.03989,25.37,77.01,0.32,4.44,4.1429,7.9778696695963545,3.4506488938820428,5.790388413837978,3.1166467526361763,5.406698090689523,2.5025635562628437,1,0.8901050696634846,6.001656
3.4406,4.7666,0.5,24.91,25.56,24.19,81.65,5.88,121.3,101.28,26.04,21.58,23.24,4.1561,1.2648,3.09,2024-06-27,6.001656,2024,6,3,179,0,5.1125684,5.819743,11.957596,2.2892408,2.920153,24.97,80.68,0.65,4.81,4.2612,7.629969120025635,3.7644772168427063,6.076956408364432,2.9144111018168184,5.197603668485369,2.385169580166361,0,0.7218142911089664,5.0385437
2.4953,4.7326,0.36,25.34,26.19,24.68,80.96,4.8,108.7,101.24,26.16,21.85,23.6,2.0182,1.5082,5.95,2024-06-28,5.0385437,2024,6,4,180,0,6.001656,5.1125684,5.819743,5.0632634,5.2846403,24.91,81.65,3.09,5.88,3.4406,5.644655863444011,0.46969234023337125,6.607301439557757,2.4032191033385155,5.41771103654589,2.2994798365196534,0,0.5272577441575456,5.2762914
3.0763,4.6474,0.45,25.56,26.39,24.87,83.03,3.43,129.2,101.2,26.33,22.47,24.01,3.2059,1.3241,6.93,2024-06-29,5.2762914,2024,6,5,181,0,5.0385437,6.001656,5.1125684,6.140013,4.641937,25.34,80.96,5.95,4.8,2.4953,5.384256045023601,0.5359636115146221,6.603770051683698,2.405882806838781,5.400132707187107,2.3015150833332942,0,0.6619400094676593,4.448218
3.6662,4.7462,0.53,24.85,25.78,24.25,84.17,7.9,140.1,101.25,26.05,22.0,23.42,3.2554,1.6757,4.46,2024-06-30,4.448218,2024,6,6,182,0,5.2762914,5.0385437,6.001656,6.15627,5.7526536,25.56,83.03,6.93,3.43,3.0763,5.438830375671387,0.501707631912225,6.480381216321673,2.455272832668437,5.445443749427795,2.291663221466131,0,0.772449538578231,5.0069532
4.381,4.9968,0.63,24.73,25.81,23.78,75.99,7.47,119.3,101.4,25.77,20.21,22.47,5.3638,1.4141,0.11,2024-07-01,5.0069532,2024,7,0,183,0,4.448218,5.2762914,5.0385437,11.957596,5.9406915,24.85,84.17,4.46,7.9,3.6662,4.921017646789551,0.4263633557209413,6.236373765128,2.574815541982991,5.352269768714905,2.3046926420134506,1,0.8767611271213577,7.467705
4.3056,4.8898,0.62,25.54,26.55,24.58,80.03,6.08,102.7,101.4,26.08,21.86,23.7,5.3225,1.2998,1.18,2024-07-02,7.467705,2024,7,1,184,0,5.0069532,4.448218,5.2762914,5.819743,2.581089,24.73,75.99,0.11,7.47,4.381,4.9104874928792315,0.4223809432282562,5.243424824305943,0.5252793266833193,5.285574180739267,2.299860086867136,0,0.8805268109125117,6.271094
2.7014,4.7657,0.39,25.79,26.72,25.13,83.49,6.7,98.1,101.36,26.21,22.79,24.29,1.6867,1.7098,3.17,2024-07-03,6.271094,2024,7,2,185,0,7.467705,5.0069532,4.448218,5.1125684,3.1065924,25.54,80.03,1.18,6.08,4.3056,5.6409586270650225,1.6064860456060728,5.478847912379673,0.9901868917405435,5.634618163108826,2.2275105725713975,0,0.5668422267452841,4.1496835
4.602,4.8238,0.66,25.98,26.83,25.31,83.23,5.59,94.6,101.16,26.3,22.91,24.44,5.9047,1.1638,0.08,2024-07-04,4.1496835,2024,7,3,186,0,6.271094,7.467705,5.0069532,6.001656,2.2892408,25.79,83.49,3.17,6.7,2.7014,6.248583952585856,1.2305301901500385,5.644351550510952,1.0152645981191941,5.860653979437692,2.108633170456778,1,0.9540196525560761,6.456105
4.5269,4.7854,0.65,26.44,27.5,25.5,83.05,3.91,49.8,100.93,26.63,23.32,24.88,5.8478,1.1155,0.7,2024-07-05,6.456105,2024,7,4,187,0,4.1496835,6.271094,7.467705,5.0385437,5.0632634,25.98,83.23,0.08,5.59,4.602,5.962827364603679,1.6803533854409485,5.3797840390886575,1.1402461425563006,5.993542739323208,1.9160764465073779,1,0.9459815271450663,6.290776
2.1194,4.7292,0.3,24.96,25.79,23.57,85.62,6.0,199.6,100.79,25.99,22.39,23.68,0.6226,1.5118,6.2,2024-07-06,6.290776,2024,7,5,188,0,6.456105,4.1496835,6.271094,5.2762914,6.140013,26.44,83.05,0.7,3.91,4.5269,5.625627517700195,1.2815480541556625,5.582292829241071,1.194146924633279,6.093031440462385,1.9001519929694084,0,0.4481519072993319,9.908589
2.4202,4.759,0.35,23.81,24.56,23.36,75.78,8.24,149.0,101.07,25.31,19.28,21.55,1.4393,1.4446,1.75,2024-07-07,9.908589,2024,7,6,189,0,6.290776,6.456105,4.1496835,4.448218,6.15627,24.96,85.62,6.2,6.0,2.1194,5.632188161214192,1.2865452050621693,5.72721917288644,1.212243577214842,6.103800194604056,1.9008658100754638,0,0.5085522168522798,7.677812
2.8541,4.8343,0.41,23.81,24.69,23.05,69.85,9.06,126.8,101.45,25.13,17.99,20.9,2.3069,1.5238,0.22,2024-07-08,7.677812,2024,7,0,190,0,9.908589,6.290776,6.456105,5.0069532,11.957596,23.81,75.78,1.75,8.24,2.4202,7.551823457082112,2.042692490097885,6.507272243499756,1.844172792154063,6.371823004313877,2.1562207166331713,1,0.5903853712016217,8.98018
3.2446,4.9051,0.46,24.26,24.95,23.37,72.41,9.12,112.0,101.48,25.21,19.0,21.63,2.5939,1.873,0.2,2024-07-09,8.98018,2024,7,1,191,0,7.677812,9.908589,6.290776,7.467705,5.819743,23.81,69.85,0.22,9.06,2.8541,7.959059079488118,1.8252311321431274,6.888823509216309,1.756225905447169,6.066124166761126,1.509894691312406,1,0.6614747915434955,9.421058
